athlete_id,exceptions,family_name,gender,given_name,name,npc,s,sb,sdms_id,season,season_label,sm,status
82bfc7c979b99ca6,"12, +",Parwani,M,Khan Agha,Khan Agha Parwani,AFG,S7,SB6,33729,S26,Summer Season 2026,SM7,C
75b23f3a38e53a43,"3, 4",Acevedo Silva,F,Samara Guadalupe,Samara Guadalupe Acevedo Silva,ARG,S10,SB9,56929,S26,Summer Season 2026,SM10,C
419fbad33d82d7a7,-,Alonso,F,Milagros,Milagros Alonso,ARG,S14,SB14,30123,S26,Summer Season 2026,SM14,C
57548ce3ec117ac4,"1, 2, 4",Aragon Diani,F,Maria Jazmin,Maria Jazmin Aragon Diani,ARG,S8,SB8,41367,S26,Summer Season 2026,SM8,C
a001618ec2650b62,H,Araya,M,Elian,Elian Araya,ARG,S14,SB14,19086,S26,Summer Season 2026,SM14,C
bcd5a0d46239f238,"A, 12, +",Arevalo,M,German,German Arevalo,ARG,S6,SB5,32484,S26,Summer Season 2026,SM6,C
136822b49d522fd8,"A, 12",Arregui,M,Facundo Jose,Facundo Jose Arregui,ARG,S7,SB6,19275,S26,Summer Season 2026,SM7,C
636b202e51edaa5e,"T, B",Baez,F,Nadia,Nadia Baez,ARG,S11,SB11,6532,S26,Summer Season 2026,SM11,C
46ab5d64e37f1564,"12, +",Basiloff,M,Inaki,Inaki Basiloff,ARG,S7,SB6,23588,S26,Summer Season 2026,SM7,C
45eef9da4cc62085,"1, 3, 5",Bentancor,F,Shamira Luana,Shamira Luana Bentancor,ARG,S9,SB8,56930,S26,Summer Season 2026,SM9,R-2026
9b2973712a9ab35f,"12, +",Burgos Pierantoni,M,Bautista Tiziano,Bautista Tiziano Burgos Pierantoni,ARG,S9,SB8,67039,S26,Summer Season 2026,SM9,R-2027
b563a6cabf3819df,"A, 12, +",Carlomagno,M,Pipo,Pipo Carlomagno,ARG,S8,SB7,15219,S26,Summer Season 2026,SM8,R-2027
ac979deb49850b62,-,Colacray,M,Lucas Emanuel,Lucas Emanuel Colacray,ARG,S5,SB5,41368,S26,Summer Season 2026,SM5,N
4234427f15fcc613,"3, 5",Cordoba,M,Lautaro,Lautaro Cordoba,ARG,S8,SB7,56931,S26,Summer Season 2026,SM8,C
8902ce6ce801e20f,8,Costa,M,Bautista,Bautista Costa,ARG,S10,SB9,56932,S26,Summer Season 2026,SM10,R-2026
db31d1a3c76e671b,12,de Andrade,M,Matias,Matias de Andrade,ARG,S6,SB5,7455,S26,Summer Season 2026,SM6,C
90ee2543e40575d0,-,Deroy,F,Amira Yesmin,Amira Yesmin Deroy,ARG,S9,SB8,69051,S26,Summer Season 2026,SM9,N
06492bec157a1870,A,Di Toro,M,Lorenzo,Lorenzo Di Toro,ARG,S8,SB7,56975,S26,Summer Season 2026,SM8,R
5bf5eb915258cc95,"12, +",Escala Ochoa,M,Santino,Santino Escala Ochoa,ARG,S7,SB7,67024,S26,Summer Season 2026,SM7,R-2027
b9d6a22a78fffba8,"1, 2, 4, 12, +",Esci,M,Pablo,Pablo Esci,ARG,S6,SB5,30583,S26,Summer Season 2026,SM6,R-2022
58b2f9d03299cb41,"3, 5, 12, +",Fangio,M,Tomas Santiago,Tomas Santiago Fangio,ARG,S8,SB7,67417,S26,Summer Season 2026,SM8,R-2027
234d73277db148b8,-,Ferreira,M,Paul Gabriel,Paul Gabriel Ferreira,ARG,S14,SB14,67035,S26,Summer Season 2026,SM14,R
29d266cbad78ef0e,12,Ferreiro,M,Leandro Michel,Leandro Michel Ferreiro,ARG,S6,SB5,52130,S26,Summer Season 2026,SM6,C
b78850f28779abc5,"A, 12",Forlano,F,Tiziana,Tiziana Forlano,ARG,S6,SB5,56934,S26,Summer Season 2026,SM6,R-2029
67a9909d282847cd,"A, 3, 5, 12",Gomez,M,Franco Sebastian,Franco Sebastian Gomez,ARG,S4,SB3,30884,S26,Summer Season 2026,SM4,C
a1666da665204032,"1, 2, 4",Gomez,F,Rocio Daiana,Rocio Daiana Gomez,ARG,S8,SB8,56935,S26,Summer Season 2026,SM8,C
758e78198789e916,T,Herrero,F,Manuela,Manuela Herrero,ARG,S12,SB12,66993,S26,Summer Season 2026,SM12,R-2027
d04fd2962ad73c34,"3, 5, 12, +",Ibarra,F,Paula,Paula Ibarra,ARG,S10,SB9,56937,S26,Summer Season 2026,SM10,C
a9508ebeab901960,"A, 12",Insaurralde,M,Santino Ananias,Santino Ananias Insaurralde,ARG,S5,SB4,66992,S26,Summer Season 2026,SM5,R
568ae851a721537a,-,Ledesma,M,Jose Valentin,Jose Valentin Ledesma,ARG,S8,SB8,69053,S26,Summer Season 2026,SM8,N
011eb8113da05c7b,"1, 3, 5",Leguiza,M,Lucas,Lucas Leguiza,ARG,S9,SB8,56938,S26,Summer Season 2026,SM9,R-2026
25081095b6127e17,"3, 5",Leiva,M,Joaquin,Joaquin Leiva,ARG,S9,SB9,61983,S26,Summer Season 2026,SM9,R-2026
c5d18fcf0920027d,"3, 5, 12, +",Lombardi,M,Mariano Jorge,Mariano Jorge Lombardi,ARG,S9,SB9,56939,S26,Summer Season 2026,SM9,C
4f385f25edcc99f8,"1, 3, 5",Lopez,F,Thiara,Thiara Lopez,ARG,S9,SB9,67295,S26,Summer Season 2026,SM9,R-2029
864dd6205c9750dd,H,Maidana Cancinos,M,Lautaro Daniel,Lautaro Daniel Maidana Cancinos,ARG,S14,SB14,30122,S26,Summer Season 2026,SM14,C
38ea2fe74fd44b88,-,Mantz,M,Inti Niyen,Inti Niyen Mantz,ARG,S14,SB14,67316,S26,Summer Season 2026,SM14,R
e73f24088bbba1be,T,Medina,M,Franco Samuel,Franco Samuel Medina,ARG,S12,SB12,20317,S26,Summer Season 2026,SM12,R-2023
68ca6957989fc42f,"T, B",Medina,M,Mario,Mario Medina,ARG,S11,SB11,27078,S26,Summer Season 2026,SM11,C
96e3d7e7d6340b6c,5,Nieto,M,Nicolas Matias,Nicolas Matias Nieto,ARG,S10,NE,30121,S26,Summer Season 2026,NE,C
633b14663436bc63,"A, 3, 5, 12",Noriega,F,Elizabeth,Elizabeth Noriega,ARG,S5,SB5,20596,S26,Summer Season 2026,SM5,C
f83926bd048c4078,-,Nunez,M,Lautaro Ezequiel,Lautaro Ezequiel Nunez,ARG,S14,SB14,67036,S26,Summer Season 2026,SM14,R
576abf23fd5fa719,"1, 3, 5",Orellana,F,Dahiana,Dahiana Orellana,ARG,S9,SB9,61984,S26,Summer Season 2026,SM9,R-2027
d851b322052c683d,"T, B",Pellitero,F,Analuz,Analuz Pellitero,ARG,S11,SB11,20144,S26,Summer Season 2026,SM11,R-2027
ce9f19dbd9d64cbb,"T, B",Piazza,M,Gabriel,Gabriel Piazza,ARG,S11,SB11,56940,S26,Summer Season 2026,SM11,R-2027
3800815752c9598e,"A, 3, 5, 12",Ricci,M,Nicolas Carlos,Nicolas Carlos Ricci,ARG,S4,SB3,30626,S26,Summer Season 2026,SM4,R-2029
c38275e92a6fe6cf,"A, 12",Rivero,M,Nicolas,Nicolas Rivero,ARG,S5,SB4,30592,S26,Summer Season 2026,SM5,C
59907fce23355815,5,Roisman Pechersky,F,Alma,Alma Roisman Pechersky,ARG,S10,NE,67023,S26,Summer Season 2026,NE,C
6bb294702fad869a,-,Roldan,F,Ludmila Belen,Ludmila Belen Roldan,ARG,S4,SB4,56942,S26,Summer Season 2026,SM4,N
5f304d52acac3b99,-,Scalise,M,Bautista,Bautista Scalise,ARG,S14,SB14,32483,S26,Summer Season 2026,SM14,R
a2de11007f76ddd6,"3, 5",Senestro,M,Santiago Gabriel,Santiago Gabriel Senestro,ARG,S10,SB9,41369,S26,Summer Season 2026,SM10,C
d71f318e039673c8,"T, B",Turanzas,F,Mia Isabella,Mia Isabella Turanzas,ARG,S11,SB11,66994,S26,Summer Season 2026,SM11,R-2029
ddc592c5d446bfc4,"1, 3, 5",Vives,M,Mateo,Mateo Vives,ARG,S9,SB9,56944,S26,Summer Season 2026,SM9,R-2026
c53222698812b114,"A, Y, 12",Zambrana,M,Jonathan Hernan,Jonathan Hernan Zambrana,ARG,S5,SB4,66991,S26,Summer Season 2026,SM5,R-2027
96ab0a4218fbb6f1,"T, B",Zayas,M,Sergio,Sergio Zayas,ARG,S11,SB11,6708,S26,Summer Season 2026,SM11,C
83e76762957041eb,"A, Y, E, 7",Mikayelyan,M,Garik,Garik Mikayelyan,ARM,S5,SB6,60275,S26,Summer Season 2026,SM5,C
ec8279b41f709d8b,0,Alford,M,Joshua,Joshua Alford,AUS,S14,SB14,22327,S26,Summer Season 2026,SM14,C
eae5c5d3382101cf,-,Andronicus,M,Nathan,Nathan Andronicus,AUS,S14,SB14,68516,S26,Summer Season 2026,SM14,N
a2359a06968c2055,"1, 3, 5",Arkansoul,M,Noah,Noah Arkansoul,AUS,S9,SB9,47027,S26,Summer Season 2026,SM9,R-2021
3b67da1135a2847a,"A, 3, 5, 12, +",Arnison,F,McKinley,McKinley Arnison,AUS,S10,SB9,44425,S26,Summer Season 2026,SM10,R-2029
c9474c8f26364352,-,Atkinson,F,Montana,Montana Atkinson,AUS,S14,SB14,59709,S26,Summer Season 2026,SM14,R-2028
3a4bd82f1604d156,"12, +",Aungles,M,Jesse,Jesse Aungles,AUS,S8,SB7,15325,S26,Summer Season 2026,SM8,C
b908e648dba59346,"3, 5",Beecroft,F,Emily,Emily Beecroft,AUS,S9,SB9,21817,S26,Summer Season 2026,SM9,C
b2c3074cd286f1ab,8,Belando Nicholson,F,Victoria,Victoria Belando Nicholson,AUS,S9,SB9,58852,S26,Summer Season 2026,SM9,R-2028
6b0f6428c196953b,-,Bellion,M,Lockie,Lockie Bellion,AUS,S14,SB14,68592,S26,Summer Season 2026,SM14,N
dc6ee6bd1b3eaaf5,"A, 1, 3, 4, 12, +",Berryman,F,Jordan,Jordan Berryman,AUS,S7,SB9,60264,S26,Summer Season 2026,SM8,R-2028
87c971c9a502cba5,0,Betar,M,Ricky,Ricky Betar,AUS,S14,SB14,40730,S26,Summer Season 2026,SM14,C
096c30d38b13816a,9,Bishop,M,Lewis,Lewis Bishop,AUS,S9,SB8,50215,S26,Summer Season 2026,SM9,C
4cf0134b2e1c8ace,-,Blockey,M,Ethan,Ethan Blockey,AUS,S14,SB14,68153,S26,Summer Season 2026,SM14,R-2028
f8ba18e09e37e5ce,-,Braithwaite,F,Flora,Flora Braithwaite,AUS,S10,SB9,68514,S26,Summer Season 2026,SM10,N
e71f5a71ecbc00c5,-,Bright-Taylor,F,Lily,Lily Bright-Taylor,AUS,NE,NE,68222,S26,Summer Season 2026,NE,C
1a7ba29db2cf5301,"3, 5, 12, +",Brimelow,F,Grace,Grace Brimelow,AUS,S9,SB9,56161,S26,Summer Season 2026,SM9,R-2029
18e21b14fd486c1a,-,Bruzzese,F,Stephanie,Stephanie Bruzzese,AUS,S14,SB14,59955,S26,Summer Season 2026,SM14,R-2027
6f198a1a14752b9c,-,Budd,M,Declan,Declan Budd,AUS,S14,SB14,59710,S26,Summer Season 2026,SM14,C
7a18e08630141741,"12, +",Campbell,F,Millicent,Millicent Campbell,AUS,S9,SB9,59954,S26,Summer Season 2026,SM9,R-2029
47dfb97781a75dc3,-,Clare,M,Eddie,Eddie Clare,AUS,S6,SB6,68636,S26,Summer Season 2026,SM6,N
868f5196496d483c,"3, 5, 12, +",Crothers,M,Rowan,Rowan Crothers,AUS,S10,SB9,15328,S26,Summer Season 2026,SM10,C
e2221b2a98105eab,-,Davis,F,Airlie,Airlie Davis,AUS,S14,SB14,59750,S26,Summer Season 2026,SM14,C
fb3e578bd6a862de,-,Dyer,M,Jarred,Jarred Dyer,AUS,S14,SB14,43685,S26,Summer Season 2026,SM14,C
fc0de66399d82742,-,Farlow,M,Lachlan,Lachlan Farlow,AUS,S8,SB8,68518,S26,Summer Season 2026,SM8,N
18852a63af7ce80b,0,Fawer,F,Michelle,Michelle Fawer,AUS,S10,SB9,68198,S26,Summer Season 2026,SM10,R
395237fb6cf8c90e,-,Finlay,F,Phoebe,Phoebe Finlay,AUS,S12,SB12,68560,S26,Summer Season 2026,SM12,N
bd8fe7bd62b02397,-,Fosberg,M,Cyrus,Cyrus Fosberg,AUS,S10,SB9,68666,S26,Summer Season 2026,SM10,N
8fe06904730c4724,"1, 3, 5",Fullgrabe,F,Jasmin,Jasmin Fullgrabe,AUS,S9,SB9,56127,S26,Summer Season 2026,SM9,C
6f601ea1a44260f4,"3, 5, 12, +",Gallagher,M,Thomas,Thomas Gallagher,AUS,S10,SB9,50681,S26,Summer Season 2026,SM10,C
45ea60517a3b5a04,-,Gibson,M,Knox,Knox Gibson,AUS,S9,SB9,68517,S26,Summer Season 2026,SM9,N
cf37f406346d79a5,"3, 4, 12, +",Gillespie,F,Alyssa,Alyssa Gillespie,AUS,S9,SB8,68148,S26,Summer Season 2026,SM9,R-2029
4ea8fae5874ac143,-,Giraud,F,Emmeline,Emmeline Giraud,AUS,S10,SB9,68512,S26,Summer Season 2026,SM10,N
e4725565aec5351c,-,Gould,F,Lilly-Anne,Lilly-Anne Gould,AUS,S14,SB14,68205,S26,Summer Season 2026,SM14,R-2028
5d7ae0ade948e01a,-,Gould,M,Samuel,Samuel Gould,AUS,S14,SB14,59749,S26,Summer Season 2026,SM14,C
d493abb171665f12,"A, 3, 5, 12, +",Greenwood,F,Jasmine,Jasmine Greenwood,AUS,S10,SB9,33503,S26,Summer Season 2026,SM10,R-2029
e473598da11edb6d,-,Griffin,F,Molly,Molly Griffin,AUS,S7,SB6,68558,S26,Summer Season 2026,SM7,N
eb24c15e449fe3c5,"H, 9",Hall,M,Brenden,Brenden Hall,AUS,S9,SB8,5577,S26,Summer Season 2026,SM9,C
824434a82f6a203f,"A, 3, 5, 12, +",Halliday,F,Ruby,Ruby Halliday,AUS,S8,SB8,52443,S26,Summer Season 2026,SM8,R-2023
5e984ee49b9a1747,-,Hance,M,Benjamin,Benjamin Hance,AUS,S14,SB14,50121,S26,Summer Season 2026,SM14,C
ba546f11a61b672a,-,Hancock,F,Sahrah,Sahrah Hancock,AUS,S6,SB6,68561,S26,Summer Season 2026,SM6,N
c105728d1e393ad4,-,Hayes,F,Caitlyn,Caitlyn Hayes,AUS,S9,SB9,68511,S26,Summer Season 2026,SM9,N
c50cd8ddb4b06f20,0,Hayes,F,Kirralee,Kirralee Hayes,AUS,S13,SB13,41172,S26,Summer Season 2026,SM13,R-2030
abb197b067c997e4,"A, 12, +",Hinchey,M,Eden,Eden Hinchey,AUS,S9,SB8,68197,S26,Summer Season 2026,SM9,R-2028
1219b6b347b6374e,-,Hinds,F,Maddison,Maddison Hinds,AUS,S14,SB14,57800,S26,Summer Season 2026,SM14,C
e6283c604486614b,"3, 5, 12, +",Hodge,M,Timothy,Timothy Hodge,AUS,S9,SB8,21814,S26,Summer Season 2026,SM9,C
23681a60c4472253,T,Hogan,F,Mia,Mia Hogan,AUS,S13,SB13,62859,S26,Summer Season 2026,SM13,R-2029
8960d177b367d0f3,-,Holder,M,Luke,Luke Holder,AUS,NE,NE,68151,S26,Summer Season 2026,NE,C
9396ba5684ed5097,0,Ireland,M,Jack,Jack Ireland,AUS,S14,SB14,32676,S26,Summer Season 2026,SM14,C
2ec25fb14e89d4ff,-,Jessen,F,Krystal,Krystal Jessen,AUS,S14,SB14,68152,S26,Summer Season 2026,SM14,R-2028
3aca817b1a4d88a7,T,Jones,F,Jenna,Jenna Jones,AUS,S12,SB12,26219,S26,Summer Season 2026,SM12,R-2028
7a865f0391d7785d,"1, 3, 5",Keenan,M,Hamish,Hamish Keenan,AUS,S9,SB9,62885,S26,Summer Season 2026,SM9,R-2027
81bb53899419e895,"A, Y, E, 3, 12, +",Kelly,M,Ahmed,Ahmed Kelly,AUS,S3,SB3,10815,S26,Summer Season 2026,SM3,C
e1e080b29ee280a3,-,Kerr,M,Eli,Eli Kerr,AUS,S9,SB9,68568,S26,Summer Season 2026,SM9,N
b5fa455ef81ee09f,"A, 1, 3, 4, 5, 12, +",Leary,F,Alexa,Alexa Leary,AUS,S10,SB7,54889,S26,Summer Season 2026,SM9,R
301ccb69dba9bb58,0,Leonhardt,F,Paige,Paige Leonhardt,AUS,S14,SB14,24373,S26,Summer Season 2026,SM14,C
57a3edd156e84d20,0,Lucy,F,Jade,Jade Lucy,AUS,S14,SB14,29010,S26,Summer Season 2026,SM14,C
a43b7e5d798d95b0,-,Martin,M,Oliver,Oliver Martin,AUS,S8,SB8,68559,S26,Summer Season 2026,SM8,N
887c2ce4e377534c,"3, 5, 12, +",Martin,M,William,William Martin,AUS,S10,SB9,41218,S26,Summer Season 2026,SM10,R-2029
5744f1b456d3d5bc,"12, +",Matthews,M,Beau,Beau Matthews,AUS,S10,SB9,60198,S26,Summer Season 2026,SM10,R-2028
989df51b1d188d01,-,McAuliffe,F,Chloe,Chloe McAuliffe,AUS,S10,SB9,68557,S26,Summer Season 2026,SM10,N
0a62da173cc521c1,0,McTernan,F,Madeleine,Madeleine McTernan,AUS,S14,SB14,36596,S26,Summer Season 2026,SM14,C
fba363ad7f5892b6,0,Michel,M,Jake,Jake Michel,AUS,S14,SB14,36255,S26,Summer Season 2026,SM14,C
aba39c6d61c12c7b,-,Moloney,F,Annabelle,Annabelle Moloney,AUS,S10,SB9,68510,S26,Summer Season 2026,SM10,N
a0b467fb6d171fe3,"A, 3, 5, 12, +",Moore,M,Riley,Riley Moore,AUS,S10,SB9,54898,S26,Summer Season 2026,SM10,R-2027
b1495676d14b373d,T,Murphy,M,Kieran,Kieran Murphy,AUS,S12,SB12,7000,S26,Summer Season 2026,SM12,R-2030
24b6341b6c502cc4,-,Nicholls,M,Kaleb,Kaleb Nicholls,AUS,S14,SB14,68567,S26,Summer Season 2026,SM14,N
71c293c17b712c70,-,O'Brien,M,Patrick,Patrick O'Brien,AUS,S14,SB14,68593,S26,Summer Season 2026,SM14,N
7b75aba1fe0b2b51,"A, 12",Osborn,F,Chloe,Chloe Osborn,AUS,S7,SB6,56669,S26,Summer Season 2026,SM7,C
80d783412972a4fe,"*, A, E, 7, 12",Overton,F,Esther,Esther Overton,AUS,S1,SB1,3444,S26,Summer Season 2026,SM1,R
8a459e69323c23aa,"A, Y, 7, 12, +",Patterson,M,Grant,Grant Patterson,AUS,S3,SB2,8331,S26,Summer Season 2026,SM3,C
a0b0c3074ec8a99d,"A, 3, 5, 12, +",Patterson,F,Lakeisha,Lakeisha Patterson,AUS,S9,SB8,21818,S26,Summer Season 2026,SM9,C
09d9220b752c7ecb,9,Pearse,M,Col,Col Pearse,AUS,S10,SB9,41126,S26,Summer Season 2026,SM10,C
f36574c486647458,9,Pratt,F,Emilee,Emilee Pratt,AUS,S9,SB8,68185,S26,Summer Season 2026,SM9,R-2028
e84cb2b6633c2862,-,Pratt,F,Samantha,Samantha Pratt,AUS,S10,SB9,68186,S26,Summer Season 2026,SM10,N
6964205120c670b2,-,Pritchard,F,Isabelle,Isabelle Pritchard,AUS,S7,SB6,68684,S26,Summer Season 2026,SM7,N
560b363c7250fcc5,9,Rigby,M,Daniel,Daniel Rigby,AUS,S9,SB9,62963,S26,Summer Season 2026,SM9,C
23d8acbc2848e4e4,-,Rush,M,George,George Rush,AUS,S9,SB8,68590,S26,Summer Season 2026,SM9,N
f3ed096c3ea8b80a,-,Sachdeva,M,Siddhant,Siddhant Sachdeva,AUS,S7,SB7,68632,S26,Summer Season 2026,SM7,N
210e8c5836a25755,"12, +",Saffy,M,Alex,Alex Saffy,AUS,S10,SB9,51270,S26,Summer Season 2026,SM10,R-2027
335e6b23f36f2e58,"1, 3, 5",Sellick,F,Gemma,Gemma Sellick,AUS,S9,SB8,59921,S26,Summer Season 2026,SM9,R-2028
9f8820568b10eb1c,"A, 3, 5, 12, +",Simpson,M,Callum,Callum Simpson,AUS,S8,SB8,59116,S26,Summer Season 2026,SM8,R-2027
6ed405c9ee3205ac,-,Sisman,M,Darren,Darren Sisman,AUS,S14,SB14,57722,S26,Summer Season 2026,SM14,C
1364169fef7e074c,-,Smith,M,Sebastian,Sebastian Smith,AUS,S8,SB8,68564,S26,Summer Season 2026,SM8,N
fe33ae73cd81da5f,-,Spencer,M,Trae,Trae Spencer,AUS,S9,SB9,68566,S26,Summer Season 2026,SM9,N
c9ce46a03dfc5dda,"12, +",Springett-Kelly,F,Amelie,Amelie Springett-Kelly,AUS,S6,SB6,59065,S26,Summer Season 2026,SM6,R-2026
9c36759d0c32f64f,-,Stegeman,M,Thomas,Thomas Stegeman,AUS,NE,NE,68188,S26,Summer Season 2026,NE,C
e032da93b3db9d28,"3, 5",Stephens,F,Keira,Keira Stephens,AUS,S10,SB9,33520,S26,Summer Season 2026,SM10,C
653158398a11f3c3,-,Stewart,M,Bailey,Bailey Stewart,AUS,S14,SB14,43686,S26,Summer Season 2026,SM14,C
5b5ed5b80226e2b2,-,Stobie,F,Laura,Laura Stobie,AUS,S7,SB6,68633,S26,Summer Season 2026,SM7,N
a39e97a26e67bbbb,0,Storm,F,Ruby,Ruby Storm,AUS,S14,SB14,40729,S26,Summer Season 2026,SM14,C
86ab21b13037bfba,-,Su,M,Riley,Riley Su,AUS,S14,SB14,68204,S26,Summer Season 2026,SM14,R-2028
184ba5cad3a3baa7,-,Thompson,F,Kael,Kael Thompson,AUS,S14,SB14,57721,S26,Summer Season 2026,SM14,C
5b687008b39a2318,"12, +",Togher,M,Liam,Liam Togher,AUS,S9,SB8,66930,S26,Summer Season 2026,SM9,R-2028
2398858b7e646630,"3, 5, 12, +",Tuckfield,M,Alexander,Alexander Tuckfield,AUS,S10,SB9,44422,S26,Summer Season 2026,SM10,C
7583fb318ab00aba,9,Vig,M,Harrison,Harrison Vig,AUS,S9,SB8,41128,S26,Summer Season 2026,SM9,C
1f875ef9b3502467,-,Wallace,F,Sarah,Sarah Wallace,AUS,S7,SB7,68569,S26,Summer Season 2026,SM7,N
dc128762768f16e6,"A, 2, 4, 12, +",Warn,F,Holly,Holly Warn,AUS,S8,SB7,58826,S26,Summer Season 2026,SM8,R-2026
3dbfd88dc100ee59,-,Warwick,F,Keira,Keira Warwick,AUS,S6,SB6,68665,S26,Summer Season 2026,SM6,N
09b05ef35c87b093,"A, Y, E, 3, 5, 12",Watson,F,Rachael,Rachael Watson,AUS,CNC,CNC,30721,S26,Summer Season 2026,CNC,R
30681f9a03c04b2d,"A, 12, +",Willett,F,Emily,Emily Willett,AUS,CNC,,59931,S26,Summer Season 2026,,
2e8a2217100eaf9b,"3, 5, 12, +",Wilson,F,Poppy,Poppy Wilson,AUS,S10,SB9,44426,S26,Summer Season 2026,SM10,R-2029
5e4e89222564318c,-,Younes,F,Yasmine-Bella,Yasmine-Bella Younes,AUS,S14,SB14,59748,S26,Summer Season 2026,SM14,R-2025
68a765052c9efbf4,-,Youssef,F,Meray,Meray Youssef,AUS,S7,SB7,68563,S26,Summer Season 2026,SM7,N
4b336fa9036d56e1,"T, B",Angerer,F,Angelika,Angelika Angerer,AUT,S11,SB11,69084,S26,Summer Season 2026,SM11,C
df87981e99296449,"T, B",Angerer,F,Daniela,Daniela Angerer,AUT,S11,SB11,69085,S26,Summer Season 2026,SM11,C
77bb5692f1999e37,-,Baumegger,F,Sarah-Maria,Sarah-Maria Baumegger,AUT,S14,SB14,65396,S26,Summer Season 2026,SM14,C
299cdb00d12dca4e,"A, 3, 5, 12",Ernhofer,M,Andreas,Andreas Ernhofer,AUT,S4,SB3,36274,S26,Summer Season 2026,SM4,C
53b71738f540fde2,-,Falk,F,Janina,Janina Falk,AUT,S14,SB14,30381,S26,Summer Season 2026,SM14,C
c216cc6553cd0711,"1, 2, 4",Onea,M,Andreas,Andreas Onea,AUT,S8,SB8,5338,S26,Summer Season 2026,SM8,C
cdcf516ff904ffdd,"A, 3, 5, 12",Premstaller,F,Carina,Carina Premstaller,AUT,S3,SB2,69570,S26,Summer Season 2026,SM3,R-2029
ba81b8829063f70b,-,Schumacher,M,Jakob,Jakob Schumacher,AUT,S14,SB14,55869,S26,Summer Season 2026,SM14,C
b40c8d8aee8d7bae,"H, A, 12",Weber-Treiber,F,Sabine,Sabine Weber-Treiber,AUT,S7,SB6,14637,S26,Summer Season 2026,SM7,C
f72f855d02ff38be,8,Mammadov,M,Murad,Murad Mammadov,AZE,S10,SB9,63129,S26,Summer Season 2026,SM10,R-2028
ef9b0475d5f31b15,-,Mammadov,M,Salim,Salim Mammadov,AZE,NE,NE,68691,S26,Summer Season 2026,NE,C
223a4d75cf6eeb80,"A, 12",Nazarov,M,Abuzar,Abuzar Nazarov,AZE,S6,SB5,63127,S26,Summer Season 2026,SM6,R-2029
b7fb9ba5e4c4e8de,0,Salei,M,Raman,Raman Salei,AZE,S12,SB12,11300,S26,Summer Season 2026,SM12,R-2029
4be94f769b302aee,"A, E, 3, 12",Suleymanova,F,Konul,Konul Suleymanova,AZE,S4,SB3,36081,S26,Summer Season 2026,SM4,R-2027
4229ba99af4e6733,8,Valiyev,M,Ali,Ali Valiyev,AZE,S10,SB9,52450,S26,Summer Season 2026,SM10,R-2027
22e8e73f1606c113,-,Akter,F,Sumaiya,Sumaiya Akter,BAN,S8,SB8,68129,S26,Summer Season 2026,SM8,N
7bdda734ed9ec81b,-,Alam,M,Md Nabi,Md Nabi Alam,BAN,S10,SB9,70819,S26,Summer Season 2026,SM10,N
e2db545cd9a61dbf,-,Karmokar,M,Pollob,Pollob Karmokar,BAN,S7,SB7,61223,S26,Summer Season 2026,SM7,N
41fda2ce331bd29f,-,Shahidulla,M,Md,Md Shahidulla,BAN,S6,SB6,68121,S26,Summer Season 2026,SM6,N
3924ddbbd36d1440,-,Sohel,M,Md,Md Sohel,BAN,S7,SB7,61245,S26,Summer Season 2026,SM7,N
cb7e5237b868769b,9,Boyce-Vaughan,M,Antwahn,Antwahn Boyce-Vaughan,BAR,S9,SB8,49312,S26,Summer Season 2026,SM9,C
c3708b87b831d71f,"A, 12",Aliakhnovich,M,Anatoli,Anatoli Aliakhnovich,BLR,S7,SB6,62171,S26,Summer Season 2026,SM7,R-2026
ced4973bd41d42ea,-,Babrova,F,Sofiya,Sofiya Babrova,BLR,S7,SB7,59820,S26,Summer Season 2026,SM7,N
cfaf91deb3cde7e0,-,Hulevich,F,Aryna,Aryna Hulevich,BLR,S6,SB6,50353,S26,Summer Season 2026,SM6,N
a3d5064afc90fb2e,-,Izotau,M,Uladzimir,Uladzimir Izotau,BLR,S12,SB12,6967,S26,Summer Season 2026,SM12,R-2029
1296474f54f8d5b3,-,Kananovich,M,Tsimur,Tsimur Kananovich,BLR,S10,SB9,66451,S26,Summer Season 2026,SM10,N
42fedfa4338cf4b8,-,Kavalionak,M,Yauheni,Yauheni Kavalionak,BLR,S12,SB12,59569,S26,Summer Season 2026,SM12,R-2028
ea3672460e481fd9,-,Kazlova,F,Aliaksandra,Aliaksandra Kazlova,BLR,NE,NE,59443,S26,Summer Season 2026,NE,C
dc5adf7900bbe8f8,"A, Y, E, 7",Prazdnova,F,Sofiya,Sofiya Prazdnova,BLR,S1,N/A,66608,S26,Summer Season 2026,N/A,R
aea04608400ef669,-,Rasolka,F,Nastassia,Nastassia Rasolka,BLR,S13,SB13,44655,S26,Summer Season 2026,SM13,R-2026
51ea3a692ce8678f,0,Salei,M,Dzmitry,Dzmitry Salei,BLR,S12,SB12,7020,S26,Summer Season 2026,SM12,R-2026
4239d6dd0d035e2a,"12, +",Shchalkanau,M,Yahor,Yahor Shchalkanau,BLR,S9,SB9,26226,S26,Summer Season 2026,SM9,C
733d02047d548b7a,"12, +",Sheshka,F,Darya,Darya Sheshka,BLR,S10,SB9,62172,S26,Summer Season 2026,SM10,R-2027
5598a8b271804ba2,0,Sotnikau,M,Uladzimir,Uladzimir Sotnikau,BLR,S13,SB13,36584,S26,Summer Season 2026,SM13,R-2026
da93123fba08593f,"1, 3, 5",Tsikhanionak,M,Dzmitry,Dzmitry Tsikhanionak,BLR,S9,SB9,52779,S26,Summer Season 2026,SM9,R-2028
33f6ebbb8f2c357d,0,Vashkevich,M,Maksim,Maksim Vashkevich,BLR,S12,SB12,22687,S26,Summer Season 2026,SM12,R-2029
1ce93fc9a8dd03ee,"3, 5",Yeshchyk,F,Krystsina,Krystsina Yeshchyk,BLR,S10,SB9,50199,S26,Summer Season 2026,SM10,R-2028
9d4954686304b483,-,Zudzilava,F,Anastasiya,Anastasiya Zudzilava,BLR,S13,SB13,26348,S26,Summer Season 2026,SM13,R-2028
c1cd04a8211b6f04,"A, 1, 2, 4, 12, +",Berteloot,M,Jan,Jan Berteloot,BEL,S8,SB8,35787,S26,Summer Season 2026,SM8,R-2031
605024ce8296d4a4,"12, +",De Jaeger,M,Anton,Anton De Jaeger,BEL,S9,SB8,59972,S26,Summer Season 2026,SM9,C
1efc003558415d5a,"3, 5, 9",de Visser,M,Sam,Sam de Visser,BEL,S9,SB8,32441,S26,Summer Season 2026,SM9,C
43d886dfa94f6538,9,Delrue,M,Remi,Remi Delrue,BEL,S9,SB8,56188,S26,Summer Season 2026,SM9,C
c17d99736611ea37,"12, +",Maes,M,Jordy,Jordy Maes,BEL,S8,SB7,56187,S26,Summer Season 2026,SM8,R-2027
ffc8465144a72551,0,Parmentier,M,Aymeric,Aymeric Parmentier,BEL,S14,SB14,17604,S26,Summer Season 2026,SM14,C
50f5659da9a606e0,T,Somei,M,Thibaut,Thibaut Somei,BEL,S12,SB12,59888,S26,Summer Season 2026,SM12,R-2028
682bc4413dc995a5,-,Vermaut,F,Celine,Celine Vermaut,BEL,S14,SB14,56228,S26,Summer Season 2026,SM14,R-2025
e85697a0d38e37a6,-,Velarde Alarcon,M,Denys Jhoel,Denys Jhoel Velarde Alarcon,BOL,S6,SB5,68702,S26,Summer Season 2026,SM6,N
9a411e5b8fa3bebb,"A, E, 7, 12",Barlov,M,Ismail,Ismail Barlov,BIH,S3,SB2,56100,S26,Summer Season 2026,SM3,R-2026
f4831dbeb3d0aab4,"A, 3, 5, 12, +",Omerbasic,M,Alisan,Alisan Omerbasic,BIH,S9,SB8,65601,S26,Summer Season 2026,SM9,R-2028
3138ddcf5dba1367,"3, 5, 12, +",Puric,F,Selma,Selma Puric,BIH,S6,SB5,63328,S26,Summer Season 2026,SM6,R-2027
19e1b244efe4fe84,-,Sabanovic,F,Kanita,Kanita Sabanovic,BIH,S7,SB7,60248,S26,Summer Season 2026,SM7,N
db9fdc18cd589eae,"A, Y, 7",Zulfic,M,Ismail,Ismail Zulfic,BIH,S5,SB5,56099,S26,Summer Season 2026,SM5,R-2027
b3c734684338236b,12,Alcalde Rodriguez,M,Roberto,Roberto Alcalde Rodriguez,BRA,S6,SB5,4186,S26,Summer Season 2026,SM6,C
c4cdbb2507ad0b1b,-,Antonio Rodrigues,M,Luiz Fernando,Luiz Fernando Antonio Rodrigues,BRA,S5,SB4,68606,S26,Summer Season 2026,SM5,N
34e93ff0b2571d17,-,Araujo Cafaro,F,Emanuella,Emanuella Araujo Cafaro,BRA,S9,SB8,56762,S26,Summer Season 2026,SM9,N
bfcb12d9b64abd6b,"A, E",Araujo de Alme,M,Anderson Felipe,Anderson Felipe Araujo de Alme,BRA,S3,N/A,62739,S26,Summer Season 2026,N/A,R-2029
9ba53b86a26e83cf,-,Ariodante de Oliveira Souza,F,Stephanie,Stephanie Ariodante de Oliveira Souza,BRA,S14,SB14,32584,S26,Summer Season 2026,SM14,C
4c08801040b8c797,-,Bandeira,M,Gabriel,Gabriel Bandeira,BRA,S14,SB14,49489,S26,Summer Season 2026,SM14,C
d83ea23222582c0d,"A, 3, 12",Basilio,M,Alan Kleber,Alan Kleber Basilio,BRA,S4,SB4,42964,S26,Summer Season 2026,SM4,R
a67b27bd1fee999e,0,Batista Silva,M,Guilherme,Guilherme Batista Silva,BRA,S13,SB13,18586,S26,Summer Season 2026,SM13,R-2029
648c873213e370cb,"A, Y, 1, 2, 4, 12",Becker Da Silva,M,Bruno,Bruno Becker Da Silva,BRA,S2,SB1,29315,S26,Summer Season 2026,SM2,C
c954b88f877cf39a,"T, B",Belarmino Pereira,M,Wendell,Wendell Belarmino Pereira,BRA,S11,SB11,30746,S26,Summer Season 2026,SM11,R-2027
220b8bb85c62b32f,-,Bento Da Silva Filho,M,Andre Luiz,Andre Luiz Bento Da Silva Filho,BRA,S14,SB14,33309,S26,Summer Season 2026,SM14,C
d366d514f0a7ae08,-,Borges Carneiro,F,Beatriz,Beatriz Borges Carneiro,BRA,S14,SB14,28115,S26,Summer Season 2026,SM14,C
f0690d9e1ce86350,-,Borges Carneiro,F,Debora,Debora Borges Carneiro,BRA,S14,SB14,28114,S26,Summer Season 2026,SM14,C
7d94f2b1943115ac,T,Braga Da Costa,M,Breno,Breno Braga Da Costa,BRA,S12,SB12,56110,S26,Summer Season 2026,SM12,R-2028
81dccef6d92f8464,"1, 3, 5",Brambilla,M,Matheus Junio,Matheus Junio Brambilla,BRA,S7,SB7,59911,S26,Summer Season 2026,SM7,R-2027
7e978e8dff68dc88,-,Brutos de Oliveira,M,Joao Pedro,Joao Pedro Brutos de Oliveira,BRA,S14,SB14,50832,S26,Summer Season 2026,SM14,C
a8b86a196e12ea57,"3, 5, 12, +",Caetano Nascimento,M,Henrique,Henrique Caetano Nascimento,BRA,S10,SB9,33297,S26,Summer Season 2026,SM10,R-2020
ad3cac391c4a917d,"A, 3, 5, 12",Cordeiro Da Silva,M,Ronystony,Ronystony Cordeiro Da Silva,BRA,S4,SB3,14554,S26,Summer Season 2026,SM4,C
d61a0a7ed6c869d2,"A, 12",Cruz de Andrade,F,Pamella Cristina,Pamella Cristina Cruz de Andrade,BRA,S7,SB6,16225,S26,Summer Season 2026,SM7,C
3b270a505fa68aa3,"T, B",Cunha Pimenta Junior,M,Elcio,Elcio Cunha Pimenta Junior,BRA,S11,SB11,32562,S26,Summer Season 2026,SM11,C
30943c528bce1bf6,"3, 5, 12, +",Da Rocha,F,Jenifer,Jenifer Da Rocha,BRA,S7,SB7,32577,S26,Summer Season 2026,SM7,C
24598a20d5f243eb,"A, E",Da Silva,M,Jose Ronaldo,Jose Ronaldo Da Silva,BRA,S1,N/A,49492,S26,Summer Season 2026,N/A,C
dbf1490e440a9361,"A, Y, E, 7",Da Silva de Oliveira,M,Samuel,Samuel Da Silva de Oliveira,BRA,S5,SB6,49513,S26,Summer Season 2026,SM5,C
1c93a2d3e68812d6,"T, B",Da Silva Nascimento,M,Gabriel Luan,Gabriel Luan Da Silva Nascimento,BRA,S11,SB11,32560,S26,Summer Season 2026,SM11,R-2021
eb7ebf8c60b356b3,"1, 2, 4",Da Silva Ribeiro,F,Vitoria Caroline,Vitoria Caroline Da Silva Ribeiro,BRA,S8,SB8,30701,S26,Summer Season 2026,SM8,C
3290a28caa3ba812,T,Da Silva Sousa,F,Lucilene,Lucilene Da Silva Sousa,BRA,S12,SB12,32586,S26,Summer Season 2026,SM12,R-2027
a4920835a7287fd5,-,de Araujo Flausino,F,Beatriz,Beatriz de Araujo Flausino,BRA,S14,SB14,63944,S26,Summer Season 2026,SM14,C
c592e70fcbf65290,"Y, E, 7",de Oliveira Ferreira,M,Tiago,Tiago de Oliveira Ferreira,BRA,S5,SB6,49512,S26,Summer Season 2026,SM5,C
e4565549f6fe1354,"12, +",Do Amaral Petzold,F,Mayara,Mayara Do Amaral Petzold,BRA,S6,SB6,32564,S26,Summer Season 2026,SM6,C
eec999f667f008be,9,dos Santos Almeida,M,Victor,Victor dos Santos Almeida,BRA,S9,SB9,56111,S26,Summer Season 2026,SM9,R-2027
8c6803372eb1ade3,"A, Y, E, 7, 12",dos Santos Araujo,M,Gabriel Geraldo,Gabriel Geraldo dos Santos Araujo,BRA,S2,SB2,41242,S26,Summer Season 2026,SM2,C
ae764d8d9b003a68,"A, 1, 2, 4, 12, +",Garrido Ramos,F,Evellyn,Evellyn Garrido Ramos,BRA,S6,SB6,52900,S26,Summer Season 2026,SM6,R-2025
b16c1e69f88a5488,"A, 1, 3, 4, 8",Glock,M,Talisson Henrique,Talisson Henrique Glock,BRA,S6,SB6,9079,S26,Summer Season 2026,SM6,C
5deff3bf127bd7ae,T,Gomes Santiago Araujo,F,Maria Carolina,Maria Carolina Gomes Santiago Araujo,BRA,S12,SB12,41237,S26,Summer Season 2026,SM12,R-2027
c70e795090005458,"A, 3, 5, 12, +",Jeronimo de Araujo,F,Cecilia Kethlen,Cecilia Kethlen Jeronimo de Araujo,BRA,S8,SB8,21394,S26,Summer Season 2026,SM8,R-2027
7b20b9b3cde19ca3,"A, 12",Lorenzo de Jesus,M,Isaac,Isaac Lorenzo de Jesus,BRA,S7,SB6,41244,S26,Summer Season 2026,SM7,R-2024
7fa709f3a3478faf,T,Matera,M,Douglas,Douglas Matera,BRA,S12,SB12,36660,S26,Summer Season 2026,SM12,R-2030
ee45c7864b323463,"12, +",Melo Rodrigues,M,Phelipe Andrews,Phelipe Andrews Melo Rodrigues,BRA,S10,SB9,6421,S26,Summer Season 2026,SM10,C
c13b44324b76c9c4,"1, 2, 4, 8",Melone de Oliveira,M,Gabriel,Gabriel Melone de Oliveira,BRA,S6,SB5,32590,S26,Summer Season 2026,SM6,C
f811479b818b2f23,"3, 5",Mozela,M,Lucas Lamente,Lucas Lamente Mozela,BRA,S9,SB9,16985,S26,Summer Season 2026,SM9,C
d07325757e7c6571,T,Mulling,F,Leticia,Leticia Mulling,BRA,S12,SB12,60974,S26,Summer Season 2026,SM12,R-2027
180275ca6db0a5e9,"A, E",Nogueira Garcia,F,Edenia,Edenia Nogueira Garcia,BRA,S3,N/A,3563,S26,Summer Season 2026,N/A,R-2028
e0be1b64e7edd47d,"A, Y, E, 1, 3, 5, 12, +",Oliveira dos Santos,F,Alessandra,Alessandra Oliveira dos Santos,BRA,S6,SB4,58611,S26,Summer Season 2026,SM6,R-2027
e196e484aba782cc,-,Oliveira Martins Branco,M,Kaio Adriano,Kaio Adriano Oliveira Martins Branco,BRA,S14,SB14,41245,S26,Summer Season 2026,SM14,R-2024
e1249f222ae4c5c5,"T, B",Perdigao Maia,M,Jose Luiz,Jose Luiz Perdigao Maia,BRA,S11,SB11,21399,S26,Summer Season 2026,SM11,C
6188b554de889671,"A, Y, E, 3, 5, 12",Pereira Barreto,F,Maiara Regina,Maiara Regina Pereira Barreto,BRA,S3,SB3,30730,S26,Summer Season 2026,SM3,C
2a541f14fb8e86ef,"A, 3, 5, 12",Pereira dos Santos,F,Patricia,Patricia Pereira dos Santos,BRA,S4,SB3,16392,S26,Summer Season 2026,SM4,C
c82b1a44335e1063,"A, 12, +",Pinto Viana dos Santos,M,Victor Manoel,Victor Manoel Pinto Viana dos Santos,BRA,S7,SB6,41250,S26,Summer Season 2026,SM7,R-2025
493346a6b4edb704,-,Rafael Martins,M,Enzo,Enzo Rafael Martins,BRA,S10,SB9,66983,S26,Summer Season 2026,SM10,N
fba25cba666f4761,"T, B",Rheine Correa de Souza,M,Matheus,Matheus Rheine Correa de Souza,BRA,S11,SB11,11607,S26,Summer Season 2026,SM11,C
07342e33b4f25324,"A, 3, 5, 12, +",Ribeiro,F,Mariana,Mariana Ribeiro,BRA,S10,SB9,27816,S26,Summer Season 2026,SM10,R-2029
146b65c8b1482efa,8,Ribeiro Woyczak Madeira,M,Andrey,Andrey Ribeiro Woyczak Madeira,BRA,S9,SB8,41239,S26,Summer Season 2026,SM9,C
234829a3e515b472,"T, B",Rocha Matera,M,Thomaz,Thomaz Rocha Matera,BRA,S11,SB11,30782,S26,Summer Season 2026,SM11,R-2030
5b4f6ae2553fe15e,"A, 12, +",Rodrigues,F,Esthefany,Esthefany Rodrigues,BRA,S5,SB5,20288,S26,Summer Season 2026,SM5,C
349086915180f490,9,Rodrigues Ferreira Cruz,F,Camille,Camille Rodrigues Ferreira Cruz,BRA,S9,SB8,11605,S26,Summer Season 2026,SM9,C
cde0f41441dd5691,"A, Y, E, 7, 12, +",Rodrigues Santos,M,Miguel,Miguel Rodrigues Santos,BRA,S1,SB1,62736,S26,Summer Season 2026,SM1,R
1d01de8011222ce1,-,Sanches Silva Ghelere,F,Laura,Laura Sanches Silva Ghelere,BRA,S14,SB14,59606,S26,Summer Season 2026,SM14,R
a67caf6593c8f5ce,"1, 2, 4",Silva de Souza,M,Gabriel Cristiano,Gabriel Cristiano Silva de Souza,BRA,S8,SB8,21395,S26,Summer Season 2026,SM8,C
ed6c1b9f3f8236f4,"A, Y, E, 3, 5, 12, +",Silva Ribeiro,F,Mariane,Mariane Silva Ribeiro,BRA,S4,SB3,68611,S26,Summer Season 2026,SM4,R-2028
d8586879c233209b,-,Soares de Oliveira,F,Ana Karolina,Ana Karolina Soares de Oliveira,BRA,S14,SB14,36686,S26,Summer Season 2026,SM14,C
29e423ff21ef5d57,"A, 12",Suzigan Abate,F,Laila,Laila Suzigan Abate,BRA,S6,SB5,30712,S26,Summer Season 2026,SM6,R-2027
9169be094e4e19d4,-,Teotonio de Oliveira,M,Arthur,Arthur Teotonio de Oliveira,BRA,NE,NE,63621,S26,Summer Season 2026,NE,R
66d30c4fa080c9b9,"A, 12, +",Texeira Dias,F,Camila Emanuelly,Camila Emanuelly Texeira Dias,BRA,S8,SB7,56776,S26,Summer Season 2026,SM8,R-2028
7c52888675d9e352,"A, Y, E, 3, 5, 12",Vieira Da Cruz,F,Lidia,Lidia Vieira Da Cruz,BRA,S4,SB3,49493,S26,Summer Season 2026,SM4,R-2027
29d0b4aa2e942577,T,Viel,F,Raquel,Raquel Viel,BRA,S12,SB12,9096,S26,Summer Season 2026,SM12,R-2027
a476fbf0a4a4fe1d,"A, 12",Xavier Mendes,M,Daniel,Daniel Xavier Mendes,BRA,S7,SB6,52903,S26,Summer Season 2026,SM7,R-2027
edfdfb9ae3d18008,-,Xavier Ribeiro,M,Arthur,Arthur Xavier Ribeiro,BRA,S14,SB14,59609,S26,Summer Season 2026,SM14,C
f497ddee940b34a4,9,Stoyanova,F,Kalina,Kalina Stoyanova,BUL,S10,SB9,63198,S26,Summer Season 2026,SM10,R-2030
01c9d06af9620608,-,Khun,F,Vin,Vin Khun,CAM,S5,SB4,69506,S26,Summer Season 2026,SM5,N
4b272d4c1f5e4b1f,-,Thoung,M,Yasophea,Yasophea Thoung,CAM,S5,SB4,69505,S26,Summer Season 2026,SM5,N
0ef85d2fdee81614,"12, +",Yav,M,Vannak,Vannak Yav,CAM,S10,SB9,40274,S26,Summer Season 2026,SM10,R-2020
3a14816db5f7f4dc,-,Bouck Laka,M,Prince Djidda,Prince Djidda Bouck Laka,CMR,S3,,68906,S26,Summer Season 2026,,
a4d149f3edb01f79,0,Arndt,M,Caleb,Caleb Arndt,CAN,S13,SB13,41313,S26,Summer Season 2026,SM13,R-2027
92ef61e99e96732f,"3, 5, 12, +",Asala,F,Tianna,Tianna Asala,CAN,S10,SB9,63184,S26,Summer Season 2026,SM10,R-2028
06e3e179e2e12650,0,Bennett,M,Nicholas,Nicholas Bennett,CAN,S14,SB14,40632,S26,Summer Season 2026,SM14,C
88c1ea0d0f03f7cb,-,Bissett,M,Connor Scott,Connor Scott Bissett,CAN,S14,SB14,33153,S26,Summer Season 2026,SM14,C
44ef0d039c5d794c,"A, 12",Brayshaw,M,Jacob,Jacob Brayshaw,CAN,S3,SB3,42781,S26,Summer Season 2026,SM3,R-2026
dc18978843098df1,-,Brisson,F,Anne-Frederique,Anne-Frederique Brisson,CAN,S8,SB7,49254,S26,Summer Season 2026,SM8,N
17f9346995e684bb,"H, A, 3, 5, 12",Burns,F,Hannah,Hannah Burns,CAN,S5,SB4,55513,S26,Summer Season 2026,SM5,R-2028
3a999130c37539b3,"A, 12, +",Calhoun,F,Meghan,Meghan Calhoun,CAN,NE,SB9,50461,S26,Summer Season 2026,NE,C
adefef0cbb7a0d95,-,Canney,M,Jesse,Jesse Canney,CAN,S14,SB14,27660,S26,Summer Season 2026,SM14,C
8dd6c03ddbc39b1f,-,Chambers,M,Cameron,Cameron Chambers,CAN,S14,SB14,64270,S26,Summer Season 2026,SM14,C
f0c140c16d9218d8,"12, +",Cosgriffe,F,Katie,Katie Cosgriffe,CAN,S10,SB9,55514,S26,Summer Season 2026,SM10,R-2027
bc5f84f43b8db408,-,Davis,F,McKenna,McKenna Davis,CAN,S10,SB9,66599,S26,Summer Season 2026,SM10,N
6dbfcc804e0f5ae6,"1, 3, 5",Diehl,F,Ali,Ali Diehl,CAN,S9,SB9,55751,S26,Summer Season 2026,SM9,R-2027
97220f84ea4d6ff6,"A, Y, E, 3, 5",Dorris,F,Danielle,Danielle Dorris,CAN,S7,SB7,29547,S26,Summer Season 2026,SM7,C
d8d0da2fcad1b9cc,"3, 5, 12, +",Elliot,M,Alexander,Alexander Elliot,CAN,S10,SB9,22551,S26,Summer Season 2026,SM10,C
01289dd4c25814e7,-,Fricano,M,Antonio,Antonio Fricano,CAN,S14,SB14,59608,S26,Summer Season 2026,SM14,R-2026
03a03455d522d9b3,"A, 3, 5, 12, +",Giammichele,M,Charlie,Charlie Giammichele,CAN,S8,SB8,55811,S26,Summer Season 2026,SM8,R-2026
3216162bcc0358fa,"12, +",Gill,M,Jack,Jack Gill,CAN,S10,SB9,52309,S26,Summer Season 2026,SM10,C
17ac79ed7e64261b,-,Gillis,M,John,John Gillis,CAN,S9,SB9,66606,S26,Summer Season 2026,SM9,N
7a63e5551b91ddf1,"A, 12, +",Gobeil,F,Alisson,Alisson Gobeil,CAN,S7,SB6,58308,S26,Summer Season 2026,SM7,R-2029
a06f1b160ee40b01,"T, B",Helberg,M,Hunter,Hunter Helberg,CAN,S11,SB11,49914,S26,Summer Season 2026,SM11,R-2030
665614e38fe3fa8f,-,Henault,F,Miori,Miori Henault,CAN,S14,SB14,33152,S26,Summer Season 2026,SM14,C
c49816bfb7003904,"1, 3, 5",Hunsicker,F,Arianna,Arianna Hunsicker,CAN,S10,SB9,40587,S26,Summer Season 2026,SM10,C
69974cf8ebe9c88a,"A, 1, 2, 4, 12, +",Jacob,M,Tyson,Tyson Jacob,CAN,S6,SB6,49052,S26,Summer Season 2026,SM6,R-2027
f5960dc1bb697908,"3, 5, 12, +",Jibb,F,Mary,Mary Jibb,CAN,S10,SB9,60627,S26,Summer Season 2026,SM10,R-2029
53a6066857441eb9,-,Lavitt,F,Maxine,Maxine Lavitt,CAN,S13,SB13,63622,S26,Summer Season 2026,SM13,N
350930744e2a289b,"A, 12, +",Lepage,F,Lysandre,Lysandre Lepage,CAN,S8,SB7,58328,S26,Summer Season 2026,SM8,R-2026
4e9c019c189cf4a5,8,Leroux,M,James,James Leroux,CAN,NE,SB9,24032,S26,Summer Season 2026,NE,C
d39672fc80c6dc77,"3, 5",Lu,M,Fernando,Fernando Lu,CAN,S10,SB9,58720,S26,Summer Season 2026,SM10,R-2027
e66bcdd4abe0e439,5,Maclellan,F,Veronica,Veronica Maclellan,CAN,S10,NE,66681,S26,Summer Season 2026,NE,C
8c857b5924d37f97,"A, 1, 2, 4, 12, +",Massabie,M,Sebastian,Sebastian Massabie,CAN,S5,SB5,55694,S26,Summer Season 2026,SM5,R-2027
7d0314285f82e578,"A, 9",Maxwell,M,Reid,Reid Maxwell,CAN,S8,SB8,55516,S26,Summer Season 2026,SM8,C
54c7808149f2ed06,"A, 3, 5, 12, +",Nault,F,Tatiana,Tatiana Nault,CAN,S9,SB8,49242,S26,Summer Season 2026,SM9,R-2027
5b7fa6dc244726a2,"A, E, 3, 4, 12, +",Newkirk,F,Shelby,Shelby Newkirk,CAN,S7,SB5,26758,S26,Summer Season 2026,SM7,R-2028
637e3f4bca1d9ec2,"12, +",Pan,M,Roy,Roy Pan,CAN,S6,SB6,67086,S26,Summer Season 2026,SM6,R-2027
f93047491b5ed84d,"A, Y, 7, 12, +",Pare,F,Clemence,Clemence Pare,CAN,S5,SB5,42779,S26,Summer Season 2026,SM5,C
808da9e98131f0e3,-,Pelletier,F,Florence,Florence Pelletier,CAN,S10,SB9,66601,S26,Summer Season 2026,SM10,N
9314d54988f6ebc0,"3, 5",Rivard,F,Aurelie,Aurelie Rivard,CAN,S10,SB9,7807,S26,Summer Season 2026,SM10,C
1163763219f84c6b,"12, +",Routliffe,F,Tess,Tess Routliffe,CAN,S7,SB7,22532,S26,Summer Season 2026,SM7,C
22369b2dda305c6a,H,Sheppit-Edwards,F,Melinda,Melinda Sheppit-Edwards,CAN,S14,SB14,62937,S26,Summer Season 2026,SM14,R-2026
2b98c27aa91dcb72,T,Smyth,F,Alyssa,Alyssa Smyth,CAN,S13,SB13,66563,S26,Summer Season 2026,SM13,R-2027
f2518e36a1f62f7a,T,St-Germain,M,Antoine,Antoine St-Germain,CAN,S12,SB12,59782,S26,Summer Season 2026,SM12,R-2027
027621b9e906679e,"A, 1, 3, 4, 12",Stevens,F,Ruby,Ruby Stevens,CAN,S6,SB5,58313,S26,Summer Season 2026,SM6,R-2027
7dbf73323f0d66ab,"3, 5, 12, +",Stroud,M,Ken,Ken Stroud,CAN,S10,SB9,58472,S26,Summer Season 2026,SM10,R-2029
e24778fda4724bb4,"A, E, 3, 4, 12",Tinney,F,Jessica,Jessica Tinney,CAN,S5,SB5,7808,S26,Summer Season 2026,SM5,R-2028
81fbf7a20453c623,"A, 3, 5, 12, +",Tripp,F,Abi,Abi Tripp,CAN,S8,SB7,24072,S26,Summer Season 2026,SM8,R-2027
44e19d55360b56e1,-,Tucker,F,Ella,Ella Tucker,CAN,S5,SB5,62636,S26,Summer Season 2026,SM5,N
7d4dd4b03e2cd80c,"A, 1, 2, 4, 12, +",Tucker,F,Jordan,Jordan Tucker,CAN,S4,SB3,49131,S26,Summer Season 2026,SM4,R-2029
2f503994bad491a9,T,Turbide,M,Nicolas Guy,Nicolas Guy Turbide,CAN,S12,SB12,15207,S26,Summer Season 2026,SM12,R-2030
470e36364d8613d4,-,Van Dyk,F,Emma,Emma Van Dyk,CAN,S14,SB14,42782,S26,Summer Season 2026,SM14,C
f4bb2d676f783453,-,Van Herk,M,Lucas,Lucas Van Herk,CAN,S5,SB4,66600,S26,Summer Season 2026,SM5,R-2027
bc253f55ffd1aaca,"A, E, 3, 4, 12",van Wyck-Smart,F,Aly,Aly van Wyck-Smart,CAN,S3,SB2,39276,S26,Summer Season 2026,SM3,C
8d23c87647aeb690,"3, 5, 8",Wood,F,Sophie,Sophie Wood,CAN,S10,SB9,55766,S26,Summer Season 2026,SM10,C
1bb644c51e1e9060,"A, 3, 5, 12, +",Zheng,M,Leo,Leo Zheng,CAN,S6,SB6,55718,S26,Summer Season 2026,SM6,R-2027
d69d4b53d2557ae7,"A, E",Abarza Diaz,M,Alberto Caroly,Alberto Caroly Abarza Diaz,CHI,S2,N/A,28139,S26,Summer Season 2026,N/A,R-2030
2aec88952f32cc70,"1, 2, 4",Almonacid Heyl,M,Vicente Enrique,Vicente Enrique Almonacid Heyl,CHI,S8,SB8,30795,S26,Summer Season 2026,SM8,C
3305fc19cdc849e0,"A, Y, E, 3, 5, 12, +",Arredondo,M,Patricio,Patricio Arredondo,CHI,S4,SB3,62119,S26,Summer Season 2026,SM4,R-2027
9601e8f42dc88bd2,-,Arroyo,F,Trinidad,Trinidad Arroyo,CHI,S14,SB14,66083,S26,Summer Season 2026,SM14,R-2027
db1f529ad57af437,"A, 3, 5, 12, +",Campodonico,M,Maximo,Maximo Campodonico,CHI,S7,SB6,66082,S26,Summer Season 2026,SM7,R
3cbb3d3fe14aa856,"1, 3, 5",Carrera,F,Francisca,Francisca Carrera,CHI,S9,SB9,66778,S26,Summer Season 2026,SM9,R-2027
1a3ab745a4d9c656,"1, 3, 5",Catalan,F,Emilia,Emilia Catalan,CHI,S9,SB8,63255,S26,Summer Season 2026,SM9,R-2027
c2e23b81b91bde0d,-,Cespedes,F,Amaris,Amaris Cespedes,CHI,S14,SB14,63257,S26,Summer Season 2026,SM14,N
3b8e30bbe81342ac,"A, Y, E, 7",Donoso,F,Isidora,Isidora Donoso,CHI,S7,SB7,63199,S26,Summer Season 2026,SM7,R-2027
706b941c9626d250,"1, 3, 5",Godoy Soto,F,Kiara Pollet,Kiara Pollet Godoy Soto,CHI,S9,SB9,30783,S26,Summer Season 2026,SM9,C
b4b36fc4675e1d79,"A, E",Larenas Albayay,M,Patricio Fernando Junior,Patricio Fernando Junior Larenas Albayay,CHI,S3,N/A,49264,S26,Summer Season 2026,N/A,R-2026
d825f9b9fc66bf36,"A, 3, 5, 12, +",Letelier Duran,M,Mateo,Mateo Letelier Duran,CHI,S7,SB6,54858,S26,Summer Season 2026,SM7,R-2027
ff3d233422f3fd90,"3, 5",Maldonado Garnica,F,Francisca Makarena Ignaci,Francisca Makarena Ignaci Maldonado Garnica,CHI,S10,SB9,44376,S26,Summer Season 2026,SM10,C
456f5d9f3b55680c,"A, 1, 3, 5, 12, +",Mattamala Vega,M,Williams Steven,Williams Steven Mattamala Vega,CHI,S5,SB4,52979,S26,Summer Season 2026,SM5,C
dec336e0f0d0ee64,-,Mendez,F,Javiera,Javiera Mendez,CHI,S14,SB14,66456,S26,Summer Season 2026,SM14,R-2029
49af2e66c044f5fe,"3, 4",Meza,F,Paulina,Paulina Meza,CHI,S9,SB9,63256,S26,Summer Season 2026,SM9,R-2027
358f849b95a33381,"12, +",Montecino,M,Bastian,Bastian Montecino,CHI,S10,SB9,62122,S26,Summer Season 2026,SM10,R-2027
b86c95f883dd0467,"A, 12",Munoz,F,Nallely,Nallely Munoz,CHI,S5,SB4,54856,S26,Summer Season 2026,SM5,R-2026
2288f7fdeeef63f7,T,Munoz Castro,M,Eduardo Andres,Eduardo Andres Munoz Castro,CHI,S12,SB12,41889,S26,Summer Season 2026,SM12,R-2029
83ebceb0fff80f2b,"A, 12",Nadaud,F,Irene,Irene Nadaud,CHI,S6,SB5,56044,S26,Summer Season 2026,SM6,R-2027
0515ad82de2242d5,"1, 3, 5",Neiman Leal,F,Francisca,Francisca Neiman Leal,CHI,S9,SB8,54857,S26,Summer Season 2026,SM9,C
6b9f3dcbc4ca32ac,-,Nunez,M,Bruno,Bruno Nunez,CHI,S14,SB14,66865,S26,Summer Season 2026,SM14,R-2029
3259c809e9f75d4f,-,Pavez,M,Agustin,Agustin Pavez,CHI,S14,SB14,63942,S26,Summer Season 2026,SM14,R-2026
fc85d7b4c438b519,-,Perez,M,Gonzalo,Gonzalo Perez,CHI,S14,SB14,63210,S26,Summer Season 2026,SM14,N
358f69a8e3a332f0,5,Saavedra,M,Marthin,Marthin Saavedra,CHI,S10,NE,63216,S26,Summer Season 2026,NE,C
6aa6cc987fef4550,"A, 12",Vargas,M,Benjamin,Benjamin Vargas,CHI,S7,SB6,56037,S26,Summer Season 2026,SM7,R-2029
2d47f3300a6ebf3b,"A, E, 3, 12",Villablanca,M,Martin,Martin Villablanca,CHI,S3,SB2,68480,S26,Summer Season 2026,SM3,R-2030
7827549cb4832cf8,"1, 3, 5",Villarreal,F,Martina,Martina Villarreal,CHI,S9,SB8,63246,S26,Summer Season 2026,SM9,R-2028
62b307d9fcca14d7,"T, B",Bao,F,Mingqi,Mingqi Bao,CHN,S11,SB11,68644,S26,Summer Season 2026,SM11,C
0e443c2e99ec7b18,"T, B",Cai,F,Liwen,Liwen Cai,CHN,S11,SB11,26712,S26,Summer Season 2026,SM11,C
e105008b72aca8b7,"A, 12",Chen,F,Shuling,Shuling Chen,CHN,S7,SB6,41497,S26,Summer Season 2026,SM7,R-2029
e5a338b7b35b0293,"1, 2, 4",Chen,F,Yawen,Yawen Chen,CHN,S8,SB8,35606,S26,Summer Season 2026,SM8,C
7bbb0474d4854fcc,"3, 5",Chen,F,Yi,Yi Chen,CHN,S10,SB9,26870,S26,Summer Season 2026,SM10,C
6dc93e4db4143d24,"A, 3, 5, 12",Cheng,F,Jiao,Jiao Cheng,CHN,S5,SB4,4525,S26,Summer Season 2026,SM5,C
03be415739128ced,"1, 3, 5",Cui,M,Yongjia,Yongjia Cui,CHN,S9,SB8,21147,S26,Summer Season 2026,SM9,C
03dbb9b868eb98ca,-,Cui,M,Zheyin,Zheyin Cui,CHN,S7,SB7,68642,S26,Summer Season 2026,SM7,N
e83b66c411edb797,-,Deng,M,Jieqiu,Jieqiu Deng,CHN,S12,SB12,41545,S26,Summer Season 2026,SM12,R-2027
27a1464ec7972f1a,"A, Y, E, 7",Guo,M,Jincheng,Jincheng Guo,CHN,S5,SB6,41556,S26,Summer Season 2026,SM5,C
d0e0fad5d9bf2802,"1, 3, 5",Guo,M,Zhi,Zhi Guo,CHN,S9,SB9,5954,S26,Summer Season 2026,SM9,C
7b6abb00d3c27148,"T, B",Han,F,Jiabao,Jiabao Han,CHN,S11,SB11,41652,S26,Summer Season 2026,SM11,C
93b669ca0b62c5b4,"A, Y, E, 7",He,F,Shenggao,Shenggao He,CHN,S5,SB6,44217,S26,Summer Season 2026,SM5,C
c268e2bc0ec17cc1,-,Hu,F,Yuanhao,Yuanhao Hu,CHN,S9,SB9,68651,S26,Summer Season 2026,SM9,N
da47c3d876ac7c90,"T, B",Hua,M,Dongdong,Dongdong Hua,CHN,S11,SB11,21759,S26,Summer Season 2026,SM11,C
b42680cc11f26615,"1, 2, 4",Huang,M,Xianquan,Xianquan Huang,CHN,S7,SB7,35357,S26,Summer Season 2026,SM7,C
2f6660a33f135ff3,-,Huang,M,Xingyu,Xingyu Huang,CHN,S8,SB8,68733,S26,Summer Season 2026,SM8,N
4837324d409ea998,"A, Y, 2, 4",Jia,M,Hongguang,Hongguang Jia,CHN,S6,SB6,18172,S26,Summer Season 2026,SM6,C
d8ed131cfa42e719,"1, 2, 4",Jiang,F,Shengnan,Shengnan Jiang,CHN,S8,SB8,5287,S26,Summer Season 2026,SM8,C
c3a423188d20bfc3,"1, 2, 4, 9",Jiang,F,Yuyan,Yuyan Jiang,CHN,S6,SB6,35362,S26,Summer Season 2026,SM6,C
4f0fbb2b0f3c00d9,"1, 2, 4",Jin,F,Xiaoqin,Xiaoqin Jin,CHN,S8,SB8,5288,S26,Summer Season 2026,SM8,C
db69f0fa5bbc50ad,12,Ke,F,Liting,Liting Ke,CHN,S7,SB6,18202,S26,Summer Season 2026,SM7,C
fb75801cf259fcd2,"T, B",Li,F,Guizhi,Guizhi Li,CHN,S11,SB11,18201,S26,Summer Season 2026,SM11,C
6859b80194fb4791,"1, 2, 4",Li,M,Ting,Ting Li,CHN,S8,SB8,59818,S26,Summer Season 2026,SM8,C
ace0a96ea5e329f5,-,Li,M,Xianfeng,Xianfeng Li,CHN,S6,SB5,68588,S26,Summer Season 2026,SM6,N
d0b466dc5cf0171b,-,Li,F,Zhaohan,Zhaohan Li,CHN,S3,SB3,68589,S26,Summer Season 2026,SM3,N
ceac08ddfb9ea8ba,"T, B",Li,M,Zhixin,Zhixin Li,CHN,S11,SB11,62920,S26,Summer Season 2026,SM11,R-2029
c421c2ab0b10821b,"1, 3, 5",Lin,M,Furong,Furong Lin,CHN,S10,SB9,6314,S26,Summer Season 2026,SM10,C
fc1505ce64e01ad5,"A, Y, E, 3, 5",Liu,F,Daomin,Daomin Liu,CHN,S6,SB6,21140,S26,Summer Season 2026,SM6,C
d12db9815ac4d3c7,"1, 3, 4",Liu,M,Fengqi,Fengqi Liu,CHN,S8,SB8,41555,S26,Summer Season 2026,SM8,C
cecb1d21efa5c874,"1, 3, 5",Liu,F,Ying,Ying Liu,CHN,S9,SB9,41544,S26,Summer Season 2026,SM9,C
8ecb30a8e34f01c4,"A, 3, 5, 12",Liu,F,Yu,Yu Liu,CHN,CNC,CNC,44212,S26,Summer Season 2026,CNC,R
2178a17b551e3f3f,"A, Y, E, 7",Lu,F,Dong,Dong Lu,CHN,S5,SB6,11944,S26,Summer Season 2026,SM5,C
ff951935fef4d59a,"1, 2, 4",Lu,F,Weiyuan,Weiyuan Lu,CHN,S8,SB8,5313,S26,Summer Season 2026,SM8,C
f2d960fa95cd96dc,"A, E, 12",Lu,F,Yanlin,Yanlin Lu,CHN,CNC,CNC,55996,S26,Summer Season 2026,CNC,R
9320f21dce2bb500,"1, 3, 5, 12, +",Luo,M,Jinbiao,Jinbiao Luo,CHN,S6,SB5,29709,S26,Summer Season 2026,SM6,C
5f05d3e318468bb3,"Y, 2, 4",Luo,M,Yanbo,Yanbo Luo,CHN,S6,SB6,59809,S26,Summer Season 2026,SM6,C
dfb340b6bc7a88ce,"T, B",Ma,F,Jia,Jia Ma,CHN,S11,SB11,41650,S26,Summer Season 2026,SM11,R-2029
3b423127971096ea,"A, E, 12",Peng,F,Qiuping,Qiuping Peng,CHN,S4,SB3,26717,S26,Summer Season 2026,SM4,R-2025
b35b3c040385399b,12,Qian,F,Hongyan,Hongyan Qian,CHN,S6,SB5,21769,S26,Summer Season 2026,SM6,C
7e4cc23eca3a546c,"T, B",Ren,F,Zijun,Zijun Ren,CHN,S11,SB11,68646,S26,Summer Season 2026,SM11,R-2030
8b8c83202641249d,"A, 12, +",Ruan,M,Jingsong,Jingsong Ruan,CHN,S7,SB6,44214,S26,Summer Season 2026,SM7,C
f35da785c6b88209,-,Shao,F,Jingtong,Jingtong Shao,CHN,S8,SB8,68648,S26,Summer Season 2026,SM8,N
d9b9e72740eeed39,8,Shen,F,Jiahui,Jiahui Shen,CHN,S9,SB8,62921,S26,Summer Season 2026,SM9,C
c89d5b5e2e824e37,"T, B",Shen,M,Yang,Yang Shen,CHN,S11,SB11,62917,S26,Summer Season 2026,SM11,C
b92823a475d33940,"A, 12",Song,F,Lingling,Lingling Song,CHN,S6,SB5,11943,S26,Summer Season 2026,SM6,C
44c08acc01c3bc8e,"T, B",Sun,M,Chuanzhen,Chuanzhen Sun,CHN,S11,SB11,62918,S26,Summer Season 2026,SM11,R-2030
db8da68b22035917,"1, 2, 4, 9",Tang,M,Qian,Qian Tang,CHN,S6,SB6,26875,S26,Summer Season 2026,SM6,C
d05014ce75d1fa62,"1, 3, 5",Tang,M,Shuyuan,Shuyuan Tang,CHN,S10,SB9,56019,S26,Summer Season 2026,SM10,C
a84cada07417e756,-,Wang,F,Guoyan,Guoyan Wang,CHN,S10,SB9,62927,S26,Summer Season 2026,SM10,C
b32b6a9105fd1092,"1, 3, 5",Wang,M,Jie,Jie Wang,CHN,S9,SB9,21760,S26,Summer Season 2026,SM9,C
878a9eac1d97d7df,"A, Y, E, 2, 4",Wang,M,Jingang,Jingang Wang,CHN,S6,SB6,14539,S26,Summer Season 2026,SM6,C
a3b807a9a34c9594,"A, Y, E, 7",Wang,M,Lichao,Lichao Wang,CHN,S5,SB6,29703,S26,Summer Season 2026,SM5,C
996c46a7aa74d19b,-,Wang,F,Ziqing,Ziqing Wang,CHN,S12,SB12,68641,S26,Summer Season 2026,SM12,R-2028
a289954138e76ee1,"1, 2, 4",Wu,M,Hongliang,Hongliang Wu,CHN,S8,SB8,55998,S26,Summer Season 2026,SM8,C
2f77a946723efad5,-,Xie,F,Tingzhi,Tingzhi Xie,CHN,S5,SB4,68649,S26,Summer Season 2026,SM5,N
fbb0680418515907,"1, 3, 5",Xie,M,Zhili,Zhili Xie,CHN,S9,SB9,59817,S26,Summer Season 2026,SM9,C
2e63f31d85c7ea24,"1, 2, 4",Xu,M,Haijiao,Haijiao Xu,CHN,S8,SB8,29698,S26,Summer Season 2026,SM8,C
57670501955424fe,"1, 3, 5",Xu,F,Jialing,Jialing Xu,CHN,S9,SB9,29701,S26,Summer Season 2026,SM9,C
2e9372d513a0c61d,-,Xu,M,Xingshang,Xingshang Xu,CHN,S12,SB12,68643,S26,Summer Season 2026,SM12,N
7626ddd5e5ecf68a,"T, B",Yang,M,Bozun,Bozun Yang,CHN,S11,SB11,6706,S26,Summer Season 2026,SM11,C
0fd4a3d58e4e49b5,"1, 3, 5",Yang,M,Feng,Feng Yang,CHN,S8,SB8,14540,S26,Summer Season 2026,SM8,C
bc79c977b65512c4,"1, 2, 4",Yang,M,Guanglong,Guanglong Yang,CHN,S8,SB8,29696,S26,Summer Season 2026,SM8,C
8cc7d5f68c1f1938,"A, 3, 5, 12, +",Yang,M,Guangze,Guangze Yang,CHN,S8,SB8,41546,S26,Summer Season 2026,SM8,R-2020
8860a587a26a5f34,"A, Y, E, 7",Yang,M,Hong,Hong Yang,CHN,S6,SB6,29704,S26,Summer Season 2026,SM6,C
2675d826dfcc3f74,"3, 5",Yang,F,Luohan,Luohan Yang,CHN,S10,SB9,62919,S26,Summer Season 2026,SM10,R-2029
c71d39a69161523f,"A, 12",Yao,F,Zan,Zan Yao,CHN,S5,SB4,18203,S26,Summer Season 2026,SM5,C
a148c4590c58b01b,-,Yu,M,Tianyi,Tianyi Yu,CHN,S12,SB12,68645,S26,Summer Season 2026,SM12,R-2030
e40d17e3853d372f,"A, Y, E, 7",Yuan,M,Weiyi,Weiyi Yuan,CHN,S5,SB6,26719,S26,Summer Season 2026,SM5,C
c16cecbd096a326b,"T, B",Zhang,M,Bowen,Bowen Zhang,CHN,S11,SB11,41648,S26,Summer Season 2026,SM11,C
9db4cb3f659a3a9e,-,Zhang,M,Haoxuan,Haoxuan Zhang,CHN,S8,SB8,68647,S26,Summer Season 2026,SM8,N
d693878d76aaf538,-,Zhang,M,Jiayi,Jiayi Zhang,CHN,S7,SB6,68640,S26,Summer Season 2026,SM7,N
9df994fb27c83120,"A, 3, 12",Zhang,F,Li,Li Zhang,CHN,S7,SB6,29027,S26,Summer Season 2026,SM7,R-2029
71aeac6d73d8c1d2,"1, 3, 5",Zhang,F,Meng,Meng Zhang,CHN,S10,SB9,18200,S26,Summer Season 2026,SM10,C
9b5ac843dfb4d7d4,"T, B",Zhang,F,Xiaotong,Xiaotong Zhang,CHN,S11,SB11,26866,S26,Summer Season 2026,SM11,C
90d24d007a9dda4c,"1, 2, 4",Zhang,M,Yilong,Yilong Zhang,CHN,S7,SB7,29017,S26,Summer Season 2026,SM7,C
a962dc466ceb6e78,8,Zhang,M,Yunxiang,Yunxiang Zhang,CHN,S10,SB9,62914,S26,Summer Season 2026,SM10,C
f988df8b7dd876c9,-,Zhang,F,Yuyang,Yuyang Zhang,CHN,S9,SB9,68639,S26,Summer Season 2026,SM9,N
05dce756bb8eb41d,-,Zhang,F,Ziyue,Ziyue Zhang,CHN,S13,SB13,62926,S26,Summer Season 2026,SM13,R-2027
ead4681aaf506751,"A, Y, E, 2, 4",Zhao,M,Wenqiang,Wenqiang Zhao,CHN,S6,SB6,68650,S26,Summer Season 2026,SM6,R-2028
1357c738877e9a10,-,Zheng,F,Jietong,Jietong Zheng,CHN,S12,SB12,35363,S26,Summer Season 2026,SM12,R-2029
7ef7a1932c2e7522,-,Zheng,M,Junhong,Junhong Zheng,CHN,S4,SB3,68735,S26,Summer Season 2026,SM4,N
af643c2c435f84f1,"12, +",Zheng,F,Tingting,Tingting Zheng,CHN,S8,SB7,35361,S26,Summer Season 2026,SM8,C
4f962895d0de073a,"1, 2, 4",Zhu,F,Hui,Hui Zhu,CHN,S8,SB8,56001,S26,Summer Season 2026,SM8,R-2026
d58ba877a812b9be,"A, 12",Zhu,F,Ji,Ji Zhu,CHN,S6,SB5,44210,S26,Summer Season 2026,SM6,R-2027
7e68607faae2432e,-,Arciniegas Torres,M,Jesus David,Jesus David Arciniegas Torres,COL,S14,SB14,63648,S26,Summer Season 2026,SM14,R-2027
a2b31063270f7bd5,-,Arevalo Fierro,M,Juan David,Juan David Arevalo Fierro,COL,S14,SB14,63803,S26,Summer Season 2026,SM14,N
fa9921369df38fce,-,Arevalo Garay,F,Yuritza Camila,Yuritza Camila Arevalo Garay,COL,S8,SB8,69486,S26,Summer Season 2026,SM8,N
45ea7308cd2fe55f,"T, B",Artunduaga Puentes,F,Maria Camila,Maria Camila Artunduaga Puentes,COL,S11,SB11,56568,S26,Summer Season 2026,SM11,R-2027
48c17b4cb203de98,-,Bandera Sosa,M,Jose Alvaro,Jose Alvaro Bandera Sosa,COL,S11,SB11,63647,S26,Summer Season 2026,SM11,N
777ea510b4ad0eb6,"A, Y, 7, 12, +",Barahona Jerena,M,Juan Manuel,Juan Manuel Barahona Jerena,COL,S4,SB3,62015,S26,Summer Season 2026,SM4,R
085cc86bcaa8b83a,-,Barbosa Morales,M,Jimmy Damian,Jimmy Damian Barbosa Morales,COL,S12,SB12,50643,S26,Summer Season 2026,SM12,R-2026
dda6e2b35b5c8e6b,-,Barbosa Morales,M,Yuber Stiven,Yuber Stiven Barbosa Morales,COL,S12,SB12,32507,S26,Summer Season 2026,SM12,R-2021
a18159646eb32c79,8,Barrera Zapata,F,Maria Paula,Maria Paula Barrera Zapata,COL,S10,SB9,22421,S26,Summer Season 2026,SM10,C
4af27fb76f3d35a9,"12, +",Barreto Agaton,M,Cristian Esneider,Cristian Esneider Barreto Agaton,COL,S10,SB8,63543,S26,Summer Season 2026,SM10,R-2026
92f1f93da9a3dab0,-,Blanco Rios,M,Angel Santiago,Angel Santiago Blanco Rios,COL,S13,SB13,63646,S26,Summer Season 2026,SM13,N
84216c802a57a174,"1, 3, 5",Buitrago Uruena,M,Juan Manuel,Juan Manuel Buitrago Uruena,COL,S8,SB8,56017,S26,Summer Season 2026,SM8,R-2027
8916fdebf6184094,-,Cardona Urrego,M,Jhon James,Jhon James Cardona Urrego,COL,S6,SB6,63810,S26,Summer Season 2026,SM6,N
2b7698c273df737d,-,Castro Aguilar,F,Saray,Saray Castro Aguilar,COL,S6,SB6,66728,S26,Summer Season 2026,SM6,N
afe901f5188d84da,"1, 3, 5",Castro Botina,M,Juan Felipe,Juan Felipe Castro Botina,COL,S9,SB8,55675,S26,Summer Season 2026,SM9,C
3f67e75ca08d331d,-,Centeno Bolanos,M,Christopher,Christopher Centeno Bolanos,COL,S14,SB14,55924,S26,Summer Season 2026,SM14,N
3d5c348c93d364b5,-,Contreras Maldonado,F,Virgelina Maria,Virgelina Maria Contreras Maldonado,COL,S3,SB2,63804,S26,Summer Season 2026,SM3,N
f639867b37f7369b,-,Corredor Nova,F,Angela Daniela,Angela Daniela Corredor Nova,COL,S10,SB9,58523,S26,Summer Season 2026,SM10,N
bb104c72e25e81a0,"T, B",Cortes,F,Michel Sabrina,Michel Sabrina Cortes,COL,S11,SB11,54975,S26,Summer Season 2026,SM11,C
1a4802374b8c2a97,"12, +",Crispin Corzo,M,Nelson,Nelson Crispin Corzo,COL,S6,SB6,15020,S26,Summer Season 2026,SM6,C
1884598dff408068,-,Cuellar Santiago,F,Yenifer Mariana,Yenifer Mariana Cuellar Santiago,COL,S11,SB11,68910,S26,Summer Season 2026,SM11,N
6d038c2ad05839b8,"A, Y, E, 7, 12, +",Cuero Sanchez,M,Juan Esteban,Juan Esteban Cuero Sanchez,COL,S3,SB2,62016,S26,Summer Season 2026,SM3,R
6bc7e8c899d6407b,-,Delgado Ramirez,F,Skarleth Yereth,Skarleth Yereth Delgado Ramirez,COL,S11,SB11,63665,S26,Summer Season 2026,SM11,N
200557b5045ebccf,"A, 12",Duarte Calderon,F,Jineth Lorena,Jineth Lorena Duarte Calderon,COL,S6,SB4,15187,S26,Summer Season 2026,SM6,C
49f15802c11321b4,-,Escobar Garnica,F,Luciana,Luciana Escobar Garnica,COL,S6,SB6,69143,S26,Summer Season 2026,SM6,N
0c618d20bc24b277,"A, 12",Fuentes Garcia,M,Moises,Moises Fuentes Garcia,COL,S5,SB4,3774,S26,Summer Season 2026,SM5,C
8d796cf4a91f9fa8,"A, 12",Fuentes Quintana,M,David,David Fuentes Quintana,COL,S5,SB4,40381,S26,Summer Season 2026,SM5,R-2024
4273dfdb52c0597d,-,Fuentes Tarazona,F,Isabella,Isabella Fuentes Tarazona,COL,S14,SB14,66970,S26,Summer Season 2026,SM14,R-2027
38df65ad48b65a47,-,Galan Anave,M,Martin Elias,Martin Elias Galan Anave,COL,S7,,63533,S26,Summer Season 2026,,
e0e4ca4a65e66a36,"A, 12",Galindo Aguilera,M,Tomas,Tomas Galindo Aguilera,COL,S6,SB6,53258,S26,Summer Season 2026,SM6,R-2025
dc82c7cc4d464ce1,-,Garcia Jaimes,M,Juan Gabriel,Juan Gabriel Garcia Jaimes,COL,S11,SB11,69181,S26,Summer Season 2026,SM11,N
35c06864991b38c0,"A, 12, +",Garcia Jimenez,F,Mary Luz,Mary Luz Garcia Jimenez,COL,S8,SB6,21860,S26,Summer Season 2026,SM8,C
23ec0c7bfd554ffa,-,Garcia Sanchez,M,Juan Esteban,Juan Esteban Garcia Sanchez,COL,S14,SB14,52642,S26,Summer Season 2026,SM14,C
f20b5f85a57e2148,-,Garcia Sierra,M,Luis Miguel,Luis Miguel Garcia Sierra,COL,S9,SB8,50475,S26,Summer Season 2026,SM9,N
f848cd8ca5f801b2,-,Gil Pena,F,Danna Sofia,Danna Sofia Gil Pena,COL,S11,SB11,63540,S26,Summer Season 2026,SM11,N
683e1d5aba894ffb,"T, 0",Giraldo Correa,M,Daniel,Daniel Giraldo Correa,COL,S12,SB12,9187,S26,Summer Season 2026,SM12,R-2030
3135e87725812ec2,-,Gomez Monroy,F,Sara Lucia,Sara Lucia Gomez Monroy,COL,S7,,69485,S26,Summer Season 2026,,
e834fe2cdb27e25c,-,Gomez Torres,M,Cristian Felipe,Cristian Felipe Gomez Torres,COL,S5,SB4,53361,S26,Summer Season 2026,SM5,N
3ce54add251bda8c,"1, 3, 5",Gonzalez Arango,F,Nicol Samantha,Nicol Samantha Gonzalez Arango,COL,S9,SB9,55920,S26,Summer Season 2026,SM9,R-2026
cf57a220824d4906,"1, 3, 5",Gonzalez Rodriguez,F,Laura Carolina,Laura Carolina Gonzalez Rodriguez,COL,S8,SB8,21435,S26,Summer Season 2026,SM8,C
722cd5a8b68a50d7,"A, T, 3, 5, 12",Guerrero Martinez,F,Mariana,Mariana Guerrero Martinez,COL,S6,SB5,56016,S26,Summer Season 2026,SM6,R-2029
16cb4f283a56aa71,-,Hernandez Fernandez,M,Samuel David,Samuel David Hernandez Fernandez,COL,S9,SB8,63808,S26,Summer Season 2026,SM9,N
139fd29bc6f50398,-,Hernandez Molina,M,Daykar Yuimar,Daykar Yuimar Hernandez Molina,COL,S4,SB3,69620,S26,Summer Season 2026,SM4,N
52f858ab2328a415,-,Herrera Narvaez,M,Gabriel Mateo,Gabriel Mateo Herrera Narvaez,COL,S8,SB7,69484,S26,Summer Season 2026,SM8,N
c2a6568da77e69fc,-,Julio Ibarguen,F,Maria Alejandra,Maria Alejandra Julio Ibarguen,COL,S9,SB9,64433,S26,Summer Season 2026,SM9,N
9d1e0f896e3b0e17,"A, 9",Ladino Arismendi,F,Laura Valentina,Laura Valentina Ladino Arismendi,COL,S9,SB8,63885,S26,Summer Season 2026,SM9,R-2029
cb5ca0c4759220d5,-,Ladino Salamanca,M,Miguel Angel,Miguel Angel Ladino Salamanca,COL,S11,SB11,69483,S26,Summer Season 2026,SM11,N
557806281b76fb9c,"T, B",Lemus Rojas,M,Leider,Leider Lemus Rojas,COL,S11,SB11,9186,S26,Summer Season 2026,SM11,C
a5053005897966fd,"12, +",Leon Prada,M,Santiago,Santiago Leon Prada,COL,S6,SB6,55921,S26,Summer Season 2026,SM6,R-2027
9191b1bb53a9392c,-,Londono Delgado,M,Alejandro,Alejandro Londono Delgado,COL,S5,SB4,55673,S26,Summer Season 2026,SM5,N
ba795748a8e03948,"A, Y, E, 3, 5, 12, +",Macias Hernandez,F,Maria Alejandra,Maria Alejandra Macias Hernandez,COL,S4,SB3,40384,S26,Summer Season 2026,SM4,C
18a4a63f538239cd,-,Martinez Vergara,M,Vairon Miguel,Vairon Miguel Martinez Vergara,COL,S4,SB3,63402,S26,Summer Season 2026,SM4,N
d3a17afd79ee7d22,"*, A, 12",Mejia Brinez,M,Manuel Alejandro,Manuel Alejandro Mejia Brinez,COL,S7,SB6,32375,S26,Summer Season 2026,SM7,R
cb9748492e27eea4,"T, B",Mejia Quintero,M,Daniel Steven,Daniel Steven Mejia Quintero,COL,S11,SB11,55917,S26,Summer Season 2026,SM11,R-2027
a039d65c5c6dc641,-,Melo Martinez,M,David Santiago,David Santiago Melo Martinez,COL,S14,SB14,66707,S26,Summer Season 2026,SM14,N
e144396475bc694d,-,Meneses Acevedo,M,Juan David,Juan David Meneses Acevedo,COL,S14,,70729,S26,Summer Season 2026,,
08a9990d48a3e92d,-,Molina Medina,M,Nicolas,Nicolas Molina Medina,COL,S14,SB14,52870,S26,Summer Season 2026,SM14,R-2025
5f95af66fb68c712,12,Morelo Morales,M,Air Luis,Air Luis Morelo Morales,COL,S6,SB5,62014,S26,Summer Season 2026,SM6,R-2026
7b958ecb4e7d7aab,"A, Y, E, 3, 12",Moreno Gualaco,M,Kevin Alfonso,Kevin Alfonso Moreno Gualaco,COL,S5,SB4,52604,S26,Summer Season 2026,SM5,R
f0f007a888e61dbf,-,Navarro Moreno,F,Angie Valentina,Angie Valentina Navarro Moreno,COL,S8,SB8,69182,S26,Summer Season 2026,SM8,N
ae35f2fc9c7666c5,"A, 12",Oviedo Rueda,F,Gabriela,Gabriela Oviedo Rueda,COL,S5,SB4,55919,S26,Summer Season 2026,SM5,R-2026
bf0b8cd99e7eb752,-,Perdomo Bolanos,F,Leidy Valeria,Leidy Valeria Perdomo Bolanos,COL,S6,SB6,42802,S26,Summer Season 2026,SM6,N
a0bf22b9084589e9,"12, +, 0",Prada Pachon,F,Gisell Natalia,Gisell Natalia Prada Pachon,COL,S7,SB7,32459,S26,Summer Season 2026,SM7,C
61c79c5acec0ce08,"A, 12",Prieto,M,David Felipe,David Felipe Prieto,COL,S6,SB6,53259,S26,Summer Season 2026,SM6,R-2026
e51212b75a77e10d,-,Quesada Forero,M,Juan Diego,Juan Diego Quesada Forero,COL,S13,SB13,63929,S26,Summer Season 2026,SM13,R-2029
e8cdc419ad406574,"A, E, 3, 12",Quintana,M,Juan Camilo,Juan Camilo Quintana,COL,S3,SB2,53042,S26,Summer Season 2026,SM3,R-2028
e5982d6e9921c102,-,Quintero Franco,F,Isabella,Isabella Quintero Franco,COL,S8,SB8,63618,S26,Summer Season 2026,SM8,N
ede00dc3e3d968c0,-,Ramirez Gonzalez,M,Jose Miguel,Jose Miguel Ramirez Gonzalez,COL,S14,SB14,40482,S26,Summer Season 2026,SM14,N
72546e105f15e799,-,Ramirez Mendoza,M,Miguel Angel,Miguel Angel Ramirez Mendoza,COL,S11,SB11,63541,S26,Summer Season 2026,SM11,N
9fed214738b87e15,"12, +",Rendon Acosta,M,David Felipe,David Felipe Rendon Acosta,COL,S6,SB6,53268,S26,Summer Season 2026,SM6,C
692a2a4190a46173,-,Riano Aguilar,F,Lizeth Fernanda,Lizeth Fernanda Riano Aguilar,COL,S13,SB13,56364,S26,Summer Season 2026,SM13,R-2028
2960c3ff969e1bb6,"A, 12",Rincon Narvaez,M,Miguel Angel,Miguel Angel Rincon Narvaez,COL,S5,SB4,9189,S26,Summer Season 2026,SM5,C
bb3edc691e0d1202,8,Rodriguez Angarita,F,Maria Carolina,Maria Carolina Rodriguez Angarita,COL,S10,SB8,40451,S26,Summer Season 2026,SM10,R-2021
173c46678071089c,"12, +",Rodriguez Silva,F,Zharith Alejandra,Zharith Alejandra Rodriguez Silva,COL,S7,SB7,54649,S26,Summer Season 2026,SM7,C
3f331cafbfe2b50d,-,Rodriguez Tobos,M,Carlos Dario,Carlos Dario Rodriguez Tobos,COL,S9,SB8,50474,S26,Summer Season 2026,SM9,N
d63702797adfa26b,-,Rueda Ortega,F,Sara Sofia,Sara Sofia Rueda Ortega,COL,,,52545,S26,Summer Season 2026,SM6,N
66fc2b6ee41dfda2,-,Sanchez Moran,M,Juan Camilo,Juan Camilo Sanchez Moran,COL,S5,SB4,40480,S26,Summer Season 2026,SM5,N
1aa0554265f8b60b,"A, 3, 5, 12",Sarmiento,F,Sandra,Sandra Sarmiento,COL,S6,SB5,15018,S26,Summer Season 2026,SM6,R-2025
67fa93a5a2653955,-,Scott Palacios,M,Juan Jose,Juan Jose Scott Palacios,COL,S9,SB8,63812,S26,Summer Season 2026,SM9,N
84f350dc2f784223,"A, 1, 3, 5, 8",Sepulveda Florez,M,David,David Sepulveda Florez,COL,S8,SB7,55923,S26,Summer Season 2026,SM8,R-2027
29b9a015ae61b4cf,"12, +",Serrano Zarate,M,Carlos Daniel,Carlos Daniel Serrano Zarate,COL,S7,SB7,21432,S26,Summer Season 2026,SM7,C
e0a39ac7b61f3932,-,Sierra Soler,M,Angel Felipe,Angel Felipe Sierra Soler,COL,S10,SB9,63809,S26,Summer Season 2026,SM10,N
41f5a5a46844dec2,"12, +",Soto Velasquez,M,David,David Soto Velasquez,COL,S6,SB6,53266,S26,Summer Season 2026,SM6,R-2024
340b8f07179b5828,-,Sousa Rodriguez,M,Matias,Matias Sousa Rodriguez,COL,S7,SB7,63619,S26,Summer Season 2026,SM7,N
086a2e28ea84cc93,"A, Y, E, 3, 5, 12, +",Suarez Cardenas,M,Joan Sebastian,Joan Sebastian Suarez Cardenas,COL,S8,SB7,67048,S26,Summer Season 2026,SM8,R-2027
db45d5354fa41122,"T, B",Triana Herrera,M,Brayan Mauricio,Brayan Mauricio Triana Herrera,COL,S11,SB11,9181,S26,Summer Season 2026,SM11,C
c5974f2e789d6bb8,"A, 12",Triana Villaco,M,Julian Santiago,Julian Santiago Triana Villaco,COL,S6,SB6,55918,S26,Summer Season 2026,SM6,R-2027
53a5f8577c2022cb,"12, +",Vargas Blanco,F,Sara,Sara Vargas Blanco,COL,S7,SB7,41661,S26,Summer Season 2026,SM7,R-2029
da07ed088fe3305d,-,Vargas Perez,M,Esteban,Esteban Vargas Perez,COL,S14,,70730,S26,Summer Season 2026,,
1ac22e48bdafe732,"A, E, 2, 4, 12",Vega Correcha,M,Richard Mateo,Richard Mateo Vega Correcha,COL,S2,SB1,24085,S26,Summer Season 2026,SM2,R-2027
8bb16cbab61b8064,-,Villadiego Villadiego,F,Olga Alejandra,Olga Alejandra Villadiego Villadiego,COL,S6,SB6,63483,S26,Summer Season 2026,SM6,N
34f033374f72fa09,"A, 12, +",Villota Rojas,M,Santiago,Santiago Villota Rojas,COL,S8,SB7,52896,S26,Summer Season 2026,SM8,C
04cd253c67a20749,"T, B",Yunque Fernandez,F,Sharit Vanessa,Sharit Vanessa Yunque Fernandez,COL,S11,SB11,52941,S26,Summer Season 2026,SM11,C
338b36032295bc50,8,Alfaro,M,Neythan,Neythan Alfaro,CRC,S9,SB8,41847,S26,Summer Season 2026,SM9,C
4236b430b0db0727,"1, 3, 5, 9",Coto,F,Ariana,Ariana Coto,CRC,S7,SB6,56053,S26,Summer Season 2026,SM7,C
22866682d274b128,"1, 3, 5",Haase,F,Camila,Camila Haase,CRC,S9,SB8,29289,S26,Summer Season 2026,SM9,C
3cb964cd78385272,"A, 12, +",Miranda Corrales,F,Sara,Sara Miranda Corrales,CRC,S7,SB6,32431,S26,Summer Season 2026,SM7,C
22467b10681cbd56,"A, 12, +",Soto Navarro,M,Aaron Josue,Aaron Josue Soto Navarro,CRC,S9,SB9,65334,S26,Summer Season 2026,SM9,R
297fd89bc366f559,"12, +",Trejos Miranda,F,Maria Lucia,Maria Lucia Trejos Miranda,CRC,S9,SB8,66960,S26,Summer Season 2026,SM9,R-2029
3223242b5914b6f5,"1, 3, 5",Zamora,M,Esteban,Esteban Zamora,CRC,S9,SB9,32802,S26,Summer Season 2026,SM9,C
75c0b836eb7a2e0d,9,Badrov,F,Marija,Marija Badrov,CRO,S9,SB9,50231,S26,Summer Season 2026,SM9,C
715490e500bd60a3,-,Badurina,M,Simun,Simun Badurina,CRO,S8,SB7,65103,S26,Summer Season 2026,SM8,N
8b6bd9acc1a5df12,"T, B",Cabraja,M,Matthew,Matthew Cabraja,CRO,S11,SB11,28029,S26,Summer Season 2026,SM11,C
3250c67c60447906,"A, 3, 5, 12, +",Knezevic,M,Karlo,Karlo Knezevic,CRO,S7,SB7,14655,S26,Summer Season 2026,SM7,C
66e330ca4cfd63e9,-,Kovac,F,Anamarija,Anamarija Kovac,CRO,S14,SB14,51302,S26,Summer Season 2026,SM14,R-2026
0d5b5d8abd487e65,"1, 3, 5",Kuzmanic,M,Alessandro,Alessandro Kuzmanic,CRO,S9,SB9,63141,S26,Summer Season 2026,SM9,R-2029
0045d92ccf6883d8,-,Lekovic,M,Igor,Igor Lekovic,CRO,S10,SB9,68447,S26,Summer Season 2026,SM10,N
08beffbfe2e1e325,-,Matijasevic,M,Toni,Toni Matijasevic,CRO,S13,SB13,55764,S26,Summer Season 2026,SM13,R-2029
f558507a7cd3b34d,9,Mecic,F,Emma,Emma Mecic,CRO,S9,SB8,36719,S26,Summer Season 2026,SM9,R-2027
e75f632f2a69b7cf,"A, 3, 12",Mitar,F,Nikolina,Nikolina Mitar,CRO,S5,SB4,55762,S26,Summer Season 2026,SM5,R-2025
1e2ac5c2d53ba00f,"A, 5, 12, +",Novina,F,Paula,Paula Novina,CRO,S8,SB8,24327,S26,Summer Season 2026,SM8,R-2027
f430ec21ebaad534,-,Pavlovic,F,Karla,Karla Pavlovic,CRO,S10,SB9,63261,S26,Summer Season 2026,SM10,N
5b4fe8318eca60ce,-,Premus,M,Danilo,Danilo Premus,CRO,S14,SB14,55763,S26,Summer Season 2026,SM14,R
dee2adb36f8f07b1,-,Segon,M,Nikola,Nikola Segon,CRO,S8,SB7,65104,S26,Summer Season 2026,SM8,N
9f307e971fbeb554,12,Sinovcic,M,Dino,Dino Sinovcic,CRO,S6,SB5,7190,S26,Summer Season 2026,SM6,C
0cd9e4d3c23ca054,"1, 3, 5",Zovko,M,Luka,Luka Zovko,CRO,S10,SB9,61341,S26,Summer Season 2026,SM10,R-2027
92bff3a78f7b6378,-,Aravis,M,Antreas,Antreas Aravis,CYP,S2,SB1,68435,S26,Summer Season 2026,,
f9e3ed8f930a7292,"3, 5, 12, +",Chrysanthou,M,Loizos,Loizos Chrysanthou,CYP,S10,SB9,63046,S26,Summer Season 2026,SM10,R
4f16841d473c6639,"A, 12",Michaelides,M,Alexandros,Alexandros Michaelides,CYP,S5,SB4,44603,S26,Summer Season 2026,SM5,R-2024
873c5129209644a6,"T, B",Pelendritou,F,Karolina,Karolina Pelendritou,CYP,S11,SB11,6837,S26,Summer Season 2026,SM11,C
67fd7903d0d313ab,"A, 12, +",Borska,F,Alexandra Ema,Alexandra Ema Borska,CZE,S8,SB8,53608,S26,Summer Season 2026,SM8,R-2027
000a3711bc2adcd8,"A, 12, +",Duskova,F,Vendula,Vendula Duskova,CZE,S8,SB7,17934,S26,Summer Season 2026,SM8,C
991a40d780489d44,"3, 4",Floriankova,F,Anezka,Anezka Floriankova,CZE,S8,SB8,24292,S26,Summer Season 2026,SM8,C
2d1cdfd0706d8e0d,9,Fryba,M,Petr,Petr Fryba,CZE,S8,SB7,35895,S26,Summer Season 2026,SM8,C
a772556577f71e4a,"A, 12",Hlavinka,M,Tomas,Tomas Hlavinka,CZE,S4,SB4,19339,S26,Summer Season 2026,SM4,C
f785d0288f99bee3,"1, 3, 5",Kesnar,M,Jonas,Jonas Kesnar,CZE,S9,SB9,34673,S26,Summer Season 2026,SM9,C
fd2a316a09e6e5d6,"A, 3, 5, 12, +",Koupilova,F,Agata,Agata Koupilova,CZE,S5,SB5,29912,S26,Summer Season 2026,SM5,R-2027
74a3062485e3afe9,T,Kratochvil,M,David,David Kratochvil,CZE,S11,SB11,36452,S26,Summer Season 2026,SM11,C
fe7cfcd6ce4bf3a9,"1, 3, 4, 12, +",Kuiper,F,Nela Zdenka,Nela Zdenka Kuiper,CZE,S8,SB7,65610,S26,Summer Season 2026,SM8,R-2029
5da6f002a35645b3,"A, 3, 5, 12, +",Linhartova,F,Eva,Eva Linhartova,CZE,S9,SB9,52871,S26,Summer Season 2026,SM9,R-2028
ee5ade9636dd6785,"A, 12",Mickova,F,Dominika,Dominika Mickova,CZE,S4,SB3,20352,S26,Summer Season 2026,SM4,C
07a4629f0012fa4f,"3, 8",Mikolin,M,Vaclav,Vaclav Mikolin,CZE,S9,SB8,65637,S26,Summer Season 2026,SM9,R-2029
1b6f04bc896241fa,-,Pavlik,M,Lukas,Lukas Pavlik,CZE,S13,SB13,68544,S26,Summer Season 2026,SM13,R-2028
3e170d38036481e0,"A, Y, E, 7",Petracek,M,Arnost,Arnost Petracek,CZE,S4,N/A,3645,S26,Summer Season 2026,N/A,C
2d0419c4606eb7f0,"12, +",Prokop,M,Eduard,Eduard Prokop,CZE,S10,SB9,56291,S26,Summer Season 2026,SM10,R-2027
5f66ab75c16a7fd4,"A, 12",Sasek,M,Vit,Vit Sasek,CZE,S6,SB5,22752,S26,Summer Season 2026,SM6,C
ac172ad7152b58c4,"T, B",Smrcka,M,Miroslav,Miroslav Smrcka,CZE,S11,SB11,24356,S26,Summer Season 2026,SM11,C
51106cf72726bc66,"1, 3, 5",Stasa,M,Matej,Matej Stasa,CZE,S9,SB9,56321,S26,Summer Season 2026,SM9,R-2027
9ced0e35823497e8,"H, 3, 5, 12, +",Strasik,M,Tadeas,Tadeas Strasik,CZE,S10,SB9,24291,S26,Summer Season 2026,SM10,C
6694c1b7f628612d,"3, 5, 12, +",Vanek,M,Jakub,Jakub Vanek,CZE,S8,SB8,52686,S26,Summer Season 2026,SM8,R-2027
ca8232b4151a06da,"12, +",Vrbicky,M,Vojtech,Vojtech Vrbicky,CZE,S10,SB9,65609,S26,Summer Season 2026,SM10,R-2027
9e032136ce51e8c7,8,Hansen,F,Asta,Asta Hansen,DEN,NE,SB9,56281,S26,Summer Season 2026,NE,C
dcfc00d63b8837db,-,Hillhouse,M,Alexander,Alexander Hillhouse,DEN,S14,SB14,35795,S26,Summer Season 2026,SM14,C
379aafb42ae3cfc7,"3, 5, 12, +",Kvist,F,Freja,Freja Kvist,DEN,S10,SB9,52684,S26,Summer Season 2026,SM10,R-2029
05139b8a93860402,"12, +",Larsen,M,Kasper Bjerregaard,Kasper Bjerregaard Larsen,DEN,S10,SB9,68533,S26,Summer Season 2026,SM10,R-2028
d6cbb5d2aa022d6a,"A, 12, +",Aybar,F,Alejandra,Alejandra Aybar,DOM,S7,SB6,31138,S26,Summer Season 2026,SM7,R-2027
af4161d4cbdb83f9,"A, 12, +",Jimenez,M,Marcos,Marcos Jimenez,DOM,S7,SB6,52731,S26,Summer Season 2026,SM7,R-2027
ded313592bfed78d,"T, B",Atiencie Flores,F,Isis Ayelen,Isis Ayelen Atiencie Flores,ECU,S11,SB11,67326,S26,Summer Season 2026,SM11,C
dc3cddece1f6f49a,"A, 12",Auqui Molina,M,Cristian Ismael,Cristian Ismael Auqui Molina,ECU,S6,SB5,66971,S26,Summer Season 2026,SM6,R-2027
6005a752655fe15a,-,Davila Mendieta,M,Gabriel Josue,Gabriel Josue Davila Mendieta,ECU,S14,SB14,32350,S26,Summer Season 2026,SM14,R-2024
171e38424e66b3b8,"A, 12, +",Fernandez Soto,M,Santiago Gabriel,Santiago Gabriel Fernandez Soto,ECU,S8,SB7,66944,S26,Summer Season 2026,SM8,R-2027
7ba7d604887c51ad,"1, 3, 5",Ortega Zambrano,F,Mayte Yomaira,Mayte Yomaira Ortega Zambrano,ECU,S9,SB8,42390,S26,Summer Season 2026,SM9,C
8c99a739c18ff2d9,-,Parraga,M,Miguel,Miguel Parraga,ECU,S14,SB14,57609,S26,Summer Season 2026,SM14,R-2025
0c85f387095e0637,"T, B",Penafiel Ayala,M,Jeferson Gerardo,Jeferson Gerardo Penafiel Ayala,ECU,S12 S11,SB11 SB12,28204,S26,Summer Season 2026,SM11 SM12,R-2027 R-2019
39d36a21f3cfb504,9,Tandazo,M,Erick,Erick Tandazo,ECU,S9,SB9,32295,S26,Summer Season 2026,SM9,C
d6306ae0c1c20cff,"A, Y, E, 3, 5, 12",Abbas Tewfick,F,Ayaallah Ayman,Ayaallah Ayman Abbas Tewfick,EGY,S6,SB5,23972,S26,Summer Season 2026,SM6,C
5e795fcb6a2723bd,"A, 3, 5, 12",Abdelshafi,F,Malak,Malak Abdelshafi,EGY,S5,SB4,23975,S26,Summer Season 2026,SM5,C
6a0744a59fdd9e62,"3, 5",Hasby,M,Zeiad Tarek,Zeiad Tarek Hasby,EGY,S10,SB9,55580,S26,Summer Season 2026,SM10,C
a9e71c02c70b0a37,"A, 12",Kahil,M,Zeyad Hesham,Zeyad Hesham Kahil,EGY,S5,SB4,33257,S26,Summer Season 2026,SM5,C
91ab9d729ad47dc8,9,Gonzalez,M,Paolo,Paolo Gonzalez,ESA,S9,SB8,54382,S26,Summer Season 2026,SM9,C
77a161ec55465db7,"12, +",Rodrigo,M,Josue,Josue Rodrigo,ESA,S6,SB6,35671,S26,Summer Season 2026,SM6,C
d1c686133297d9b4,"3, 5",Kaul,F,Susannah,Susannah Kaul,EST,S10,SB9,24374,S26,Summer Season 2026,SM10,C
7f8777d2e80396b9,-,Leib,M,Richard,Richard Leib,EST,S14,SB14,49819,S26,Summer Season 2026,SM14,R-2026
1fc3c1a408e1144b,"1, 3, 5",Liksor,M,Robin,Robin Liksor,EST,S9,SB8,17660,S26,Summer Season 2026,SM9,C
994b88610d687fb7,"A, Y, E, 7, 9",Topkin,M,Matz,Matz Topkin,EST,S4,SB4,20050,S26,Summer Season 2026,SM4,C
59d5e03ba5f2ef6f,"1, 3, 5",Mellemgaard,M,Andrias,Andrias Mellemgaard,FRO,S9,SB9,53922,S26,Summer Season 2026,SM9,R-2028
9f4c98a0d2f2a991,"T, B",Hampf,F,Ronja Alexandra,Ronja Alexandra Hampf,FIN,S11,SB11,56105,S26,Summer Season 2026,SM11,R-2027
996c79ebd3af5630,0,Khalili,M,Nader,Nader Khalili,FIN,S14,SB14,34680,S26,Summer Season 2026,SM14,C
4314e80ada345b00,"3, 5, 12, +",Krogius,M,Henrik,Henrik Krogius,FIN,S5,SB5,33320,S26,Summer Season 2026,SM5,C
5b67061749f3eef5,-,Miao,F,Ellen,Ellen Miao,FIN,S7,SB7,69696,S26,Summer Season 2026,SM7,N
abc538af00108e7e,"A, Y, T, 3, 5, 12",Ornkvist,F,Natalie,Natalie Ornkvist,FIN,CNC,SB4,58320,S26,Summer Season 2026,CNC,R
3bf7e4fb693fe1cf,"12, +",Paakkala,M,Aukusti,Aukusti Paakkala,FIN,S6,SB6,60169,S26,Summer Season 2026,SM6,C
82d073112f4e5fab,0,Rajahalme,F,Jenna,Jenna Rajahalme,FIN,S10,NE,35821,S26,Summer Season 2026,NE,C
62d78c5634145e45,"A, 8",Bellanger,M,Alexis,Alexis Bellanger,FRA,S9,SB8,52565,S26,Summer Season 2026,SM9,C
1e720c65ce9fa05b,"A, 1, 3, 5, 9",Chardard,M,Laurent,Laurent Chardard,FRA,S6,SB6,42473,S26,Summer Season 2026,SM6,C
261a034b0f26ccb7,-,Chevallier,F,Maely,Maely Chevallier,FRA,S14,SB14,41945,S26,Summer Season 2026,SM14,C
7bfd85747964717e,-,de Muynck,M,Sohan,Sohan de Muynck,FRA,NE,SB9,63348,S26,Summer Season 2026,NE,C
67cf1a2a6944d8ba,"A, 12",Delville,M,Martin,Martin Delville,FRA,S6,SB5,61481,S26,Summer Season 2026,SM6,R-2027
2817d023830a4738,-,Demestre,M,Jackson,Jackson Demestre,FRA,S14,SB14,54392,S26,Summer Season 2026,SM14,C
995586d5d2772be2,"3, 5",Denayer,M,Hector,Hector Denayer,FRA,S9,SB9,42804,S26,Summer Season 2026,SM9,C
ffc865e3420f7131,"12, +",Didier,M,Ugo,Ugo Didier,FRA,S9,SB8,28601,S26,Summer Season 2026,SM9,C
4de9652c931d2aba,"A, Y, E, 3, 12",Granjux,M,Dimitri,Dimitri Granjux,FRA,S3,SB3,59822,S26,Summer Season 2026,SM3,R-2028
43b68b1a9841b984,"A, 12, +",Jalby,M,Nolan,Nolan Jalby,FRA,S9,SB8,53797,S26,Summer Season 2026,SM9,R-2029
e5423e5acf5ff95a,-,Maillet,M,Nathan,Nathan Maillet,FRA,S14,SB14,28818,S26,Summer Season 2026,SM14,C
c2a01290cec3c6e4,-,Maurin Espiau,F,Assya,Assya Maurin Espiau,FRA,S14,SB14,50776,S26,Summer Season 2026,SM14,C
e29e0e671df39ced,T,Morceau,F,Leane,Leane Morceau,FRA,CNC,CNC,51187,S26,Summer Season 2026,CNC,R
93e304bea458aef3,-,Ollivier Hillion,M,Nicolas,Nicolas Ollivier Hillion,FRA,S14,SB14,68822,S26,Summer Season 2026,SM14,R-2028
1046f42c6cce7eba,0,Pascot,F,Emma,Emma Pascot,FRA,S13,SB13,64320,S26,Summer Season 2026,SM13,R-2027
7517a9c64fb76735,"A, 9",Pauli,F,Agathe,Agathe Pauli,FRA,S9,SB9,42808,S26,Summer Season 2026,SM9,C
07d77d30a693a489,5,Pierre,F,Emeline,Emeline Pierre,FRA,S10,NE,28604,S26,Summer Season 2026,NE,C
ca9b749ca7c5db0f,T,Portal,M,Alex,Alex Portal,FRA,S13,SB13,31021,S26,Summer Season 2026,SM13,R-2029
78a8720646d16322,T,Portal,M,Kylian,Kylian Portal,FRA,S12,SB12,42805,S26,Summer Season 2026,SM12,R-2030
02648366d4ca79e7,"12, +",Retailleau,F,Julia,Julia Retailleau,FRA,S7,SB7,69212,S26,Summer Season 2026,SM7,R-2027
9e9ca58dddc49767,"A, 12, +",Rochdi,F,Chams,Chams Rochdi,FRA,S8,SB7,61564,S26,Summer Season 2026,SM8,R-2028
07911d0d862676e1,"A, 12",Sache,F,Solene,Solene Sache,FRA,S5,SB4,42803,S26,Summer Season 2026,SM5,C
ae7ff83b45519c16,"A, E, 3, 5, 12",Serres,F,Sandrine,Sandrine Serres,FRA,S2,SB2,3451,S26,Summer Season 2026,SM2,C
9a2ddf873cad9674,"1, 3, 5",Veron,F,Julie,Julie Veron,FRA,S9,SB9,61562,S26,Summer Season 2026,SM9,C
6a2180284074e56c,T,Vieira,M,Quentin,Quentin Vieira,FRA,S13,SB13,50781,S26,Summer Season 2026,SM13,R-2028
97015b702b4071db,"A, 3, 5, 12, +",Amashukeli,M,Sandro,Sandro Amashukeli,GEO,S6,SB6,69637,S26,Summer Season 2026,SM6,R-2027
51c0fca68c372ea6,"3, 5",Geladze,F,Nini,Nini Geladze,GEO,S10,SB9,63117,S26,Summer Season 2026,SM10,R-2029
20a6170598c29fa4,T,Kakabadze,F,Mariam,Mariam Kakabadze,GEO,S12,SB12,63093,S26,Summer Season 2026,SM12,R
3fd36428d4097059,"3, 5, 12, +",Mushkudiani,M,Zaur,Zaur Mushkudiani,GEO,S7,SB7,61500,S26,Summer Season 2026,SM7,R-2027
b16a7d1a8ec1ba90,"T, B",Tvauri,M,Nika,Nika Tvauri,GEO,S11,SB11,14923,S26,Summer Season 2026,SM11,C
697cfa396929bb93,"1, 3, 5",Bennarndt,M,Leon,Leon Bennarndt,GER,S9,SB9,55256,S26,Summer Season 2026,SM9,C
c697cb4269e4316c,"A, Y, E, 3, 5, 12, +",Boettcher,F,Gina,Gina Boettcher,GER,S4,SB3,34131,S26,Summer Season 2026,SM4,C
8dfc553eb6cc30c5,"3, 5",Braunschweig,M,Malte,Malte Braunschweig,GER,S9,SB9,11067,S26,Summer Season 2026,SM9,C
8e348fccea13b6d1,0,Brueckner,M,Kimi Mika,Kimi Mika Brueckner,GER,S13,SB13,55860,S26,Summer Season 2026,SM13,R-2027
71f7f77a1b4f8062,-,Dilling,M,Jason Michael,Jason Michael Dilling,GER,S14,SB14,60272,S26,Summer Season 2026,SM14,C
5a55072a65c91c2d,T,Doehler,F,Johanna,Johanna Doehler,GER,S13,SB13,55108,S26,Summer Season 2026,SM13,R-2027
7450e21bf9865ed8,"3, 5, 12, +",Eckart,M,Yannick,Yannick Eckart,GER,S9,SB8,56226,S26,Summer Season 2026,SM9,R-2029
67794f7a7eb797c3,0,Engel,M,Taliso,Taliso Engel,GER,S13,SB13,26419,S26,Summer Season 2026,SM13,R-2029
0e37163477e9df89,-,Fuellgraf,M,Julian Jeremy,Julian Jeremy Fuellgraf,GER,S14,SB14,52453,S26,Summer Season 2026,SM14,C
3a21f0a6e805c61d,"3, 12, +",Harms,M,Linus,Linus Harms,GER,S10,SB9,68174,S26,Summer Season 2026,SM10,R-2028
2f8921dbe18ec966,T,Hebmueller,M,Philip,Philip Hebmueller,GER,S13,SB13,52452,S26,Summer Season 2026,SM13,R-2028
00021127aadf4309,"1, 3, 5",Hoffmann,M,Willy,Willy Hoffmann,GER,S9,SB9,61205,S26,Summer Season 2026,SM9,R-2027
ebf82be4793ef6da,-,Jung,M,Marlon,Marlon Jung,GER,NE,SB9,63345,S26,Summer Season 2026,NE,C
b151c3f701421834,"A, 3, 5, 12, +",Kast,F,Charlotte Leonora,Charlotte Leonora Kast,GER,S7,SB7,52451,S26,Summer Season 2026,SM7,R-2027
5a4f1793153ea04c,"A, 12",Kocabas,F,Nisanur,Nisanur Kocabas,GER,S6,SB5,63337,S26,Summer Season 2026,SM6,R-2027
876f88d3c7382338,"3, 5",Koeszegvary,M,Balint,Balint Koeszegvary,GER,S10,SB9,52458,S26,Summer Season 2026,SM10,R-2029
66519857f3b0d81a,"A, 12, +",Kollmer,F,Alessia Tina,Alessia Tina Kollmer,GER,S7,SB6,67781,S26,Summer Season 2026,SM7,R-2029
410d6407b89dbdab,T,Labudda,F,Neele,Neele Labudda,GER,S12,SB12,26835,S26,Summer Season 2026,SM12,R-2027
40d74b612f65e9f3,T,Leisse,F,Mieke Sophia,Mieke Sophia Leisse,GER,S13,SB13,65441,S26,Summer Season 2026,SM13,R-2029
1cd4f951686f9d70,"A, 12, +",Maack,F,Mira Jeanne,Mira Jeanne Maack,GER,S8,SB7,42312,S26,Summer Season 2026,SM8,C
8e30d725389e0042,"12, +",Mai,F,Leonie,Leonie Mai,GER,S9,SB8,56225,S26,Summer Season 2026,SM9,R-2028
0cbf90f315d51b18,"A, E, 7, 12",Mc David,M,Janis,Janis Mc David,GER,S1,SB1,68290,S26,Summer Season 2026,SM1,C
8eaa1e59c1bcae91,A,Michaels,M,Tristan-Joel,Tristan-Joel Michaels,GER,S9,SB8,69508,S26,Summer Season 2026,SM9,R-2029
b3f798662aa8e2b2,-,Pein,F,Judith,Judith Pein,GER,S14,SB14,63336,S26,Summer Season 2026,SM14,C
3a27b675825d944a,"1, 3, 5, 12, +",Petre,M,Michael,Michael Petre,GER,S6,SB6,69507,S26,Summer Season 2026,SM6,R-2027
f99ef7c2942192bf,8,Polonius Gil,M,Eneas Aristoteles,Eneas Aristoteles Polonius Gil,GER,S10,SB9,65197,S26,Summer Season 2026,SM10,R-2028
e24eb46000932c59,-,Reiter,M,Florian,Florian Reiter,GER,S14,SB14,63335,S26,Summer Season 2026,SM14,R
3d80e3e46924136b,"1, 3, 5",Rickert,F,Vivien,Vivien Rickert,GER,S9,SB9,65442,S26,Summer Season 2026,SM9,R-2029
3b99283dc83c29cf,"12, +",Roesler,F,Katherina,Katherina Roesler,GER,S7,SB7,32454,S26,Summer Season 2026,SM7,C
a809102789eb5f15,"A, E, 3, 12",Scholz,F,Tanja,Tanja Scholz,GER,S4,SB2,52457,S26,Summer Season 2026,SM3,C
3c9be27784b123f5,"A, 12",Schott,F,Verena,Verena Schott,GER,S6,SB5,4486,S26,Summer Season 2026,SM6,C
cd439dc4cf2fa98d,"3, 5, 12, +",Schubert,F,Emma Rosa,Emma Rosa Schubert,GER,S5,SB5,69532,S26,Summer Season 2026,SM5,R-2027
7d6856cb8479f077,T,Schwarz,F,Naomi Maike,Naomi Maike Schwarz,GER,S12,SB12,7026,S26,Summer Season 2026,SM12,R-2028
bbe33dd2e576bad8,T,Semechin,F,Elena,Elena Semechin,GER,S12,SB12,10677,S26,Summer Season 2026,SM12,R-2029
2a02579dfe5c8b36,"A, T, 3, 4, 12, +",Teschauer,F,Tabea Nele,Tabea Nele Teschauer,GER,S8,SB7,56223,S26,Summer Season 2026,SM8,R-2028
8a43b016492c6c88,"A, Y, E, 7, 12, +",Topf,M,Josia Tim Alexander,Josia Tim Alexander Topf,GER,S3,SB3,30132,S26,Summer Season 2026,SM3,C
703612810fc3f50d,"1, 3, 5",Wetekam,M,Maurice,Maurice Wetekam,GER,S9,SB9,41189,S26,Summer Season 2026,SM9,C
af7e03dd5e782a3d,8,Aheto,M,Promise Wonder Atsu,Promise Wonder Atsu Aheto,GHA,S10,SB9,59530,S26,Summer Season 2026,SM10,C
efdd6fb690ec8523,"1, 2, 4",Akotoh,M,Bryan Baffour Kwadjo,Bryan Baffour Kwadjo Akotoh,GHA,S9,SB8,57356,S26,Summer Season 2026,SM9,R-2028
79f4cf57e18cdb94,-,Sackey,M,Vitalis,Vitalis Sackey,GHA,S3,SB3,65636,S26,Summer Season 2026,SM3,N
a94735698dcd12ef,"3, 5, 12, +",Aaen,M,Bjorn Sebastian,Bjorn Sebastian Aaen,GBR,S9,SB9,68076,S26,Summer Season 2026,SM9,R-2028
9387ea324a8777ee,-,Beard,F,Tara,Tara Beard,GBR,S14,SB14,68061,S26,Summer Season 2026,SM14,R-2029
92f17e6431d47515,-,Bradford,M,Kai,Kai Bradford,GBR,S9,SB8,68067,S26,Summer Season 2026,SM9,N
19cda451a66432b8,"12, +",Brennan,M,Roan,Roan Brennan,GBR,S10,SB9,41940,S26,Summer Season 2026,SM10,R-2029
7b29c0b2298882a5,-,Broom,M,Dylan,Dylan Broom,GBR,S14,SB14,35794,S26,Summer Season 2026,SM14,C
1571134697430dfb,T,Carroll,F,Astrid,Astrid Carroll,GBR,S12,SB12,52294,S26,Summer Season 2026,SM12,R-2029
07dcf5bd887e59b9,T,Carroll,F,Ursula,Ursula Carroll,GBR,S13,SB13,66844,S26,Summer Season 2026,SM13,R-2027
2549fc325f452fdc,"12, +",Carter,M,Oliver,Oliver Carter,GBR,S10,SB9,22133,S26,Summer Season 2026,SM10,C
eadcfffede29379c,"A, Y, E, 3, 5, 12, +",Challis,F,Ellie,Ellie Challis,GBR,S3,SB2,41183,S26,Summer Season 2026,SM3,C
ade67bf14a8117ef,0,Clegg,M,James,James Clegg,GBR,S12,SB12,9246,S26,Summer Season 2026,SM12,R-2027
75ef388bfd550328,-,Clegg,M,Stephen,Stephen Clegg,GBR,S12,SB12,9245,S26,Summer Season 2026,SM12,C
d4a8332bce3037cb,-,Darbey,M,Rhys,Rhys Darbey,GBR,S14,SB14,55861,S26,Summer Season 2026,SM14,C
33237b1e7f187b11,"3, 7",Das,M,Akaash,Akaash Das,GBR,S9,SB9,67726,S26,Summer Season 2026,SM9,R-2028
d5182b06b3c51b84,"12, +",Davies,M,Max,Max Davies,GBR,S8,SB7,62627,S26,Summer Season 2026,SM8,R-2027
a6fdb321d9abe3c3,"3, 5, 12, +",Dee,M,Bruce,Bruce Dee,GBR,S6,SB6,56107,S26,Summer Season 2026,SM6,C
d4fe8f01535cb6d4,"12, +",Downie,M,Sam,Sam Downie,GBR,S8,SB7,52267,S26,Summer Season 2026,SM8,R-2027
fe53fa1e316a7d2a,-,Ellard,M,William,William Ellard,GBR,S14,SB14,55864,S26,Summer Season 2026,SM14,C
e558506cb2b83cb2,-,Fiddes,F,Louise,Louise Fiddes,GBR,S14,SB14,32442,S26,Summer Season 2026,SM14,C
6b69e75c8a96806d,0,Firth,F,Bethany,Bethany Firth,GBR,S14,SB14,15649,S26,Summer Season 2026,SM14,C
cda0ec4d4ef1eb9b,8,Gordon,F,Hope,Hope Gordon,GBR,S9,SB8,14838,S26,Summer Season 2026,SM9,C
6dffc856b38af89d,-,Gunner,M,Jude,Jude Gunner,GBR,S14,SB14,62491,S26,Summer Season 2026,SM14,R-2028
b24c0d1d2b2d35ea,"1, 3, 5",Hale,F,Brooklyn,Brooklyn Hale,GBR,S9,SB9,62506,S26,Summer Season 2026,SM9,R-2027
34e28de7f35dcf59,"T, B",Hardy-Bishop,F,Rebecca,Rebecca Hardy-Bishop,GBR,S11,SB11,68190,S26,Summer Season 2026,SM11,R
da3414e8becbc6e3,"A, 12",Harvey,F,Grace,Grace Harvey,GBR,S6,SB5,17915,S26,Summer Season 2026,SM6,C
81e51a2435b1d063,"12, +",Haycock,F,Amber,Amber Haycock,GBR,S10,SB9,52292,S26,Summer Season 2026,SM10,C
1d5e1e72920ec312,9,Haynes,F,Isabella,Isabella Haynes,GBR,S9,SB8,66767,S26,Summer Season 2026,SM9,R-2028
6e4a82b794add826,"H, A, Y, E, 3, 5, 12",Hext,F,Suzanna,Suzanna Hext,GBR,S5,SB4,41811,S26,Summer Season 2026,SM5,C
b9f22e2577f43967,"T, B",Humphrey,F,Eliza,Eliza Humphrey,GBR,S11,SB11,41725,S26,Summer Season 2026,SM11,C
d0cf3610db177421,"T, B",Humphrey,F,Scarlett,Scarlett Humphrey,GBR,S11,SB11,41724,S26,Summer Season 2026,SM11,C
acea4ca599fe18c3,"A, 12, +",Hyde,F,Charlotte,Charlotte Hyde,GBR,S7,SB6,47035,S26,Summer Season 2026,SM7,R-2025
bbcd241f5e16ad06,-,Johnson,F,Tia,Tia Johnson,GBR,S10,SB9,67728,S26,Summer Season 2026,SM10,N
f8485b521349bbc9,-,Jubb,F,Nancy,Nancy Jubb,GBR,S6,SB5,68077,S26,Summer Season 2026,SM6,N
ecf4428ea7db182a,0,Kane,F,Abby,Abby Kane,GBR,S13,SB13,29907,S26,Summer Season 2026,SM13,R-2030
5f9679c3a0a1f105,"A, 1, 5",Kearney,F,Tully,Tully Kearney,GBR,CNC,N/A,14840,S26,Summer Season 2026,N/A,R
20adfce3764b048f,-,Kelly,M,Quinn-Austin,Quinn-Austin Kelly,GBR,S14,SB14,70621,S26,Summer Season 2026,SM14,N
5468d54a141ef9dc,"1, 3, 5",Lambert,F,Evie,Evie Lambert,GBR,S9,SB9,62592,S26,Summer Season 2026,SM9,C
0707e9aeb642aff6,-,Lawlor,M,Louis,Louis Lawlor,GBR,S14,SB14,41990,S26,Summer Season 2026,SM14,C
3ff843149eb4ea72,T,Letton-Jones,F,Ela,Ela Letton-Jones,GBR,S12,SB12,55689,S26,Summer Season 2026,SM12,R-2029
c17046340fde0303,-,Maskill,F,Poppy,Poppy Maskill,GBR,S14,SB14,44658,S26,Summer Season 2026,SM14,C
6474c14f1c28357b,-,McManus,M,Nathan,Nathan McManus,GBR,S14,SB14,55868,S26,Summer Season 2026,SM14,C
5b173fc75bf0d7af,-,Milne,M,Jack,Jack Milne,GBR,S14,SB14,32801,S26,Summer Season 2026,SM14,C
bba66b21cb66bbfc,"A, 3, 5, 12, +",Navarro-Barber,M,Tomas,Tomas Navarro-Barber,GBR,S9,SB8,55692,S26,Summer Season 2026,SM9,R-2027
ec32ff0d9404547f,-,Neave,F,Megan,Megan Neave,GBR,S14,SB14,41700,S26,Summer Season 2026,SM14,C
5601d259589c3818,-,Newman-Baronius,F,Olivia,Olivia Newman-Baronius,GBR,S14,SB14,60787,S26,Summer Season 2026,SM14,C
2eccd46b6e0a59d4,-,Oxby,F,Siena,Siena Oxby,GBR,S14,SB14,55863,S26,Summer Season 2026,SM14,C
f25e50d21b2c8b21,T,Penfold,M,Alfie,Alfie Penfold,GBR,S13,SB13,52285,S26,Summer Season 2026,SM13,R-2029
e0e079539d4b6e7a,"A, 3, 5, 12, +",Pilkington,F,Laura,Laura Pilkington,GBR,S6,SB5,52471,S26,Summer Season 2026,SM6,C
d86e65ce097eb28a,-,Ratley,F,Connie,Connie Ratley,GBR,S9,SB9,67729,S26,Summer Season 2026,SM9,N
c7c5c852cace3d17,-,Redfern,M,Matthew,Matthew Redfern,GBR,S13,SB13,52284,S26,Summer Season 2026,SM13,R-2028
1887e99ffae20bb4,T,Redfern,F,Rebecca,Rebecca Redfern,GBR,S13,SB13,29717,S26,Summer Season 2026,SM13,R-2030
a32169828a9bc083,"A, 12, +",Rice,F,Lily,Lily Rice,GBR,S8,SB7,52469,S26,Summer Season 2026,SM8,R-2027
de2c78155a447810,-,Richards,F,Aaliyah,Aaliyah Richards,GBR,S14,SB14,68075,S26,Summer Season 2026,SM14,R-2028
6453115e25ecd65b,-,Roberts,M,Gavin,Gavin Roberts,GBR,S14,SB14,41767,S26,Summer Season 2026,SM14,C
90eb6d16aa0a5f7a,-,Robinson,F,Grace,Grace Robinson,GBR,S14,SB14,62582,S26,Summer Season 2026,SM14,C
953b6e2164df18b1,"1, 3, 5",Rogers,F,Faye,Faye Rogers,GBR,S10,SB9,55558,S26,Summer Season 2026,SM10,C
bee348c3b585315d,"1, 3, 5",Shaw,F,Toni,Toni Shaw,GBR,S9,SB9,32800,S26,Summer Season 2026,SM9,C
a9590b5802cde7e9,-,Sheffield,F,Georgia,Georgia Sheffield,GBR,S14,SB14,41701,S26,Summer Season 2026,SM14,C
4eb53c0484cb888b,-,Shore,F,Lucy,Lucy Shore,GBR,S14,SB14,70409,S26,Summer Season 2026,SM14,N
a23f90e26cf778db,-,Stewart,M,Harry,Harry Stewart,GBR,S14,SB14,60005,S26,Summer Season 2026,SM14,C
81e37d9b9f8a5937,"12, +",Summers-Newton,F,Maisie,Maisie Summers-Newton,GBR,S6,SB6,26591,S26,Summer Season 2026,SM6,C
46b06bbcac971409,"A, Y, 3, 5, 12, +",Tai,F,Alice,Alice Tai,GBR,S8,SB7,14880,S26,Summer Season 2026,SM8,R-2028
8e49303263f3a7dd,-,Tompsett,M,Mark,Mark Tompsett,GBR,S14,SB14,59807,S26,Summer Season 2026,SM14,C
a22b50fcf9373a26,-,Van Der Merwe,M,Jason,Jason Van Der Merwe,GBR,S14,SB14,62477,S26,Summer Season 2026,SM14,R-2027
6ff9afcf9bb174a4,-,Vearncombe,M,Cameron,Cameron Vearncombe,GBR,S14,SB14,52276,S26,Summer Season 2026,SM14,C
1f68d28e9db1d598,"A, 12, +",Warrington,F,Callie-Ann,Callie-Ann Warrington,GBR,S10,SB9,56247,S26,Summer Season 2026,SM10,C
ca1ff86ba06a17a4,-,Webb,F,Saskia,Saskia Webb,GBR,S14,SB14,56106,S26,Summer Season 2026,SM14,R-2026
509ce1ec52f07cc6,"A, 1, 3, 4, 12, +",Whiston,F,Brock,Brock Whiston,GBR,S9,SB8,41153,S26,Summer Season 2026,SM9,R-2028
ec3aeda357c40bb6,"H, 12, +",Williams,M,Kieran,Kieran Williams,GBR,S10,SB9,41613,S26,Summer Season 2026,SM10,R-2029
6c1b03b1afd6c853,-,Williams,F,Rose,Rose Williams,GBR,S14,SB14,66526,S26,Summer Season 2026,SM14,R-2027
dc451fdd29a796e8,"1, 3, 5",Willis,F,Meghan,Meghan Willis,GBR,S9,SB9,41699,S26,Summer Season 2026,SM9,C
513a711bcbfd8704,"12, +",Winnifrith,F,Iona,Iona Winnifrith,GBR,S7,SB7,59798,S26,Summer Season 2026,SM7,R-2027
78ec03e711e61a09,"1, 3, 5",Wood,M,Jacob,Jacob Wood,GBR,S9,SB8,66758,S26,Summer Season 2026,SM9,C
2b55ae311015d557,"*, A, 12, +",Argyropoulos,M,Dimitrios,Dimitrios Argyropoulos,GRE,S9 S9,SB8 SB8,8298,S26,Summer Season 2026,SM9 SM9,R N
02f0452df4e8fc39,-,Drakiou,M,Ioannis Tsampikos,Ioannis Tsampikos Drakiou,GRE,S4,SB3,70887,S26,Summer Season 2026,SM4,N
14289f55cf7e1617,"12, +",Georgiadis,M,Polychronis,Polychronis Georgiadis,GRE,S10,SB9,53782,S26,Summer Season 2026,SM10,R-2025
772173217ea8c9c1,"1, 3, 5",Gkouli,F,Efthymia,Efthymia Gkouli,GRE,S9,SB8,8874,S26,Summer Season 2026,SM9,C
74c8babae210d13c,-,Ioannidis,M,Savvas,Savvas Ioannidis,GRE,S14,SB14,68798,S26,Summer Season 2026,SM14,R-2029
8fd0accdde29867f,"A, E, 7",Karypidis,M,Dimitrios,Dimitrios Karypidis,GRE,S1,N/A,21041,S26,Summer Season 2026,N/A,C
7f3e4cdb0eb00879,-,Komianos,M,Nikolaos,Nikolaos Komianos,GRE,S10,SB9,68770,S26,Summer Season 2026,SM10,N
2e2ecdebc3e5b2d5,"A, E",Kontou,M,Nikolaos,Nikolaos Kontou,GRE,S1,N/A,52127,S26,Summer Season 2026,N/A,C
cb512859897f2025,"A, Y, 3, 5, 12",Kostakis,M,Ioannis,Ioannis Kostakis,GRE,S3,SB2,3428,S26,Summer Season 2026,SM3,C
a64b856b7953c494,"A, 3, 5, 12, +",Kyriakidou,F,Maria,Maria Kyriakidou,GRE,S7,SB6,33356,S26,Summer Season 2026,SM7,R-2021
ffd8d610ad94294b,"12, +",Lergios,M,Alexandros-Stylianos,Alexandros-Stylianos Lergios,GRE,S5,SB5,21042,S26,Summer Season 2026,SM5,C
d96c07c8b14ab4d6,"1, 2, 4",Michalentzakis,M,Dimosthenis,Dimosthenis Michalentzakis,GRE,S8,SB8,10485,S26,Summer Season 2026,SM8,C
f6873390cd093d64,"3, 5, 12, +",Ntoka,F,Aikaterina,Aikaterina Ntoka,GRE,S8,SB8,69744,S26,Summer Season 2026,SM8,R
a485a9c61f0d7461,-,Sermeti,F,Petroula,Petroula Sermeti,GRE,S14,SB14,60069,S26,Summer Season 2026,SM14,N
854a6700569fcc48,"A, 12",Sfaltos,M,Georgios,Georgios Sfaltos,GRE,S6,SB5,18675,S26,Summer Season 2026,SM6,C
7832d690e222c290,-,Sidiropoulou,F,Anastasia Marina,Anastasia Marina Sidiropoulou,GRE,S9,SB9,68729,S26,Summer Season 2026,SM9,N
ef957027f54b196b,"A, E, 7, 12",Spyridou,F,Areti Aravela,Areti Aravela Spyridou,GRE,S2,SB2,59308,S26,Summer Season 2026,SM2,R-2030
b196b4d23da03c73,"A, E, 3, 5, 12",Stamatopoulou,F,Alexandra,Alexandra Stamatopoulou,GRE,S4,SB3,21533,S26,Summer Season 2026,SM4,R-2025
6a2ebd7b91ca418d,-,Taliantzis,M,Athanasios,Athanasios Taliantzis,GRE,S8,SB8,60189,S26,Summer Season 2026,SM8,N
26aca5af5ca7ca3b,"A, 12",Tsakona,F,Maria,Maria Tsakona,GRE,S6,SB5,10810,S26,Summer Season 2026,SM6,C
c2b389d1145e27da,"A, 12",Tsapatakis,M,Antonios,Antonios Tsapatakis,GRE,S5,SB4,8873,S26,Summer Season 2026,SM5,C
c57ff05ba41995c1,"A, 3, 4, 12",Tziveleki,F,Maria Fanouria,Maria Fanouria Tziveleki,GRE,S5,SB5,53979,S26,Summer Season 2026,SM5,R-2029
3c273d3095f37273,"3, 4",Vasileiadis,M,Georgios,Georgios Vasileiadis,GRE,S10,SB9,53765,S26,Summer Season 2026,SM10,C
6bf332eade34b271,"1, 2, 4",Voulvoukeli,F,Michaela,Michaela Voulvoukeli,GRE,S8,SB8,63290,S26,Summer Season 2026,SM8,R-2027
e9444e409aaf2a34,-,Estrada,M,Jayro,Jayro Estrada,GUA,S9 S9,SB8 SB8,35770,S26,Summer Season 2026,SM9,C
7529beb34c69ad03,"5, 12, +",Lone,M,Octavio,Octavio Lone,GUA,S10,SB9,35771,S26,Summer Season 2026,SM10,R
66a2939193f0a7e8,-,Sylla,M,Mamoudou,Mamoudou Sylla,GUI,,SB8,63518,S26,Summer Season 2026,,
45c1a02ea5d6bdc8,-,Meza,M,Aden,Aden Meza,HON,S9,SB9,65553,S26,Summer Season 2026,SM9,N
6c991f7f5e2d6565,"1, 3, 5",Au,F,Lok Yi Dorothy,Lok Yi Dorothy Au,HKG,S9,SB9,51594,S26,Summer Season 2026,SM9,C
a7d68d6df5da97e3,0,Chan,F,Yui Lam,Yui Lam Chan,HKG,S14,SB14,35801,S26,Summer Season 2026,SM14,C
d6580f69c97aae5b,"T, B",Chen,M,Kai Ho,Kai Ho Chen,HKG,S11,SB11,67046,S26,Summer Season 2026,SM11,R-2028
ec81f95d9530b101,0,Cheong,F,Sui Kei,Sui Kei Cheong,HKG,S14,SB14,35802,S26,Summer Season 2026,SM14,C
7b84e0134b6d60f7,0,Cheung,F,Ho Ying,Ho Ying Cheung,HKG,S14,SB14,35803,S26,Summer Season 2026,SM14,C
e3548031dec4a285,-,Cheung,M,Tsun Lok,Tsun Lok Cheung,HKG,S14,SB14,51593,S26,Summer Season 2026,SM14,C
07b3d362ae9b5de6,-,Choi,M,Chi Keung,Chi Keung Choi,HKG,S14,SB14,62864,S26,Summer Season 2026,SM14,R-2027
20b302f1b9a66339,-,Chui,M,Ho Bon Samuel,Ho Bon Samuel Chui,HKG,NE,NE,55688,S26,Summer Season 2026,NE,R
ff72b3a94616db95,-,Hu,F,Jiajia,Jiajia Hu,HKG,S13,SB13,67045,S26,Summer Season 2026,SM13,N
ab25a2204982d3e3,-,Hui,M,Ka Chun,Ka Chun Hui,HKG,S14,SB14,26297,S26,Summer Season 2026,SM14,C
58207b2b3a8582d6,-,Hung,M,Wing Long,Wing Long Hung,HKG,S14,SB14,62789,S26,Summer Season 2026,SM14,R-2027
339d73c05342c0bb,-,Ko,F,Tsz Kiu Ivana,Tsz Kiu Ivana Ko,HKG,S10,SB9,70140,S26,Summer Season 2026,SM10,N
2acc82a5208902b7,-,Lau,F,Chiu Yee,Chiu Yee Lau,HKG,S14,SB14,56395,S26,Summer Season 2026,SM14,R-2027
cff8d9ab930ae802,"1, 3, 5",Lee,F,Hang Fei,Hang Fei Lee,HKG,S9,SB9,69331,S26,Summer Season 2026,SM9,R-2031
d4de5aefe05dbf29,0,Lip,M,Kin Kwan,Kin Kwan Lip,HKG,S13,SB13,8297,S26,Summer Season 2026,SM13,R-2028
799e98c96af759de,-,Low,M,Sze Lok Cyrus,Sze Lok Cyrus Low,HKG,NE,NE,66921,S26,Summer Season 2026,NE,R
30f1fcc4e1d1e1d0,-,Mak,M,Wang Pok,Wang Pok Mak,HKG,S14,SB14,66919,S26,Summer Season 2026,SM14,R
e182c64c3d1d3077,"12, +",Ng,F,Cheuk Yan,Cheuk Yan Ng,HKG,S7,SB7,52866,S26,Summer Season 2026,SM7,R-2027
4538239e3732ca16,"A, 12, +",Ng,F,Lai Ping,Lai Ping Ng,HKG,S7,SB6,61125,S26,Summer Season 2026,SM7,R-2029
e97fbcb2dea6cefe,0,Tang,M,Wai Lok,Wai Lok Tang,HKG,S14,SB14,17950,S26,Summer Season 2026,SM14,C
b5a0ec7bb4f35dd5,-,Tse,F,Lam Yan Karen,Lam Yan Karen Tse,HKG,S14,SB14,43257,S26,Summer Season 2026,SM14,C
6a43eb822c82e98b,-,Wong,M,Hon Yin,Hon Yin Wong,HKG,S14,SB14,32600,S26,Summer Season 2026,SM14,C
e096b8ecf6219a7a,"A, Y, E, 7, 12",Adami-Rozsa,F,Zsanett,Zsanett Adami-Rozsa,HUN,S2,SB1,3468,S26,Summer Season 2026,SM2,C
94f23e2efa393023,"A, 12",Birnbauer,M,Botond,Botond Birnbauer,HUN,S6,SB5,63267,S26,Summer Season 2026,SM6,R-2029
234c81b4e7d17176,"12, +",Hotz,F,Csenge,Csenge Hotz,HUN,S10,SB9,52811,S26,Summer Season 2026,SM10,R-2027
0d308937234dc417,"A, 3, 5, 12, +",Illes,F,Fanni,Fanni Illes,HUN,S6,SB4,4089,S26,Summer Season 2026,SM6,C
9d16a80ecd93a1a0,"3, 5, 12, +",Ivan,M,Bence,Bence Ivan,HUN,S6,SB6,28753,S26,Summer Season 2026,SM6,C
76dcfed93f270196,"3, 5",Janza,F,Virag Csenge,Virag Csenge Janza,HUN,S10,SB9,59876,S26,Summer Season 2026,SM10,R-2029
574dc1b0c01c9bcc,"1, 3, 5",Konkoly,F,Zsofia,Zsofia Konkoly,HUN,S9,SB9,20246,S26,Summer Season 2026,SM9,C
aca1843a93159aa1,8,Molnar,F,Liliana,Liliana Molnar,HUN,S10,SB9,52816,S26,Summer Season 2026,SM10,C
b0def0cc92edb230,"12, +",Pap,F,Bianka,Bianka Pap,HUN,S10,SB9,19286,S26,Summer Season 2026,SM10,C
a2ce12714b0589f8,"3, 5",Pasko,F,Dorothy,Dorothy Pasko,HUN,S10,SB9,62978,S26,Summer Season 2026,SM10,R-2027
1cf70248646b6a5a,9,Payer,F,Kata,Kata Payer,HUN,S9,SB8,33683,S26,Summer Season 2026,SM9,C
65883bb6829e257d,"A, 12",Szaraz,F,Evelin,Evelin Szaraz,HUN,S7,SB6,33682,S26,Summer Season 2026,SM7,R-2029
eafe338fd7365383,"A, 3, 5, 12, +",Bjornsdottir,F,Thelma Bjorg,Thelma Bjorg Bjornsdottir,ISL,S6,SB5,11697,S26,Summer Season 2026,SM6,C
177b4307c2f1ba78,-,Jonsson,M,Robert Isak,Robert Isak Jonsson,ISL,S14,SB14,29235,S26,Summer Season 2026,SM14,C
bfe21376058eaea5,"A, E, 12",Sigurdardottir,F,Sonja,Sonja Sigurdardottir,ISL,S3,SB3,3949,S26,Summer Season 2026,SM3,R-2029
6d612f0c45f30a66,-,,M,Bhaira Ram,Bhaira Ram,IND,S8,,65820,S26,Summer Season 2026,,
3daaa04d1801ee5f,"1, 3, 5",,M,Binu Gnanadhasan,Binu Gnanadhasan,IND,S10,SB9,38960,S26,Summer Season 2026,SM10,C
527d06b5ad377419,9,,M,Dhyan Kashyap N M,Dhyan Kashyap N M,IND,S10,SB9,35040,S26,Summer Season 2026,SM10,C
dec7bf1b95d9a61f,8,,M,Kapil Kumar,Kapil Kumar,IND,S10,SB9,55709,S26,Summer Season 2026,SM10,C
fafef2542584cab2,-,,M,Pushpendra,Pushpendra,IND,S8,SB8,68806,S26,Summer Season 2026,SM8,N
f838a285406cfdff,-,,M,Sabari Anand,Sabari Anand,IND,S7,,69913,S26,Summer Season 2026,,
b59423905a18e6a1,"A, 12",,M,Shantanu,Shantanu,IND,S5,SB4,54083,S26,Summer Season 2026,SM5,R-2025
0aede2b73ad38fcf,-,,M,Yudhishtar,Yudhishtar,IND,,SB9,66662,S26,Summer Season 2026,,
07b27ad2fcda6523,"1, 2, 4",Adari,M,Praneth,Praneth Adari,IND,S8,SB8,52356,S26,Summer Season 2026,SM8,R-2029
8153842cfe491628,"A, E, 3, 5, 12",Adlakha,M,Revansh,Revansh Adlakha,IND,S4,SB3,56703,S26,Summer Season 2026,SM4,R-2026
ba696a2f681704c4,"*, A, 12",Anavekar,M,Raghavendra,Raghavendra Anavekar,IND,S6,SB5,4001,S26,Summer Season 2026,SM6,R
c72b1abe07da2ec3,"1, 2, 4",Attar,M,Afrid Mukhtar,Afrid Mukhtar Attar,IND,S8,SB8,33938,S26,Summer Season 2026,SM8,C
f0295a4478669614,8,Bhosale,M,Ajay Hindurao,Ajay Hindurao Bhosale,IND,S10,SB9,58028,S26,Summer Season 2026,SM10,C
5c71ea3ec4dba3ba,-,Budigina,M,Ravi Veera Venkata Bhavani K,Ravi Veera Venkata Bhavani K Budigina,IND,S13,SB13,54295,S26,Summer Season 2026,SM13,R-2027
c2896b0f40659157,-,Chavan,M,Rajveer Raviraj,Rajveer Raviraj Chavan,IND,S13,SB13,67208,S26,Summer Season 2026,SM13,N
4f7fc02bfc7494f6,-,Chordiya,F,Trupti Dilip,Trupti Dilip Chordiya,IND,,SB5,57561,S26,Summer Season 2026,,
d3cd1e170e166f76,"A, 12",Dabass,M,Yashdeep,Yashdeep Dabass,IND,S5,SB4,39199,S26,Summer Season 2026,SM5,C
43754d158c9e376a,-,Dalvi,F,Siddhi Dhirendra,Siddhi Dhirendra Dalvi,IND,S11,SB11,67207,S26,Summer Season 2026,SM11,N
412974ba920c6d22,-,Das,M,Hardik,Hardik Das,IND,S10,SB9,66973,S26,Summer Season 2026,,
5bd0318528398f3e,-,Deshmukh,M,Bhagyesh Nitin,Bhagyesh Nitin Deshmukh,IND,S14,,52178,S26,Summer Season 2026,,
ff3d19b02ed74ee3,-,Dev,M,Kapil,Kapil Dev,IND,S7,SB6,68192,S26,Summer Season 2026,SM7,N
17571832c2538e68,-,Gade,M,Samvidhan Siddhant,Samvidhan Siddhant Gade,IND,S14,SB14,69265,S26,Summer Season 2026,SM14,R-2028
6d89fa677a2b79d5,-,Ganglani,F,Ananya,Ananya Ganglani,IND,S9,SB8,67002,S26,Summer Season 2026,SM9,N
b1e8b8e38273885f,"12, +",Gaundalkar,F,Simran Vivek,Simran Vivek Gaundalkar,IND,S6,SB6,39099,S26,Summer Season 2026,SM6,C
2d3b806abb4e32c7,-,Gorai,F,Anamika,Anamika Gorai,IND,CNC,CNC,34105,S26,Summer Season 2026,CNC,R
fbd6457eabb62cb6,-,Gotmare,M,Ram Manish,Ram Manish Gotmare,IND,S14,SB14,67129,S26,Summer Season 2026,SM14,N
6d2347ea5859e1bd,-,Gurjar,M,Vikram Singh,Vikram Singh Gurjar,IND,S9,SB8,66850,S26,Summer Season 2026,SM9,N
522e2dbf4c7a4ffb,T,Halder,F,Madhumita,Madhumita Halder,IND,CNC,CNC,62309,S26,Summer Season 2026,CNC,R
5c97dc45c19c9430,9,Harsh,M,Harsh,Harsh Harsh,IND,S10,SB9,52278,S26,Summer Season 2026,SM10,R-2029
9685a30ab7785174,-,Imam,M,Ali,Ali Imam,IND,S12,SB12,55188,S26,Summer Season 2026,SM12,R-2028
58ae1486bade2d5b,"A, Y, E, 7",Indori,M,Abdul Quadir,Abdul Quadir Indori,IND,S5,SB6,52385,S26,Summer Season 2026,SM5,C
118569e4b4075611,9,Jadhav,M,Sahil Rajaram,Sahil Rajaram Jadhav,IND,S10,SB9,34955,S26,Summer Season 2026,SM10,R-2026
ee06f975569057e1,"A, Y, E, 3, 5",Jadhav,M,Suyash Narayan,Suyash Narayan Jadhav,IND,S7,SB7,9233,S26,Summer Season 2026,SM7,C
060a601edf59bf72,"A, 12, +",Jagtap,F,Vaishnavi Vinod,Vaishnavi Vinod Jagtap,IND,S8,SB7,22850,S26,Summer Season 2026,SM8,C
4aefb44f29ca2421,-,Jaya,F,Chithra,Chithra Jaya,IND,S7,SB7,69267,S26,Summer Season 2026,SM7,N
0acdaa71c1bfeb80,-,Jharoliya,M,Aniket,Aniket Jharoliya,IND,S9,,67135,S26,Summer Season 2026,,
a54351434230c6c2,-,Junnedi,M,Moin,Moin Junnedi,IND,CNC,CNC,20527,S26,Summer Season 2026,CNC,R
6c8def87bcbe7ebc,9,Kamble,F,Annapurna Sunil,Annapurna Sunil Kamble,IND,S9,SB9,53569,S26,Summer Season 2026,SM9,R-2027
31bb2ac19e36ced7,"*, 9",Kapade,M,Prathamesh Sambhaji,Prathamesh Sambhaji Kapade,IND,S9,SB8,34090,S26,Summer Season 2026,SM9,R
a3a0d7a32d038c5f,-,Kashatwar,M,Srinikesh Kiran,Srinikesh Kiran Kashatwar,IND,S8,SB7,61622,S26,Summer Season 2026,SM8,N
56a31dc51094c44a,-,Katte,M,Advait Vijay,Advait Vijay Katte,IND,S10,SB9,67210,S26,Summer Season 2026,SM10,N
3410f0f5d2305e14,T,Kere,M,Ritesh Rajendra,Ritesh Rajendra Kere,IND,S12,SB12,66568,S26,Summer Season 2026,SM12,R-2028
5b2d16b3c7d94833,-,Kharwandikar,F,Suchitra Sunil,Suchitra Sunil Kharwandikar,IND,,SB6,50945,S26,Summer Season 2026,,
9457f620e97fd2c8,-,Khatun,F,Yesmina,Yesmina Khatun,IND,S10,SB9,66923,S26,Summer Season 2026,SM10,N
a74bdf7d0de6ec76,-,Kowadkar,M,Sowmil Ravindra,Sowmil Ravindra Kowadkar,IND,S14,SB14,41807,S26,Summer Season 2026,SM14,R
b5e893822a9e9594,"A, 12",Kulkarni,M,Chaitanya Vishwas,Chaitanya Vishwas Kulkarni,IND,S6,SB5,56705,S26,Summer Season 2026,SM6,R-2027
ce0aa7fd56d55d90,-,Kumar,M,Pramod,Pramod Kumar,IND,S4,SB3,65204,S26,Summer Season 2026,SM4,N
135367dae941c000,"A, 12",Kumar,M,Rohit,Rohit Kumar,IND,S5,SB4,68782,S26,Summer Season 2026,SM5,R-2028
5a3f275c71159b88,-,Kumar,M,Saurav,Saurav Kumar,IND,S6,SB5,68656,S26,Summer Season 2026,SM6,N
7cfda74b9a7a7a80,"3, 5",Kurane,M,Sumit Rajendra,Sumit Rajendra Kurane,IND,S9,SB9,41726,S26,Summer Season 2026,SM9,C
40f313358ea3ca25,12,Lingutla,M,Gopichand,Gopichand Lingutla,IND,S7,SB6,41772,S26,Summer Season 2026,SM7,R-2025
853e04ceaaa8b479,-,Makwana,M,Jayeshbhai Jivanbhai,Jayeshbhai Jivanbhai Makwana,IND,S6,SB6,69194,S26,Summer Season 2026,SM6,N
b83a8fabc19db46d,"1, 3, 5",Malagi,M,Shridhar Nagappa,Shridhar Nagappa Malagi,IND,S8,SB8,26613,S26,Summer Season 2026,SM8,C
ab5b0e35cfb6ffda,-,Mani,F,Mani,Mani Mani,IND,S9,SB8,69269,S26,Summer Season 2026,SM9,N
027862828bcf7fbf,"T, B",Meena,M,Surajbhan,Surajbhan Meena,IND,S11,SB11,66851,S26,Summer Season 2026,SM11,R-2028
21c7e00a0543ef9e,"H, A, 12, +",Molla,M,Ajibur Rahaman,Ajibur Rahaman Molla,IND,S8,SB7,26879,S26,Summer Season 2026,SM8,R-2025
929ae5e881c1523b,T,Molla,M,Jahangir,Jahangir Molla,IND,S12,SB12,65821,S26,Summer Season 2026,SM12,R-2030
8602be90cdb8e13f,-,Molla,F,Sufia,Sufia Molla,IND,CNC,CNC,22874,S26,Summer Season 2026,CNC,R
86f879876d45037f,"*, 6, 12, +",Mondal,F,Sathi,Sathi Mondal,IND,S6,SB6,34946,S26,Summer Season 2026,SM6,R
f35d28ba5598985c,"A, 12",Mukundan,M,Niranjan,Niranjan Mukundan,IND,S7,SB6,18651,S26,Summer Season 2026,SM7,C
d16bd7406a05bcad,"12, +",Munde,F,Abha Ganesh,Abha Ganesh Munde,IND,S8,SB7,65147,S26,Summer Season 2026,SM8,R-2029
92b1455bc1d5eeec,"1, 3, 5",Mutagekar,M,Sumit Sudhir,Sumit Sudhir Mutagekar,IND,S9,SB9,56218,S26,Summer Season 2026,SM9,C
3f95b0e0a701233a,"3, 5, 9",Nakade,F,Shashruti Vinayak,Shashruti Vinayak Nakade,IND,S9,SB8,33291,S26,Summer Season 2026,SM9,C
9986145c2cdde0eb,"1, 3, 5, 12, +",Nanda Kumar,M,Punith,Punith Nanda Kumar,IND,S8,SB8,31150,S26,Summer Season 2026,SM8,C
ccaf3d5aba64e00a,"A, 12",Nandakumar,M,Tejas,Tejas Nandakumar,IND,S7,SB6,31152,S26,Summer Season 2026,SM7,R
bdf682d2c03cfc85,"T, B",Nandal,M,Himanshu,Himanshu Nandal,IND,S11,SB11,54202,S26,Summer Season 2026,SM11,R-2027
4bcb48d91e910da0,-,Palan,F,Indresh Nishant,Indresh Nishant Palan,IND,S9,SB8,65153,S26,Summer Season 2026,SM9,N
65a002198d96b840,"T, B, 0",Pande,F,Kanchanmala,Kanchanmala Pande,IND,S11,SB11,6645,S26,Summer Season 2026,SM11,C
68988acc3f3f8889,-,Patil,M,Atharv Shahaji,Atharv Shahaji Patil,IND,S9,SB9,52351,S26,Summer Season 2026,,
e9c0e54ff586283f,-,Patil,F,Riya Sachin,Riya Sachin Patil,IND,S5,,52371,S26,Summer Season 2026,,
ff6be1c9f87ea3c4,"12, +",Patil,M,Swapnil,Swapnil Patil,IND,S10,SB9,20458,S26,Summer Season 2026,SM10,C
450e927da4aca7dd,"3, 5",Patil,M,Swatik,Swatik Patil,IND,S9,SB9,26667,S26,Summer Season 2026,SM9,R-2027
64cc4671d00fa9c2,"12, +",Patil Bhopale,M,Aditya Ajit,Aditya Ajit Patil Bhopale,IND,S10,SB8,41729,S26,Summer Season 2026,SM10,R-2025
1b249894de56b389,"A, E, 7",Poyilil,M,Muhammed Aasim,Muhammed Aasim Poyilil,IND,S2,CNC,62310,S26,Summer Season 2026,CNC,R
aece2038a6bedb0b,-,Pujari,F,Saee Moreshwar,Saee Moreshwar Pujari,IND,S7,SB6,57676,S26,Summer Season 2026,SM7,N
194ff350eddc4139,-,Rai,F,Jiya,Jiya Rai,IND,S14,,52128,S26,Summer Season 2026,,
0b069c1e19647afb,-,Rajagopal,M,Nithruv,Nithruv Rajagopal,IND,S14,SB14,61619,S26,Summer Season 2026,SM14,N
d0df88c9c142d4ed,"A, 12",Rajkumar,M,Herojit Singh,Herojit Singh Rajkumar,IND,S5,SB4,39135,S26,Summer Season 2026,SM5,C
a11830e1b9436d17,-,Rana,F,Devanshi Manoj,Devanshi Manoj Rana,IND,S10,,61726,S26,Summer Season 2026,,
d6480aef923a1989,-,Rathod,F,Niti Rakeshbhai,Niti Rakeshbhai Rathod,IND,S14,SB14,58389,S26,Summer Season 2026,SM14,R
4feb8c4d35f18540,-,Rawat,M,Lakshay,Lakshay Rawat,IND,S10,SB9,65174,S26,Summer Season 2026,SM10,N
9e77a54ba4883c15,-,Sankhala,M,Sanjay,Sanjay Sankhala,IND,S6,SB5,69266,S26,Summer Season 2026,SM6,N
2bf0262c74823adb,"1, 3, 5",Satija,F,Devanshi,Devanshi Satija,IND,S10,SB9,34076,S26,Summer Season 2026,SM10,C
42ba8e4b14f4a41d,"A, 12",Shaikh,M,Mohammad Shams Aalam,Mohammad Shams Aalam Shaikh,IND,S5,SB4,31153,S26,Summer Season 2026,SM5,C
1676b7cc70fae113,-,Sharma,M,Sahil,Sahil Sharma,IND,S10,,68437,S26,Summer Season 2026,,
07ee60695f2c7fae,9,Sidhavelayutham,M,Mugunathan,Mugunathan Sidhavelayutham,IND,S9,SB8,61727,S26,Summer Season 2026,SM9,R-2030
f3cf743ab56bfb4e,8,Singh,M,Ashish Kumar,Ashish Kumar Singh,IND,S9,SB8,52254,S26,Summer Season 2026,SM9,C
ea687f34b29b2a64,-,Singh,M,Jagveer,Jagveer Singh,IND,CNC,CNC,68191,S26,Summer Season 2026,CNC,R
fff03edef2d589bb,-,Syed Mohamed,M,Abdul Rahman,Abdul Rahman Syed Mohamed,IND,S14,SB14,44549,S26,Summer Season 2026,SM14,R
5025a52e1fd3205d,-,Vanani,F,Nishtha Sanjaybhai,Nishtha Sanjaybhai Vanani,IND,S8,,70432,S26,Summer Season 2026,,
d756ca6ee85a9127,"A, 12",Vyas,F,Garima Dhananjay,Garima Dhananjay Vyas,IND,S6,SB5,53869,S26,Summer Season 2026,SM6,C
d75de2b62b31aa3d,-,Yadav,M,Omprakash,Omprakash Yadav,IND,S8,SB8,69993,S26,Summer Season 2026,SM8,N
6868544963d475f4,"12, +",,F,Riyanti,Riyanti,INA,S6,SB6,36398,S26,Summer Season 2026,SM6,C
bf977ecf1650d276,"1, 3, 5, 8",Aimah,F,Nor,Nor Aimah,INA,S7,SB7,35706,S26,Summer Season 2026,SM7,C
d32c5b74967e973e,"12, +",Alfiah,F,Siti,Siti Alfiah,INA,S6,SB6,39534,S26,Summer Season 2026,SM6,C
06a60a3f98657e7b,8,Azizah,F,Zahra Nur,Zahra Nur Azizah,INA,S9,SB8,61114,S26,Summer Season 2026,SM9,R-2027
a1ff5622115b4e3d,"*, 12",Hadianto,M,Fajar Nur,Fajar Nur Hadianto,INA,S6,SB5,29485,S26,Summer Season 2026,SM6,R
a665f2653b6f3301,"3, 5",Harsanto,F,Mutiara Cantik,Mutiara Cantik Harsanto,INA,S9,SB9,35705,S26,Summer Season 2026,SM9,C
4463ccfc2559b891,0,Indriani,F,Syuci,Syuci Indriani,INA,S14,SB14,29537,S26,Summer Season 2026,SM14,C
f680554bef673ad1,-,Januari,M,Januari,Januari Januari,INA,S5,SB4,58096,S26,Summer Season 2026,SM5,N
9400d102bed2dbbe,-,Lie,F,Theradina Audria,Theradina Audria Lie,INA,S10,SB9,68465,S26,Summer Season 2026,SM10,R-2028
e8999284f049c64e,"12, +",Pahker,M,M Gerry,M Gerry Pahker,INA,S6,SB6,51645,S26,Summer Season 2026,SM6,C
360604463c24a1f8,8,Pangabean,M,Jendi,Jendi Pangabean,INA,S9,SB8,23763,S26,Summer Season 2026,SM9,C
019831f1f1eab47b,0,Pratama,F,Meliana Ratih,Meliana Ratih Pratama,INA,S14,SB14,39303,S26,Summer Season 2026,SM14,C
8bf97005b720325f,"3, 5, 9",Rahman,M,Abdil Majid,Abdil Majid Rahman,INA,S8,SB7,61265,S26,Summer Season 2026,SM8,R-2027
168e40f0368defd7,"3, 5",Ramadhani,M,Ubaidillah Amsyar Juba,Ubaidillah Amsyar Juba Ramadhani,INA,S10,SB9,61112,S26,Summer Season 2026,SM10,R-2027
9130d5b3824ad05e,8,Saputra,M,Rino,Rino Saputra,INA,S9,SB8,39300,S26,Summer Season 2026,SM9,C
0fbd2e78e0e114c9,9,Sualang,M,Tangkilisan Steven,Tangkilisan Steven Sualang,INA,S10,SB9,6459,S26,Summer Season 2026,SM10,C
423b66f4610785fc,"3, 5, 12, +",Wibawa,M,Aris,Aris Wibawa,INA,S8,SB7,29491,S26,Summer Season 2026,SM8,C
60fc68ac49c32ec6,-,Yavianda,M,Maulana Rifky,Maulana Rifky Yavianda,INA,S12,SB12,39543,S26,Summer Season 2026,SM12,R-2028
1ef883a0e9516648,"12, +",Yuda,M,Bayu Putra,Bayu Putra Yuda,INA,S10,SB9,39512,S26,Summer Season 2026,SM10,C
3583ae7415c97fdb,"3, 5, 12, +",Zulkarnain,M,Zaki,Zaki Zulkarnain,INA,S9,SB9,39302,S26,Summer Season 2026,SM9,R-2029
7ba7c8677f5f066d,-,Alizadehmoghaddam,M,Amirhossein,Amirhossein Alizadehmoghaddam,IRI,S9,SB8,63639,S26,Summer Season 2026,SM9,N
07cbb844bf86a190,-,Bahrami Marzban,M,Amirreza,Amirreza Bahrami Marzban,IRI,S9,SB8,63752,S26,Summer Season 2026,SM9,N
292176407113752f,"T, B",Ghasemi,M,Abolfazl,Abolfazl Ghasemi,IRI,S11,SB11,35189,S26,Summer Season 2026,SM11,R
bcc01d44c83db680,-,Hosseinabadi,M,Farzad,Farzad Hosseinabadi,IRI,S8,SB7,42625,S26,Summer Season 2026,SM8,N
cb327143832e63fe,-,Hosseini,M,Seyedarshavir,Seyedarshavir Hosseini,IRI,S8,SB8,67247,S26,Summer Season 2026,SM8,N
0ca0cc7b003785ab,"3, 5",Izadyar,M,Shahin,Shahin Izadyar,IRI,S10,SB9,7610,S26,Summer Season 2026,SM10,C
c0b6a29cdb6a025a,-,Jafaripakdel,M,Seyed Erfan,Seyed Erfan Jafaripakdel,IRI,S13,SB13,63370,S26,Summer Season 2026,SM13,N
18f0fd1c6e006fdc,-,Karimi Jahan Abadi,M,Mohammadhossein,Mohammadhossein Karimi Jahan Abadi,IRI,S12,SB12,21166,S26,Summer Season 2026,SM12,R-2027
6e0f2caf0410088e,"*, A, 1, 6, 12",Karimzadeh Kiskani,M,Mohammad,Mohammad Karimzadeh Kiskani,IRI,S4,SB3,35442,S26,Summer Season 2026,SM4,R
38f7552c4925142c,"1, 3, 5",Malek Oladi,M,Abolfazl,Abolfazl Malek Oladi,IRI,S9,SB8,42624,S26,Summer Season 2026,SM9,R-2028
87190e5155c602c5,"3, 5, 12, +",Motallebi Fesharaki,M,Ali,Ali Motallebi Fesharaki,IRI,S9,SB8,51862,S26,Summer Season 2026,SM9,R-2025
322c2fd2f8c214d1,-,Navidi,M,Sepanta,Sepanta Navidi,IRI,S10,SB9,63638,S26,Summer Season 2026,SM10,N
8425fb5f720b5a7d,"A, 8",Negarestani,M,Soroush,Soroush Negarestani,IRI,S9,SB8,35202,S26,Summer Season 2026,SM9,C
c3841239c202b15a,"A, 12",Rashidabadi,M,Ali,Ali Rashidabadi,IRI,S6,SB5,54300,S26,Summer Season 2026,SM6,C
a755de9c6c62380e,"T, B",Saadatimoghaddam,M,Amirhossein,Amirhossein Saadatimoghaddam,IRI,S11,SB11,35192,S26,Summer Season 2026,SM11,R
7a588b1122be9917,-,Seifi,M,Sepehr,Sepehr Seifi,IRI,S9,SB8,63751,S26,Summer Season 2026,SM9,N
921f9066b1df02fb,-,Sheikh Hashemi,M,Seyedpouria,Seyedpouria Sheikh Hashemi,IRI,S8,,70707,S26,Summer Season 2026,,
2c541853a15289f1,"1, 3, 5",Zarif Pouresmaeilyazdi,M,Abolfazl,Abolfazl Zarif Pouresmaeilyazdi,IRI,S9,SB9,51785,S26,Summer Season 2026,SM9,C
4cd5be7bffd07562,"3, 5",Zeyghaminejad,M,Sina,Sina Zeyghaminejad,IRI,S10,SB9,35207,S26,Summer Season 2026,SM10,C
366ba4b754538da3,8,Al-Attwani,M,Mohammed,Mohammed Al-Attwani,IRQ,S9,SB8,54494,S26,Summer Season 2026,SM9,R-2026
76e830d1d687fa0b,9,Al-Hayani,M,Mustafa,Mustafa Al-Hayani,IRQ,S9,SB8,42428,S26,Summer Season 2026,SM9,C
89d0606b74ece671,"A, 12",Al-Khafaji,M,Qasim,Qasim Al-Khafaji,IRQ,S6,SB5,19656,S26,Summer Season 2026,SM6,C
dca4490ea634f9f6,-,Awad,M,Muslim,Muslim Awad,IRQ,S8,SB8,65796,S26,Summer Season 2026,,
72ce6cfc35e767f9,"T, B",Bateson,F,Elodie,Elodie Bateson,IRL,S11,SB11,62845,S26,Summer Season 2026,SM11,C
c6837f363a57c43e,-,Black,M,Samuel,Samuel Black,IRL,S14,SB14,64962,S26,Summer Season 2026,SM14,R
2031def7fd031ed0,"12, +",Brady,F,Dearbhaile,Dearbhaile Brady,IRL,S6,SB6,55625,S26,Summer Season 2026,SM6,C
7eedde09bb69e8d8,"1, 2, 4",Brennan,M,Luke,Luke Brennan,IRL,S8,SB8,62929,S26,Summer Season 2026,SM8,R-2027
3fab02c2befb8324,"12, +",Hogan,F,Maya,Maya Hogan,IRL,S10,SB9,68794,S26,Summer Season 2026,SM10,R-2028
adf5cf7767a46f4a,"1, 3, 5",Lynch,F,Ellie,Ellie Lynch,IRL,S9,SB9,62947,S26,Summer Season 2026,SM9,R-2028
5793c08f229ff806,9,McClements,M,Barry,Barry McClements,IRL,S9,SB8,30056,S26,Summer Season 2026,SM9,C
08180ba39a3b0f8e,-,Ni Riain,F,Roisin,Roisin Ni Riain,IRL,S13,SB13,43896,S26,Summer Season 2026,SM13,R-2027
2e7fa7872c0ab1e1,"A, 3, 5, 12",Nic Bradaigh,F,Siomha,Siomha Nic Bradaigh,IRL,S7,SB7,52095,S26,Summer Season 2026,SM7,R-2027
89ca0cb613ecd1c6,9,O'Donoghue,M,Luke,Luke O'Donoghue,IRL,S9,SB9,62897,S26,Summer Season 2026,SM9,R-2027
83afe38c3eaab85e,-,Prenderville,M,Dylan,Dylan Prenderville,IRL,S6 S6,SB6,69672,S26,Summer Season 2026,SM6,N
5a893d9441f97eec,-,Registe,M,Deaten,Deaten Registe,IRL,S14,SB14,57923,S26,Summer Season 2026,SM14,R
67c875bf65f63473,-,Scully,F,Emersyn,Emersyn Scully,IRL,S14,SB14,68780,S26,Summer Season 2026,SM14,R-2030
ac4b9abaf5e8a319,"A, 3, 4, 12, +",Bar Nitzan,F,Shay,Shay Bar Nitzan,ISR,S7,SB6,55771,S26,Summer Season 2026,SM7,C
10c0e0f4716dea88,"A, 3, 12",Dadaon,M,Ami Omer,Ami Omer Dadaon,ISR,S4,SB3,34764,S26,Summer Season 2026,SM4,C
bf00d89569fcb5d0,"A, 3, 12",Guirenko,F,Veronika,Veronika Guirenko,ISR,S3,SB2,19481,S26,Summer Season 2026,SM3,C
5dc29dea763a624b,"A, 3, 5, 12",Katav,M,Noam,Noam Katav,ISR,S5,SB4,55772,S26,Summer Season 2026,SM5,R-2030
1f6e96e25c2a2bd8,-,Kharuf,F,Amjad,Amjad Kharuf,ISR,S6,,62954,S26,Summer Season 2026,,
273963f73b37d627,"A, E, 3, 12, +",Malyar,M,Ariel,Ariel Malyar,ISR,S4,SB3,22473,S26,Summer Season 2026,SM4,C
b345930bd04c8b97,"A, 3, 5, 12, +",Nevo,F,Arbel,Arbel Nevo,ISR,S8,SB8,62952,S26,Summer Season 2026,SM8,R-2028
3e7e3d80213acc6c,"H, A, E, 3, 5, 12",Shalabi,M,Iyad,Iyad Shalabi,ISR,S1,SB1,3352,S26,Summer Season 2026,SM1,C
522b5bab352250b2,-,Shumeiko,M,Kiril,Kiril Shumeiko,ISR,S1,,62955,S26,Summer Season 2026,,
c80732abb2344d2c,"A, 12",Aere,F,Katia,Katia Aere,ITA,S7,SB6,36798,S26,Summer Season 2026,SM7,R-2021
9473a9aa7b6f82c1,-,Agostini,F,Elena,Elena Agostini,ITA,S6,SB6,68604,S26,Summer Season 2026,SM6,N
beceb3cd6c5ca46a,-,Agosto,M,Alessandro,Alessandro Agosto,ITA,S14,SB14,52703,S26,Summer Season 2026,SM14,C
68f12f5a76aded54,-,Alessio,M,Fabio,Fabio Alessio,ITA,S5,SB4,68539,S26,Summer Season 2026,SM5,N
4f4a38e46b4a036b,"A, 3, 5, 12, +",Alfei,F,Martina,Martina Alfei,ITA,S8,SB8,60167,S26,Summer Season 2026,SM8,R-2027
b3b371c739177e78,-,Amato,M,Michele,Michele Amato,ITA,S5,SB5,68716,S26,Summer Season 2026,SM5,N
9c165e78315bc445,-,Amelio,M,Edoardo Giorgio,Edoardo Giorgio Amelio,ITA,S4,SB3,68937,S26,Summer Season 2026,SM4,N
eb9625d503df867d,"3, 5, 9",Amodeo,M,Alberto,Alberto Amodeo,ITA,S8,SB7,42447,S26,Summer Season 2026,SM8,C
6c1e80398ea2595d,-,Amodeo,F,Giorgia,Giorgia Amodeo,ITA,S1,,68670,S26,Summer Season 2026,,
80db3b297102d16b,-,Andina Cesari,M,Cesare,Cesare Andina Cesari,ITA,S6,,68958,S26,Summer Season 2026,,
43a452962f329601,-,Andretta,F,Lisa,Lisa Andretta,ITA,S7,SB7,68728,S26,Summer Season 2026,SM7,N
35cc282602266ced,-,Angeletti,M,Mirko,Mirko Angeletti,ITA,S8,SB8,69021,S26,Summer Season 2026,SM8,N
64e8c578af96fb11,-,Aquino,F,Federica,Federica Aquino,ITA,S9,SB8,68726,S26,Summer Season 2026,SM9,N
98859512757f3530,-,Armezzani,M,Giuseppe,Giuseppe Armezzani,ITA,S9,,68540,S26,Summer Season 2026,,
5620ff1e2a410530,-,Avanzato,M,Giovanni,Giovanni Avanzato,ITA,S5,SB4,68790,S26,Summer Season 2026,SM5,N
28b8fdfa153c73dd,-,Avolio,F,Teresa,Teresa Avolio,ITA,S10,SB9,68818,S26,Summer Season 2026,SM10,N
619d5e91faa5692f,"*, A, 12",Azzarito,M,Andrea,Andrea Azzarito,ITA,S4,SB3,34725,S26,Summer Season 2026,SM4,R
dde383a1425d4559,"12, +",Barlaam,M,Simone,Simone Barlaam,ITA,S9,SB8,33124,S26,Summer Season 2026,SM9,C
61908ec923d688a3,-,Basti,M,Simone,Simone Basti,ITA,S7,SB7,68373,S26,Summer Season 2026,SM7,N
a96c0164ecff3030,"A, 3, 5, 12",Beggiato,M,Luigi,Luigi Beggiato,ITA,S5,SB4,27035,S26,Summer Season 2026,SM5,R-2028
38018e7129848924,"*, 1, 4",Bellin,F,Maria Rozalia,Maria Rozalia Bellin,ITA,S9,SB9,10506,S26,Summer Season 2026,SM9,R
7bce09a52b87bb8e,-,Belluso,F,Jasmine,Jasmine Belluso,ITA,S8,SB8,68775,S26,Summer Season 2026,SM8,N
15c2e20311fd409b,T,Belotti,F,Sara,Sara Belotti,ITA,S12,SB12,20715,S26,Summer Season 2026,SM12,R-2028
2497ffe7689ec6e7,-,Benigni,F,Adelaide,Adelaide Benigni,ITA,S7,SB6,68930,S26,Summer Season 2026,,
bba3115330a279a6,-,Bernardi,F,Antonella,Antonella Bernardi,ITA,S5,,68821,S26,Summer Season 2026,,
946203af20c14039,T,Berra,F,Alessia,Alessia Berra,ITA,S12,SB12,26726,S26,Summer Season 2026,SM12,R-2029
64d7fa25ef59cf0f,-,Bertelli,M,Alessio,Alessio Bertelli,ITA,S8,,68715,S26,Summer Season 2026,,
3cacfad44bd9581d,"A, Y, E",Bettella,M,Francesco,Francesco Bettella,ITA,S1,N/A,3393,S26,Summer Season 2026,N/A,C
f666a2b4fc0219f0,-,Biagi,M,Federico,Federico Biagi,ITA,S11,SB11,68768,S26,Summer Season 2026,SM11,N
7d8b1a0a543834c9,-,Bianchi,M,Edoardo,Edoardo Bianchi,ITA,S10,SB9,68962,S26,Summer Season 2026,SM9,N
afe78a255f9559e1,9,Bianco,F,Vittoria,Vittoria Bianco,ITA,S9,SB8,44326,S26,Summer Season 2026,SM9,C
11d8b315423f17d2,"A, 12, +",Bicelli,M,Federico,Federico Bicelli,ITA,S7,SB6,22559,S26,Summer Season 2026,SM7,C
737661d0829cabb2,-,Biffi,F,Francesca,Francesca Biffi,ITA,S3,SB3,68746,S26,Summer Season 2026,SM3,N
0a1141fbcc7a05f9,-,Biolcati,F,Michela Aruni,Michela Aruni Biolcati,ITA,S7,SB7,68769,S26,Summer Season 2026,SM7,N
f47112266d69ff3b,-,Bistoletti,F,Erica,Erica Bistoletti,ITA,S6,SB6,68322,S26,Summer Season 2026,SM6,N
5f15e33000f63c64,-,Boccardi,F,Giulia,Giulia Boccardi,ITA,S5,SB5,69113,S26,Summer Season 2026,SM5,N
46c352c194c7bbfd,"A, 3, 5, 12",Bocciardo,M,Francesco,Francesco Bocciardo,ITA,S5,SB4,14964,S26,Summer Season 2026,SM5,C
86c7864c34a85d6b,"A, 3, 5, 12",Boggioni,F,Monica,Monica Boggioni,ITA,S5,SB3,30727,S26,Summer Season 2026,SM5,R-2027
18f3de868ad8f1f6,"A, E",Boni,M,Vincenzo,Vincenzo Boni,ITA,S3,N/A,26431,S26,Summer Season 2026,N/A,R
d5c4e0a988228ce0,-,Bonomo,M,Jacopo,Jacopo Bonomo,ITA,S6,SB6,68550,S26,Summer Season 2026,,
d07b0110e4dd59f6,-,Borrelli,M,Giuseppe,Giuseppe Borrelli,ITA,S5,,68605,S26,Summer Season 2026,,
e1c4b5c4a3e694b2,"A, 12",Bortuzzo,M,Manuel Mateo,Manuel Mateo Bortuzzo,ITA,S5,SB4,56189,S26,Summer Season 2026,SM5,R-2027
f23444e26104f39b,-,Boscaini,M,Riccardo,Riccardo Boscaini,ITA,S7,SB7,68601,S26,Summer Season 2026,SM7,N
f803206dac011bc7,-,Botta,M,Enrico,Enrico Botta,ITA,S6,SB6,68712,S26,Summer Season 2026,SM6,N
89e462b30293baef,-,Braidot,F,Elisabetta,Elisabetta Braidot,ITA,S7,SB7,68751,S26,Summer Season 2026,SM7,N
5e1cd103dd2eafdc,-,Brizio,F,Sofia,Sofia Brizio,ITA,S5,SB4,68739,S26,Summer Season 2026,SM5,N
2d1b5d6bdfaafd9c,"T, B",Bruffa,M,Gabriele,Gabriele Bruffa,ITA,S11,SB11,59847,S26,Summer Season 2026,SM11,R-2028
06c7398ebb1319fe,"A, 8",Busi,M,Lorenzo Long,Lorenzo Long Busi,ITA,S9,SB9,63265,S26,Summer Season 2026,SM9,R-2027
9d413223d47a058a,-,Caiola,M,Gabriel,Gabriel Caiola,ITA,S7,SB6,68384,S26,Summer Season 2026,SM6,N
37c452a89a63c10b,-,Calloni,M,Filippo,Filippo Calloni,ITA,S3,SB2,68344,S26,Summer Season 2026,SM3,N
8e24303f0ea9a2ed,-,Camellini Laguardia,M,Edoardo,Edoardo Camellini Laguardia,ITA,S6,SB6,64327,S26,Summer Season 2026,SM6,N
5b0cebf90235d8fe,-,Capalbo,M,Andrea,Andrea Capalbo,ITA,S10,SB9,63916,S26,Summer Season 2026,SM10,N
99c7035a5ef14810,-,Caracciolo,F,Alessandra,Alessandra Caracciolo,ITA,S10,SB8,68549,S26,Summer Season 2026,SM10,N
70482bd6916a6b79,-,Carfora,M,Alessandro,Alessandro Carfora,ITA,S8,SB8,63382,S26,Summer Season 2026,SM8,N
b3daff0acc0b36cd,-,Carniato,M,Gioele,Gioele Carniato,ITA,S9,,63380,S26,Summer Season 2026,,
9e42d397b9de7b29,-,Carratta,M,Francesco Cosimo,Francesco Cosimo Carratta,ITA,S8,,68417,S26,Summer Season 2026,,
093ff7d3aff686f0,-,Casali,M,Kevin,Kevin Casali,ITA,S14,SB14,15209,S26,Summer Season 2026,SM14,C
42a85b52a08cb22e,"A, 3, 5, 12, +",Ceffalia,M,Andrea,Andrea Ceffalia,ITA,S10,SB9,63285,S26,Summer Season 2026,SM10,R-2027
80b14cb8c11e269e,-,Celato,F,Isabella,Isabella Celato,ITA,S4,SB3,68672,S26,Summer Season 2026,SM4,N
9c781eab3ac7548d,-,Ceresoli,F,Miriam,Miriam Ceresoli,ITA,S7,SB7,68674,S26,Summer Season 2026,SM7,N
5600f1ea4dae0989,"A, 12, +",Cika,F,Adlin,Adlin Cika,ITA,S10,SB9,52630,S26,Summer Season 2026,SM10,R-2024
08d94e37e5ad5527,-,Cinello,F,Gioia,Gioia Cinello,ITA,S6,SB6,68714,S26,Summer Season 2026,SM6,N
a91446b01c4c0671,"3, 5, 12, +",Ciulli,M,Simone,Simone Ciulli,ITA,S9,SB8,19046,S26,Summer Season 2026,SM9,R-2028
adc40c014885cee6,-,Colombo,M,Luca,Luca Colombo,ITA,S6,SB6,68719,S26,Summer Season 2026,SM6,N
aee77b887e8f1461,"A, Y, E, 3, 5, 12",Conti,M,Alessandro,Alessandro Conti,ITA,S3,SB2,36114,S26,Summer Season 2026,SM3,C
cab1c509626087f3,-,Cornara,M,Emanuele,Emanuele Cornara,ITA,S5,SB5,64316,S26,Summer Season 2026,SM5,N
7b380a83f172ef17,-,Coruzzi,F,Giorgia,Giorgia Coruzzi,ITA,S7,SB6,57407,S26,Summer Season 2026,SM7,N
d847da8e016cc0ac,-,Costantini,M,Leonardo,Leonardo Costantini,ITA,S10,SB9,68600,S26,Summer Season 2026,SM10,N
d5270dc47220bd41,-,Costelli,F,Livia,Livia Costelli,ITA,S9,SB8,63294,S26,Summer Season 2026,SM9,N
75a5a896ee495bec,-,Crea,M,Pietro,Pietro Crea,ITA,S5,SB5,68785,S26,Summer Season 2026,,
028753f6a625e3ca,-,Cremonini,F,Virginia,Virginia Cremonini,ITA,S8,SB7,68982,S26,Summer Season 2026,SM8,N
9a153525aabab312,-,Crescini,M,Luca,Luca Crescini,ITA,S5,SB4,69047,S26,Summer Season 2026,,
888fed38e142c03d,-,Criber,M,Dario,Dario Criber,ITA,S5,,68543,S26,Summer Season 2026,,
d0c882e052f9b499,-,Criscuolo,F,Giulia,Giulia Criscuolo,ITA,S6,SB6,61740,S26,Summer Season 2026,SM6,N
3224bce5fd769953,"A, 3, 5, 12",Cristiani,M,Federico,Federico Cristiani,ITA,S5,SB4,56162,S26,Summer Season 2026,SM5,R-2028
318f4cd87a1b532e,-,Cucumazzo,M,Francesco Nicola,Francesco Nicola Cucumazzo,ITA,S10,SB9,68603,S26,Summer Season 2026,SM10,N
a503156b03468264,"A, 12",D'Apostoli,M,Vittorio,Vittorio D'Apostoli,ITA,S7,SB6,60246,S26,Summer Season 2026,SM7,R-2027
43d3a25826f614d3,-,D'Eugenio,F,Stefania,Stefania D'Eugenio,ITA,S7 S7,SB6 SB6,14891,S26,Summer Season 2026,SM7 SM7,N N
e17d31f7dbbc819c,"A, 12",Da Prato,M,Luca,Luca Da Prato,ITA,S6,SB5,63836,S26,Summer Season 2026,SM6,R
1a1e8b165a9b59a1,-,Di Marco,F,Giulia,Giulia Di Marco,ITA,S5,SB4,69028,S26,Summer Season 2026,,
f7f7e199a3b441b8,-,Diaconu,M,Thomas,Thomas Diaconu,ITA,S5,,68722,S26,Summer Season 2026,,
1ac17aaccbceb46f,-,Dolce,F,Sofia Caterina,Sofia Caterina Dolce,ITA,S9,SB8,68385,S26,Summer Season 2026,SM9,N
f63a05b7fa674f3c,-,Epifani,M,Marco,Marco Epifani,ITA,S4,SB4,68429,S26,Summer Season 2026,SM4,N
e930d133d65cc082,-,Fanchini,F,Giulia,Giulia Fanchini,ITA,S3,SB3,68323,S26,Summer Season 2026,SM3,N
a191c7995ca5c8c9,"A, 12",Fantin,M,Antonio,Antonio Fantin,ITA,S6,SB5,32761,S26,Summer Season 2026,SM6,C
65a1341f7359e9aa,-,Farina,F,Agata,Agata Farina,ITA,S5,SB4,68955,S26,Summer Season 2026,SM5,N
988d72f237526afd,"A, E, 5, 12, +",Feri,M,Andrea,Andrea Feri,ITA,S7,SB6,60747,S26,Summer Season 2026,SM7,R-2029
945fba41df0dae10,-,Ferri,M,Maurizio,Maurizio Ferri,ITA,CNC,CNC,63588,S26,Summer Season 2026,CNC,R
c2fbe7df1cbd05df,-,Filippini,F,Beatrice,Beatrice Filippini,ITA,S3,,68738,S26,Summer Season 2026,,
bf4dfb6925821618,-,Fornasiere,M,Nicolas,Nicolas Fornasiere,ITA,S7,SB6,68752,S26,Summer Season 2026,SM7,N
9f4dc78349f27b99,-,Frandoli,F,Jasmin,Jasmin Frandoli,ITA,S3,SB3,27133,S26,Summer Season 2026,SM3,N
1c79239aa43ad327,"*, A, 1, 12",Fresta,F,Denise,Denise Fresta,ITA,S5,SB4,30171,S26,Summer Season 2026,SM5,R
67e17465aae0751b,-,Furlan,F,Caterina,Caterina Furlan,ITA,S13,SB13,68547,S26,Summer Season 2026,SM13,N
815fd08128fbea01,"A, 12, +",Gagliardo Gurrieri,F,Sofia Joyella,Sofia Joyella Gagliardo Gurrieri,ITA,S8,SB7,56194,S26,Summer Season 2026,SM8,R-2027
4180abee93584ffc,"A, 12, +",Garlaschi,M,Fabio,Fabio Garlaschi,ITA,S7,SB6,52629,S26,Summer Season 2026,SM7,R-2029
7b48e00bcde18c8e,-,Gemignani,F,Stefania,Stefania Gemignani,ITA,S1,,68548,S26,Summer Season 2026,,
d9efea176ee3e2b0,-,Geri,M,Riccardo,Riccardo Geri,ITA,S6,SB5,68966,S26,Summer Season 2026,SM6,N
325200a12675df71,-,Germano,F,Sonia,Sonia Germano,ITA,S5,,68933,S26,Summer Season 2026,,
13e247faba0a19e1,"3, 5",Gernone,F,Mariagiovanna,Mariagiovanna Gernone,ITA,S10,SB9,63208,S26,Summer Season 2026,SM10,R-2027
0cca2c704b5d6c6d,"A, 3, 5, 12",Ghiretti,F,Giulia,Giulia Ghiretti,ITA,S5,SB4,15335,S26,Summer Season 2026,SM5,C
4c23bccec2bd25d0,-,Giacomazzi,M,Marco,Marco Giacomazzi,ITA,S5,SB4,68343,S26,Summer Season 2026,SM5,N
c0c4052c483ea182,-,Giacomin,M,Enrico,Enrico Giacomin,ITA,S7,SB6,68541,S26,Summer Season 2026,SM7,N
5bb302372a65b10b,T,Gilli,F,Carlotta,Carlotta Gilli,ITA,S13,SB13,33000,S26,Summer Season 2026,SM13,R-2027
cce825fb0439410e,-,Giuntini,F,Valentina,Valentina Giuntini,ITA,S5,SB4,68346,S26,Summer Season 2026,SM5,N
a7fa2374cd5b302b,-,Grilli,F,Chiara,Chiara Grilli,ITA,S10,SB9,68413,S26,Summer Season 2026,SM10,N
ba83b63200a68391,-,Guarnera,F,Sara,Sara Guarnera,ITA,S5,SB4,68676,S26,Summer Season 2026,,
66deec8bdd252b13,-,Jacaj,M,Besmir,Besmir Jacaj,ITA,S9,SB9,68753,S26,Summer Season 2026,SM9,N
343068b87b38dc96,-,La Sala,M,Samuele,Samuele La Sala,ITA,S4,,68416,S26,Summer Season 2026,,
cd7598fdc29c3cb1,"12, +",Lancini,F,Emma,Emma Lancini,ITA,S6,SB5,56192,S26,Summer Season 2026,SM6,C
193bfdbe70ec0848,"A, 12",Legrottaglie,M,Giulio,Giulio Legrottaglie,ITA,S5,SB4,53140,S26,Summer Season 2026,SM5,R-2024
006735d3ec4bcf67,-,Leoni,M,Zeno,Zeno Leoni,ITA,S8,SB8,68724,S26,Summer Season 2026,,
df56f960269e6374,-,Liuzzi,F,Benedetta,Benedetta Liuzzi,ITA,S6,SB6,68345,S26,Summer Season 2026,SM6,N
a6f829a1d944d251,"*, 9",Lobba,M,Andrea,Andrea Lobba,ITA,S9,SB8,15493,S26,Summer Season 2026,SM9,R
1a2a3d8360f905b5,-,Locritani,F,Valeria,Valeria Locritani,ITA,S5,SB4,68951,S26,Summer Season 2026,SM5,N
1e1df34a4d618faa,-,Lombardini,M,Sergio,Sergio Lombardini,ITA,S5,SB4,68741,S26,Summer Season 2026,SM5,N
9d8e3f57aaec80ad,-,Longo,M,Thomas,Thomas Longo,ITA,S13,SB13,68698,S26,Summer Season 2026,SM13,N
464910584327967a,"A, E, 3, 5, 12, +",Lorenzo,M,Gabriele,Gabriele Lorenzo,ITA,S3,SB3,63207,S26,Summer Season 2026,SM3,R
19fb822e4830fecf,"3, 5, 9",Magrassi,M,Riccardo,Riccardo Magrassi,ITA,S7,SB7,63263,S26,Summer Season 2026,SM7,R-2027
2044a72e6f67af85,-,Maino,F,Emma,Emma Maino,ITA,S5,SB4,64318,S26,Summer Season 2026,SM5,N
71fa448341bb3d06,-,Maniero,F,Sofia,Sofia Maniero,ITA,S8,SB7,63325,S26,Summer Season 2026,SM8,N
1d2b7da136efd75b,-,Manzi,M,Sebastiano,Sebastiano Manzi,ITA,S7,SB6,68430,S26,Summer Season 2026,SM7,N
6d0c87b535b4eacb,-,Marchi,F,Giorgia,Giorgia Marchi,ITA,S14,SB14,34305,S26,Summer Season 2026,SM14,C
634298a0c9072004,-,Marghieri,F,Eleonora,Eleonora Marghieri,ITA,S6,SB6,68895,S26,Summer Season 2026,SM6,N
9d9e85f7bf81fbf6,"A, Y, E, 3, 12",Marigliano,M,Emmanuele,Emmanuele Marigliano,ITA,S3,SB2,35916,S26,Summer Season 2026,SM3,C
b31899d11925a0d9,-,Mascheroni,M,Nicolo',Nicolo' Mascheroni,ITA,S9,SB8,63262,S26,Summer Season 2026,SM10,N
a7c599b56406474e,-,Maschio,M,Mirco,Mirco Maschio,ITA,S8,SB7,56678,S26,Summer Season 2026,SM8,N
4aef5a40426bf471,"A, 12",Massussi,M,Andrea,Andrea Massussi,ITA,S5,SB5,22603,S26,Summer Season 2026,SM5,R
5795ae10f21c0860,-,Mattiazzi,M,Andrea,Andrea Mattiazzi,ITA,S6,SB6,68690,S26,Summer Season 2026,SM6,N
5cfd7b11e5a73165,-,Maugeri,M,Nicolo',Nicolo' Maugeri,ITA,S7,SB6,68774,S26,Summer Season 2026,SM7,N
17e4b62a742a1313,-,Mazzeo,M,Alessandro,Alessandro Mazzeo,ITA,S6,,69785,S26,Summer Season 2026,,
e217de0c70d9b47d,"A, E, 3, 5, 12",Mecenate,F,Domiziana,Domiziana Mecenate,ITA,S3,SB2,59920,S26,Summer Season 2026,SM3,C
737735bba1e93488,"3, 5",Menciotti,M,Riccardo,Riccardo Menciotti,ITA,S10,SB9,29846,S26,Summer Season 2026,SM10,C
05d06e03056a3e33,"A, 1, 3, 5, 8, 12, +",Mercurio,F,Gaia,Gaia Mercurio,ITA,S8,SB8,52706,S26,Summer Season 2026,SM8,R-2030
7e61a0420512f474,"*, 12, +",Meschini,F,Caterina,Caterina Meschini,ITA,S6,CNC,29893,S26,Summer Season 2026,CNC,R
2e995d9526d14793,"A, 1, 3, 4, 12, +",Milesi,F,Letizia,Letizia Milesi,ITA,S8,SB7,58469,S26,Summer Season 2026,SM8,R-2027
b5aba228831764ea,-,Molinari Tosatti,F,Teresa Maria,Teresa Maria Molinari Tosatti,ITA,S4,SB3,68740,S26,Summer Season 2026,SM4,N
d6bca0cd9a16954e,"1, 2, 4",Morandi,M,Tommaso,Tommaso Morandi,ITA,S8,SB8,52628,S26,Summer Season 2026,SM8,C
19532dd35cbc561c,"A, 3, 5, 12",Morelli,M,Efrem,Efrem Morelli,ITA,S4,SB3,4146,S26,Summer Season 2026,SM4,C
6264507a71771a74,-,Morgavi,M,Francesco Paolo,Francesco Paolo Morgavi,ITA,S5,SB4,68980,S26,Summer Season 2026,SM5,N
f266bd132dd350ab,8,Morlacchi,M,Federico,Federico Morlacchi,ITA,S9,SB8,5712,S26,Summer Season 2026,SM9,C
c5d2412e767ec64b,-,Mozzato,M,Jacopo,Jacopo Mozzato,ITA,S6,,68536,S26,Summer Season 2026,,
01fa6309a444c6a0,-,Musumeci,M,Riccardo,Riccardo Musumeci,ITA,S10,SB9,68820,S26,Summer Season 2026,SM10,N
e83c94d057f12685,8,Neviani,M,David,David Neviani,ITA,S10,SB9,63346,S26,Summer Season 2026,SM10,R-2029
097561fec5a40e2e,-,Neziraj,M,Almedin,Almedin Neziraj,ITA,S13,SB13,63292,S26,Summer Season 2026,SM13,R-2027
3ccf059286c696c7,-,Nistri,M,Tommaso,Tommaso Nistri,ITA,S4,SB3,68727,S26,Summer Season 2026,,
d3d4edc95a20f427,-,Omizzolo,F,Vittoria,Vittoria Omizzolo,ITA,S6,SB6,68717,S26,Summer Season 2026,SM6,N
425a86b46e700470,-,Onesti,M,Gabriele,Gabriele Onesti,ITA,S10,SB9,68682,S26,Summer Season 2026,SM10,N
b0734e05ae028172,-,Pacchiarotti,M,Alessandro,Alessandro Pacchiarotti,ITA,S3,,36190,S26,Summer Season 2026,,
c8b9c2f1a0d1482b,"1, 3, 5",Pace,M,Ettore Edoardo,Ettore Edoardo Pace,ITA,S9,SB9,52397,S26,Summer Season 2026,SM9,R-2025
0766b1c862e976d1,-,Padovani,M,Filippo,Filippo Padovani,ITA,S5,SB4,68602,S26,Summer Season 2026,,
19627a13d58c0a35,"1, 3, 4, 12, +",Palazzetti,F,Daniela,Daniela Palazzetti,ITA,S10,SB9,50923,S26,Summer Season 2026,SM10,R-2024
d853fd9d87f4d733,-,Palazzo,M,Misha,Misha Palazzo,ITA,S14,SB14,33031,S26,Summer Season 2026,SM14,C
43c63f7a8c457640,"A, 3, 5, 12, +",Palazzo,F,Xenia Francesca,Xenia Francesca Palazzo,ITA,S8,SB8,19693,S26,Summer Season 2026,SM8,C
e8f1979db4aeca5a,-,Pappalardo,F,Valeria,Valeria Pappalardo,ITA,S3,SB3,52752,S26,Summer Season 2026,SM3,N
1b6540e9a8ede52e,-,Parizzi,M,Jacopo,Jacopo Parizzi,ITA,S6,SB5,61064,S26,Summer Season 2026,SM6,N
9988ec2214679038,T,Parnofiello,M,Cristiano,Cristiano Parnofiello,ITA,S13,SB13,63878,S26,Summer Season 2026,SM13,R-2030
a9993fb5b14a0f1e,T,Parnofiello,F,Margherita,Margherita Parnofiello,ITA,S12,SB12,63879,S26,Summer Season 2026,SM12,R-2027
f57c464293d6edcb,-,Pasquini,M,Roberto,Roberto Pasquini,ITA,S10,SB9,17569,S26,Summer Season 2026,SM10,N
55d57878b0c22f46,"A, 3, 5, 12",Passerini,M,Pietro,Pietro Passerini,ITA,S5,SB4,58224,S26,Summer Season 2026,SM5,R-2025
dcc1952f68e7da8d,-,Pellegrini,M,Matteo,Matteo Pellegrini,ITA,S11,SB11,68963,S26,Summer Season 2026,SM11,N
c13cc1a603fc5db3,-,Pepoli,M,Eugenio,Eugenio Pepoli,ITA,S5,SB5,68795,S26,Summer Season 2026,SM5,N
a75376ba1cd1faa3,-,Perozzi,M,Simone,Simone Perozzi,ITA,S5,SB4,68929,S26,Summer Season 2026,SM5,N
725832d26823313f,-,Pettinella,F,Marina,Marina Pettinella,ITA,S14,SB14,38856,S26,Summer Season 2026,SM14,C
bc7ce881e1b6186e,T,Piai,M,Elia,Elia Piai,ITA,S13,SB13,56578,S26,Summer Season 2026,SM13,R-2026
d06fddde80620c35,"A, E, 3, 5, 12",Pieropan,M,Matteo,Matteo Pieropan,ITA,S3,SB2,59490,S26,Summer Season 2026,SM3,R-2028
f7f0c846d5624102,-,Pilutti,M,Sebastian,Sebastian Pilutti,ITA,S9,SB8,60247,S26,Summer Season 2026,SM9,N
1185069c1b7c144e,-,Pisanu,M,Dario,Dario Pisanu,ITA,S5,SB4,68542,S26,Summer Season 2026,SM5,N
cd7af6f98ade41b1,-,Piva,M,Francesco Stephan,Francesco Stephan Piva,ITA,S8,,68970,S26,Summer Season 2026,,
6e4180c213c0ff6e,-,Pizzo,M,Alessandro,Alessandro Pizzo,ITA,S6,SB5,68718,S26,Summer Season 2026,SM6,N
c6f0ca14b0139850,-,Plizzari,M,Francesco,Francesco Plizzari,ITA,S10,SB9,68819,S26,Summer Season 2026,SM10,N
8a100edcb731004b,"A, E, 3, 12",Procida,F,Angela,Angela Procida,ITA,S2,SB1,29963,S26,Summer Season 2026,SM2,C
41753f23a5ddd87b,"T, B",Rabbolini,F,Martina,Martina Rabbolini,ITA,S11,SB11,15685,S26,Summer Season 2026,SM11,C
52d1582720aecb87,"12, +",Raimondi,M,Stefano,Stefano Raimondi,ITA,S10,SB9,35998,S26,Summer Season 2026,SM10,C
404a24cb39e47e2b,-,Rancati,F,Gaia,Gaia Rancati,ITA,S3,SB2,68957,S26,Summer Season 2026,SM3,N
f75e8998b6d41fa6,-,Ranieri,M,Fabrizio,Fabrizio Ranieri,ITA,S13,SB13,52631,S26,Summer Season 2026,SM13,R-2028
83b528ed3224b90e,-,Recchia,M,Eugenio,Eugenio Recchia,ITA,S9,SB9,68436,S26,Summer Season 2026,SM9,N
229cb3a6b7a057a0,-,Rech,M,Simone,Simone Rech,ITA,S5,SB4,68405,S26,Summer Season 2026,SM5,N
1db1afc3d3086983,-,Reggiani,M,Andrea,Andrea Reggiani,ITA,S9,SB9,68983,S26,Summer Season 2026,SM9,N
c7a984df26a872a5,-,Rengo,F,Beatrice,Beatrice Rengo,ITA,S11,SB11,68949,S26,Summer Season 2026,SM11,N
69ae8f4cf7f5718c,-,Riva,F,Giulia,Giulia Riva,ITA,S5,SB4,60166,S26,Summer Season 2026,SM5,N
e29637cb34aba86c,-,Rizzetti,F,Giulia,Giulia Rizzetti,ITA,S5,SB5,68677,S26,Summer Season 2026,SM5,N
48f9b1ab9421b4aa,-,Rodella,M,Thomas,Thomas Rodella,ITA,S13,SB13,43950,S26,Summer Season 2026,SM13,R-2027
a490f19669d3cd4e,-,Ronzoni,M,Karim,Karim Ronzoni,ITA,S9,SB9,68936,S26,Summer Season 2026,SM9,N
3af0c3762d013d4f,-,Roscini,M,Silvio,Silvio Roscini,ITA,S6,SB6,68713,S26,Summer Season 2026,SM6,N
829908f9e822eef6,-,Rossi,M,Simone,Simone Rossi,ITA,S4,SB4,68748,S26,Summer Season 2026,SM4,N
39f40b5aab5f7d38,-,Santomauro,F,Angelica,Angelica Santomauro,ITA,S9,SB8,68342,S26,Summer Season 2026,SM9,N
b4c3baf63d57967b,-,Santonocito,F,Lisa,Lisa Santonocito,ITA,S5,SB4,68170,S26,Summer Season 2026,SM5,N
3a6ef888e4018a9c,"A, 3, 12",Sarcina,M,Giacomo,Giacomo Sarcina,ITA,S2,SB2,15515,S26,Summer Season 2026,SM2,C
8a7d8cd24de664bf,-,Sardella,F,Roberta,Roberta Sardella,ITA,S5,SB4,63684,S26,Summer Season 2026,SM5,N
05da3399312f82e9,-,Scaramuzzi,M,Giovanni,Giovanni Scaramuzzi,ITA,S4,,68545,S26,Summer Season 2026,,
3a978514e35de0e1,-,Scaramuzzi,F,Nunziapia,Nunziapia Scaramuzzi,ITA,S4,,68546,S26,Summer Season 2026,,
5a534a79a28a7668,"1, 3, 5",Scortechini,F,Alessia,Alessia Scortechini,ITA,S10,SB9,34146,S26,Summer Season 2026,SM10,C
5b1dd53241e2367d,"*, 9",Secci,F,Francesca,Francesca Secci,ITA,S9,SB9,6036,S26,Summer Season 2026,SM9,R
c27c20210fa31a97,-,Selmi,F,Elena,Elena Selmi,ITA,S6,SB5,68431,S26,Summer Season 2026,SM6,N
2b524f0a843b632a,-,Simion,F,Emma,Emma Simion,ITA,S5,SB5,68711,S26,Summer Season 2026,SM5,N
29113183fd898755,-,Sivieri,M,Luca,Luca Sivieri,ITA,S8,SB8,68974,S26,Summer Season 2026,SM8,N
e74abe90d0acdccc,"*, A, 12, +",Sola,F,Ylenia,Ylenia Sola,ITA,S6,SB5,15983,S26,Summer Season 2026,SM6,R
fd6137908c4772ad,-,Sonza,M,Alen,Alen Sonza,ITA,S3,,68386,S26,Summer Season 2026,SM3,N
b9953fef2aa4289e,"A, 3, 5, 12, +",Sorini,F,Margherita,Margherita Sorini,ITA,S9,SB7,41766,S26,Summer Season 2026,SM9,R-2027
77f1576ad17d25b7,-,Sovilla,M,Jonathan,Jonathan Sovilla,ITA,S6,SB5,56177,S26,Summer Season 2026,SM6,N
c5c0c7502bc6f7cb,-,Spini,F,Martina,Martina Spini,ITA,S3,,68976,S26,Summer Season 2026,,
c87f0466eca0e297,"*, A, 12",Stroppa,F,Federica,Federica Stroppa,ITA,S4,SB4,3616,S26,Summer Season 2026,SM4,R
75d83a03705fa553,"3, 5, 12, +",Teani,M,Riccardo,Riccardo Teani,ITA,S6,SB6,64326,S26,Summer Season 2026,SM6,R-2026
4c592f5ea6a0b7bc,-,Terzi,F,Diana,Diana Terzi,ITA,S10,SB9,68742,S26,Summer Season 2026,SM10,N
a04e9be6567b12fe,"A, 12",Terzi,F,Giulia,Giulia Terzi,ITA,S6,SB5,41783,S26,Summer Season 2026,SM6,R-2028
fbe175f117cae487,-,Tiberio,M,Marco,Marco Tiberio,ITA,S6,SB6,68723,S26,Summer Season 2026,SM6,N
c065161bfe605644,-,Tiberio,M,Massimo,Massimo Tiberio,ITA,S2,SB2,68893,S26,Summer Season 2026,SM2,N
87bf769e44da8fa3,-,Tolasi,M,Antonio,Antonio Tolasi,ITA,S7,SB6,68961,S26,Summer Season 2026,SM7,N
525cf88187d9a53d,"A, E",Tommasini,F,Alessandra,Alessandra Tommasini,ITA,S3,N/A,60245,S26,Summer Season 2026,N/A,R-2026
2bf3bc11b2182cd0,-,Torchio,M,Giancarlo,Giancarlo Torchio,ITA,S7,,68965,S26,Summer Season 2026,,
86cdca3e15e97433,-,Tozzi,M,Luigi,Luigi Tozzi,ITA,S4,,68720,S26,Summer Season 2026,,
dad1cbe31a94775a,-,Tozzi,M,Riccardo,Riccardo Tozzi,ITA,S2,,68721,S26,Summer Season 2026,,
f3db0a39ee690a80,9,Tretti Clementoni,M,Tommaso,Tommaso Tretti Clementoni,ITA,S9,SB8,63316,S26,Summer Season 2026,SM9,R-2028
5507ade1b667e5c3,"A, Y, E",Trimi,F,Arjola,Arjola Trimi,ITA,S2,N/A,17675,S26,Summer Season 2026,N/A,R-2029
5d4f99e11076fb7a,-,Turini,M,Giovanni,Giovanni Turini,ITA,S3,SB2,68537,S26,Summer Season 2026,SM3,N
ecb382c8c305b7a1,"T, B",Urso,M,Salvatore,Salvatore Urso,ITA,S11,SB11,18659,S26,Summer Season 2026,SM11,C
ccf71cf43d90ba7e,-,Vendola,F,Valeria,Valeria Vendola,ITA,S6,SB5,68931,S26,Summer Season 2026,SM6,N
aeed47acb714d884,-,Verardi,F,Gaia Grazia,Gaia Grazia Verardi,ITA,S10,SB9,68194,S26,Summer Season 2026,SM10,N
6abe539031b9bb06,"*, 1, 5",Vicch,F,Silvia,Silvia Vicch,ITA,S9,SB9,32237,S26,Summer Season 2026,SM9,R
9250c9788aab0c45,-,Vidal,M,Matteo,Matteo Vidal,ITA,S4,SB3,68415,S26,Summer Season 2026,SM4,N
c67e5117b64f5b6f,-,Vlahos,M,Stefano,Stefano Vlahos,ITA,S8,SB7,68989,S26,Summer Season 2026,SM8,N
f350d7066c36fb1f,"12, +",Wulzer,M,Tommaso,Tommaso Wulzer,ITA,S10,SB9,53421,S26,Summer Season 2026,SM10,R-2029
36fdb17c29244abe,-,Ziletti,M,Mattia,Mattia Ziletti,ITA,S2,,61113,S26,Summer Season 2026,,
398e8b8d28efe541,-,Zorzan,M,Stefano,Stefano Zorzan,ITA,S8,SB8,64317,S26,Summer Season 2026,SM8,N
5a68f21d142c3633,-,Ando,F,Ayumi,Ayumi Ando,JPN,S14,SB14,54702,S26,Summer Season 2026,SM14,C
b62f4d333f6b6c6e,"1, 3, 5",Chiba,M,Ryusei,Ryusei Chiba,JPN,S9,SB9,63373,S26,Summer Season 2026,SM9,C
af337fd710ac678c,0,Deguchi,M,Eigo,Eigo Deguchi,JPN,S14,SB14,21564,S26,Summer Season 2026,SM14,C
9996d61b70d2db51,0,Deguchi,F,Mai,Mai Deguchi,JPN,S14,SB14,31308,S26,Summer Season 2026,SM14,C
cc50d1665496c890,T,Endo,F,Tamami,Tamami Endo,JPN,S11,SB11,17797,S26,Summer Season 2026,SM11,C
77894826f6c1f9bf,"1, 3, 5",Fukuda,F,Kanon,Kanon Fukuda,JPN,S9,SB8,44018,S26,Summer Season 2026,SM9,C
1ddd334fe004ce5e,0,Fukui,F,Kasumi,Kasumi Fukui,JPN,S14,SB14,34348,S26,Summer Season 2026,SM14,C
9d8eeeb40f76dc9b,"*, 1, 2",Haga,M,Akito,Akito Haga,JPN,S8,SB8,5269,S26,Summer Season 2026,SM8,R
8c8bf97cb38adad7,-,Hasuno,M,Takuto,Takuto Hasuno,JPN,S14,SB14,35042,S26,Summer Season 2026,SM14,C
be49118907184014,-,Hattori,F,Ayaka,Ayaka Hattori,JPN,S14,SB14,52262,S26,Summer Season 2026,SM14,C
3cf672dee84a9c1a,"A, Y, E, 7, 8",Hinata,M,Kaede,Kaede Hinata,JPN,S5,SB6,42261,S26,Summer Season 2026,SM5,C
29c5ff3dc716c482,-,Hirano,M,Ryuhei,Ryuhei Hirano,JPN,S14,SB14,10956,S26,Summer Season 2026,SM14,N
bc896b7a195b145d,"1, 3, 5",Hosaka,M,Kohei,Kohei Hosaka,JPN,S9,SB9,63237,S26,Summer Season 2026,SM9,R-2029
48944a445221edf0,"12, +",Hosokawa,M,Hiroshi,Hiroshi Hosokawa,JPN,S7,SB6,4574,S26,Summer Season 2026,SM7,C
0dc3f7f1d81ee64f,"3, 5",Ido,M,Yumeto,Yumeto Ido,JPN,S10,SB9,51627,S26,Summer Season 2026,SM10,C
bee0e1b448e24668,"1, 3, 5",Imamura,F,Natsuki,Natsuki Imamura,JPN,S9,SB9,63233,S26,Summer Season 2026,SM9,R-2030
6aa448bb65375456,-,Iritani,F,Yuko,Yuko Iritani,JPN,S14,SB14,66104,S26,Summer Season 2026,SM14,R-2029
1d8fdb52b5deddef,"T, B",Ishiura,F,Tomomi,Tomomi Ishiura,JPN,S11,SB11,6586,S26,Summer Season 2026,SM11,C
ccea738cb362cd78,-,Kagose,M,Rei,Rei Kagose,JPN,S14,SB14,52260,S26,Summer Season 2026,SM14,C
59d0fea7350d3d97,"*, 1, 5",Kajihara,F,Aki,Aki Kajihara,JPN,S9,SB8,5615,S26,Summer Season 2026,SM9,R
bbeb1de2161e1177,-,Kako,M,Toshiya,Toshiya Kako,JPN,S14,SB14,31441,S26,Summer Season 2026,SM14,C
1c3475bc8c6e0f39,T,Kasamoto,F,Akari,Akari Kasamoto,JPN,S13,SB13,6975,S26,Summer Season 2026,SM13,R-2026
0fa3c2bbceaacce5,"A, Y, E, 3, 5, 12",Kato,F,Sakuko,Sakuko Kato,JPN,S4,SB3,3689,S26,Summer Season 2026,SM4,C
88fc74f51fa6214b,-,Katsube,M,Soma,Soma Katsube,JPN,S14,SB14,61122,S26,Summer Season 2026,SM14,N
3f2167a110feba5a,9,Kawabe,F,Tae,Tae Kawabe,JPN,S10,SB9,36119,S26,Summer Season 2026,SM10,C
33c0294fd9b5926b,8,Kawabuchi,M,Taiyo,Taiyo Kawabuchi,JPN,S9,SB8,55160,S26,Summer Season 2026,SM9,R-2027
320ff22be762bb02,"1, 2, 4, 12, +",Kazama,M,Kentaro,Kentaro Kazama,JPN,S7,SB7,19811,S26,Summer Season 2026,SM7,R-2030
4288df0267181c97,"T, B, 0",Kimura,M,Keiichi,Keiichi Kimura,JPN,S11,SB11,6597,S26,Summer Season 2026,SM11,C
0d7117b07f65458c,-,Kimura,F,Saaya,Saaya Kimura,JPN,S14,SB14,54701,S26,Summer Season 2026,SM14,R-2027
16164f0b919e60f2,-,Kinoshita,F,Aira,Aira Kinoshita,JPN,S14,SB14,54700,S26,Summer Season 2026,SM14,C
8645fdc0852bc42c,-,Kiuchi,M,Katsuya,Katsuya Kiuchi,JPN,S14,SB14,67050,S26,Summer Season 2026,SM14,R-2029
43f18b35c8f80d94,-,Kobayashi,M,Ibu,Ibu Kobayashi,JPN,S14,SB14,69919,S26,Summer Season 2026,SM14,R-2027
e57316bdfa6e8a7c,"*, A, 6, 12, +",Kobayashi,M,Kenzo,Kenzo Kobayashi,JPN,S4,SB3,3477,S26,Summer Season 2026,SM4,R
078a7764464568de,"1, 3, 5",Kojo,M,Ruka,Ruka Kojo,JPN,S9,SB9,51599,S26,Summer Season 2026,SM9,C
e7b8a21f00990dad,"A, 3, 5, 12",Kondo,M,Kaoru,Kaoru Kondo,JPN,S7,SB6,30295,S26,Summer Season 2026,SM7,R-2029
384bdf91bd62693e,"12, +",Kubo,M,Daiki,Daiki Kubo,JPN,S10,SB9,30294,S26,Summer Season 2026,SM10,C
761d1326fbcd4221,-,Kubota,M,Chisei,Chisei Kubota,JPN,S14,SB14,67126,S26,Summer Season 2026,SM14,N
923ab223aeaf936f,"1, 2, 4",Kubota,M,Kota,Kota Kubota,JPN,S8,SB8,26536,S26,Summer Season 2026,SM8,C
ca607b9260b6edb2,"A, 12",Kumeta,M,Yukihito,Yukihito Kumeta,JPN,S2,N/A,3337,S26,Summer Season 2026,N/A,C
7236bff58b701f9c,"1, 3, 5",Maeda,F,Ema,Ema Maeda,JPN,S9,SB9,42260,S26,Summer Season 2026,SM9,C
a546f60679569165,-,Maeda,M,Ryusuke,Ryusuke Maeda,JPN,S14,SB14,35215,S26,Summer Season 2026,SM14,N
7aa1b2f966a8ef44,-,Makiyama,M,Kazuki,Kazuki Makiyama,JPN,S14,SB14,66096,S26,Summer Season 2026,SM14,R-2027
22e1260100e228c0,-,Matsuda,M,Anku,Anku Matsuda,JPN,S14,SB14,50528,S26,Summer Season 2026,SM14,C
5ebed51b1539d1f7,"12, +",Matsunaga,F,Kotone,Kotone Matsunaga,JPN,S10,SB9,51628,S26,Summer Season 2026,SM10,C
0cf6281770782d0e,-,Matsushita,M,Haruto,Haruto Matsushita,JPN,S14,SB14,66097,S26,Summer Season 2026,SM14,R-2027
ed54f9c78927a85e,8,Minai,M,Akito,Akito Minai,JPN,S10,SB9,44564,S26,Summer Season 2026,SM10,C
07b786fa1244c94c,-,Minoura,F,Nodoka,Nodoka Minoura,JPN,S14,SB14,52261,S26,Summer Season 2026,SM14,C
be84f42548053ced,T,Miyagawa,F,Miyori,Miyori Miyagawa,JPN,S11,SB11,51596,S26,Summer Season 2026,SM11,C
8703338b9f105ad8,0,Miyazaki,M,Satoru,Satoru Miyazaki,JPN,S14,SB14,8678,S26,Summer Season 2026,SM14,C
0d2793247ef79f16,"A, 3, 4, 12, +",Mizukami,F,Mai,Mai Mizukami,JPN,S8,SB8,7777,S26,Summer Season 2026,SM8,C
4e9f3c587879571b,"3, 5, 12, +",Morita,M,Yuduki,Yuduki Morita,JPN,S8,SB7,63236,S26,Summer Season 2026,SM8,R-2027
03c08484f57a2e6d,-,Moriyama,M,Daiki,Daiki Moriyama,JPN,S14,SB14,39322,S26,Summer Season 2026,SM14,N
0482b0045e561bd3,0,Murakami,M,Shunya,Shunya Murakami,JPN,S14,SB14,19939,S26,Summer Season 2026,SM14,C
7c86ba1b40951064,-,Nakajima,M,Keichi,Keichi Nakajima,JPN,S14,SB14,23756,S26,Summer Season 2026,SM14,C
0c3d20d039159bfd,"1, 3, 5",Nakane,M,Hinata,Hinata Nakane,JPN,S9,SB8,55159,S26,Summer Season 2026,SM9,R-2027
cf7f814f46d57b08,-,Naoi,M,Toshihiro,Toshihiro Naoi,JPN,S14,SB14,68064,S26,Summer Season 2026,SM14,R-2029
a0cf8298ed3766fb,"1, 3, 5, 9",Nishida,F,An,An Nishida,JPN,S7,SB7,19803,S26,Summer Season 2026,SM7,C
78a378b71f503e00,-,Nomura,M,Yosuke,Yosuke Nomura,JPN,S14,SB14,56175,S26,Summer Season 2026,SM14,R-2027
feea283cfc6fcada,-,Ogawa,F,Haruna,Haruna Ogawa,JPN,S14,SB14,33269,S26,Summer Season 2026,SM14,N
7f7ee051fecab5c5,"1, 2, 4, 12, +",Ogiwara,M,Kotaro,Kotaro Ogiwara,JPN,S8,SB8,36120,S26,Summer Season 2026,SM8,C
946fb243a9777cca,-,Ohashi,M,Kaito,Kaito Ohashi,JPN,S14,SB14,19929,S26,Summer Season 2026,SM14,R
ea85ca8d77cf8ad8,"1, 3, 5",Okajima,M,Kanta,Kanta Okajima,JPN,S9,SB9,42552,S26,Summer Season 2026,SM9,C
afafda6825a9d35d,"3, 5, 12, +",Oshima,M,Kamiru,Kamiru Oshima,JPN,S10,SB9,33190,S26,Summer Season 2026,SM10,C
86fb8b68e20ffae7,9,Ouchi,M,Shuma,Shuma Ouchi,JPN,S9,SB8,51601,S26,Summer Season 2026,SM9,C
1257cb9eea1e3e18,T,Saito,M,Genki,Genki Saito,JPN,S12,SB12,36502,S26,Summer Season 2026,SM12,R-2028
b8fec8efa7f0d01b,-,Saito,M,Masaki,Masaki Saito,JPN,S14,SB14,51554,S26,Summer Season 2026,SM14,R
a8669cff9f7841c1,-,Sakakura,M,Koki,Koki Sakakura,JPN,S14,SB14,29906,S26,Summer Season 2026,SM14,C
9a8dfddf13555d98,-,Sato,F,Rira,Rira Sato,JPN,S14,SB14,68497,S26,Summer Season 2026,SM14,R-2030
7ea9ea2dc43ba59b,-,Sato,M,Yuto,Yuto Sato,JPN,S14,SB14,57704,S26,Summer Season 2026,SM14,C
19861893f4c13457,-,Seki,M,Kevin,Kevin Seki,JPN,S14,SB14,51208,S26,Summer Season 2026,SM14,C
a727e9bdab389651,0,Serizawa,F,Mikika,Mikika Serizawa,JPN,S14,SB14,39319,S26,Summer Season 2026,SM14,C
df829117cd582205,0,Shimizu,M,Kota,Kota Shimizu,JPN,S13,SB13,33189,S26,Summer Season 2026,SM13,R-2021
0290e8294de02f25,"A, Y, E, 7",Sugawara,M,Kota,Kota Sugawara,JPN,S5,SB6,42555,S26,Summer Season 2026,SM5,C
42d486de7d7bb90f,"A, Y, E, 3, 5, 12, +",Suzuki,M,Takayuki,Takayuki Suzuki,JPN,S4,SB3,3713,S26,Summer Season 2026,SM4,C
9dc0d8edc82c09ef,0,Takagi,F,Sachi,Sachi Takagi,JPN,S14,SB14,35064,S26,Summer Season 2026,SM14,C
88cea42673e828f6,"A, Y, E, 7",Tanaka,M,Eigo,Eigo Tanaka,JPN,S5,SB6,51629,S26,Summer Season 2026,SM5,C
f1ed2a6175de9507,-,Tanaka,M,Haruyuki,Haruyuki Tanaka,JPN,S14,SB14,19930,S26,Summer Season 2026,SM14,N
113d626e637a1362,"1, 3, 5",Togo,F,Mayu,Mayu Togo,JPN,S9,SB9,63374,S26,Summer Season 2026,SM9,R-2031
8bb5f29da9f57b33,"T, B",Tomita,M,Uchu,Uchu Tomita,JPN,S11,SB11,26537,S26,Summer Season 2026,SM11,C
6cb6f581f1f31d81,"3, 5, 12, +",Toshino,M,Seiga,Seiga Toshino,JPN,S9,SB8,26539,S26,Summer Season 2026,SM9,R-2021
829e414ef1c83427,"1, 2, 4",Tsuboi,M,Kosuke,Kosuke Tsuboi,JPN,S8,SB8,55158,S26,Summer Season 2026,SM8,R-2027
9f6ea71d6b98aa80,-,Tsuboi,M,Yuuki,Yuuki Tsuboi,JPN,S14,SB14,57687,S26,Summer Season 2026,SM14,R-2027
753f176d3976a776,0,Tsugawa,M,Takuya,Takuya Tsugawa,JPN,S14,SB14,8677,S26,Summer Season 2026,SM14,C
439d7d4d6d615830,T,Tsujiuchi,F,Ayano,Ayano Tsujiuchi,JPN,S12,SB12,36463,S26,Summer Season 2026,SM12,R-2029
64027f3ce143e0e0,-,Uchida,M,Kyosuke,Kyosuke Uchida,JPN,S14,SB14,67049,S26,Summer Season 2026,SM14,N
ddcb81bf653eb1d6,-,Uemura,M,Haruhi,Haruhi Uemura,JPN,S14,SB14,51556,S26,Summer Season 2026,SM14,C
fedf2c940b3a3aaf,"12, +",Uezono,M,Onta,Onta Uezono,JPN,S10,SB9,51600,S26,Summer Season 2026,SM10,C
8b6c98be8d7e7c0e,"1, 3, 5",Utsugi,F,Mikuni,Mikuni Utsugi,JPN,S9,SB8,30293,S26,Summer Season 2026,SM9,C
496ce93248709cb3,0,Watanabe,F,Remi,Remi Watanabe,JPN,S14,SB14,17825,S26,Summer Season 2026,SM14,C
8757d7db84a91947,-,Watanabe,M,Takuto,Takuto Watanabe,JPN,S14,SB14,65775,S26,Summer Season 2026,SM14,R-2027
edccdb790b528ab6,"A, 12",Yamada,M,Ryuga,Ryuga Yamada,JPN,S6,SB5,63234,S26,Summer Season 2026,SM6,R-2027
e83b20966c21f35f,0,Yamaguchi,M,Naohide,Naohide Yamaguchi,JPN,S14,SB14,41361,S26,Summer Season 2026,SM14,C
5b2c63ceb68cf894,"T, B",Yamamoto,M,Koji,Koji Yamamoto,JPN,S11,SB11,22600,S26,Summer Season 2026,SM11,C
d9634f8eec103012,-,Yamanaka,M,Yuki,Yuki Yamanaka,JPN,S14,SB14,24337,S26,Summer Season 2026,SM14,R-2027
02add602e9ad29ec,"A, 3, 5, 12",Yasuda,M,Hotaka,Hotaka Yasuda,JPN,S7,SB6,30292,S26,Summer Season 2026,SM7,R-2030
7ef8f2c0e49254b2,-,Yoshino,M,Yuto,Yuto Yoshino,JPN,S14,SB14,35214,S26,Summer Season 2026,SM14,N
619b46e4f676431a,"A, 12, +",Yui,F,Maori,Maori Yui,JPN,S5,SB5,30507,S26,Summer Season 2026,SM5,C
195cfa56f90c01cc,0,Afanasyev,M,Andrey,Andrey Afanasyev,KAZ,S12,SB12,21482,S26,Summer Season 2026,SM12,R-2029
69dc15b864743f0d,-,Alpamys,M,Amir,Amir Alpamys,KAZ,S14,SB14,69661,S26,Summer Season 2026,SM14,R-2028
a7c4853242343b05,-,Beissekeyeva,F,Dilnaz,Dilnaz Beissekeyeva,KAZ,NE,NE,52027,S26,Summer Season 2026,NE,C
46ec08d5a226fee9,"A, 12, +",Bekenova,F,Ayazhan,Ayazhan Bekenova,KAZ,S10,SB9,52028,S26,Summer Season 2026,SM10,R-2025
e787479df21b738f,"A, Y, E, 7",Daliyev,M,Siyazbek,Siyazbek Daliyev,KAZ,S5,SB6,8926,S26,Summer Season 2026,SM5,C
7bdaa0bb790ae79a,"A, 12, +",Dubinina,F,Alina,Alina Dubinina,KAZ,S8,SB8,17357,S26,Summer Season 2026,SM8,R-2027
f0a3042c328dcb3b,T,Dyussenbayev,M,Nurdaulet,Nurdaulet Dyussenbayev,KAZ,S11,SB11,67761,S26,Summer Season 2026,SM11,R-2030
fd5eb9fe659d645b,"A, 12",Erman,M,Vladimir,Vladimir Erman,KAZ,S6,SB5,17353,S26,Summer Season 2026,SM6,C
da11889c55c43891,"A, E, 3, 5, 12",Gabidullina,F,Zulfiya,Zulfiya Gabidullina,KAZ,S4,SB3,14551,S26,Summer Season 2026,SM4,C
1f82edb106662f7f,-,Kaliyeva,F,Adelya,Adelya Kaliyeva,KAZ,NE,NE,63455,S26,Summer Season 2026,NE,C
5999b751711315e1,"A, 3, 5, 12, +",Kassymbek,M,Bekassyl,Bekassyl Kassymbek,KAZ,S6,SB5,61396,S26,Summer Season 2026,SM6,R-2027
a2a04985e4a96096,"H, 8",Kenzhebek,M,Dias,Dias Kenzhebek,KAZ,S10,SB9,35200,S26,Summer Season 2026,SM10,C
a35eb84b16c32e48,8,Kinakh,M,Sergey,Sergey Kinakh,KAZ,NE,SB9,21004,S26,Summer Season 2026,NE,C
25d0989d183c56d2,"A, 12",Kulkayev,M,Aisultan,Aisultan Kulkayev,KAZ,S5,SB4,44343,S26,Summer Season 2026,SM5,C
a427c6221eefce02,"A, 3, 5, 12, +",Mochalkin,M,Stanislav,Stanislav Mochalkin,KAZ,S10,SB9,55366,S26,Summer Season 2026,SM10,C
5dda478c0b5bfbd2,"T, B",Muratbekov,M,Amir,Amir Muratbekov,KAZ,S11,SB11,52031,S26,Summer Season 2026,SM11,C
adbeccb542c43989,"A, 12",Murzagaliyeva,F,Zarina,Zarina Murzagaliyeva,KAZ,S6,SB5,59351,S26,Summer Season 2026,SM6,R-2027
9a59f7c2f451a5fe,"1, 3, 5",Nametullayev,M,Yersultan,Yersultan Nametullayev,KAZ,S9,SB9,61390,S26,Summer Season 2026,SM9,R-2027
dace9156aeb0cae9,-,Pakhomov,M,Matvey,Matvey Pakhomov,KAZ,S12,SB12,67758,S26,Summer Season 2026,SM12,N
5c2a116ac173d367,"T, B",Potapov,M,Roman,Roman Potapov,KAZ,S11,SB11,35199,S26,Summer Season 2026,SM11,R-2030
fd4ca7f09626c30c,"A, E, 3, 7",Rakhmanberdi,M,Saulet,Saulet Rakhmanberdi,KAZ,S7,SB7,52036,S26,Summer Season 2026,SM7,C
0c6f12a7f7a2df46,"1, 2, 4, 9",Salimgereyev,M,Yerzhan,Yerzhan Salimgereyev,KAZ,S6,SB6,29540,S26,Summer Season 2026,SM6,C
7d1d08901b504ee3,"A, 1",Sariyev,M,Askhat,Askhat Sariyev,KAZ,S3,N/A,69547,S26,Summer Season 2026,N/A,R
18cc7693e76198f7,"A, 3, 5, 12",Sarsembayev,M,Maxat,Maxat Sarsembayev,KAZ,S4,SB3,55365,S26,Summer Season 2026,SM4,C
c2765a04a258ba6f,-,Sattarkul,M,Zhassulan,Zhassulan Sattarkul,KAZ,S9,,67760,S26,Summer Season 2026,,
7520fd2a94ce213d,T,Sinelnikova,F,Alina,Alina Sinelnikova,KAZ,S13,SB13,42637,S26,Summer Season 2026,SM13,R-2027
307bf346357a2ae7,"1, 3, 5",Skorzhevskaya,F,Polina,Polina Skorzhevskaya,KAZ,S9,SB9,59348,S26,Summer Season 2026,SM9,R-2028
df0155bf4ee29fd9,0,Sovetkanov,M,Nurali,Nurali Sovetkanov,KAZ,S13,SB13,35156,S26,Summer Season 2026,SM13,R-2025
eb6d89011a3e2d86,"A, 3, 5, 12",Turganbekov,M,Ali,Ali Turganbekov,KAZ,S5,SB4,61383,S26,Summer Season 2026,SM5,R-2028
3571a764b205b46c,-,Volkov,M,Viktor,Viktor Volkov,KAZ,S13,SB13,63360,S26,Summer Season 2026,SM13,R-2027
124e83a1d2b95d5f,0,Zhumagali,M,Nurdaulet,Nurdaulet Zhumagali,KAZ,NE,NE,50818,S26,Summer Season 2026,NE,C
5ae7cde84884060f,"A, 3, 5, 12",Zvyagintseva,F,Natalya,Natalya Zvyagintseva,KAZ,S6,SB5,17354,S26,Summer Season 2026,SM6,C
8c93210140fb3e87,"12, +",Irungu,M,Mwangi,Mwangi Irungu,KEN,S8,SB7,36052,S26,Summer Season 2026,SM8,R
88b141c95f92c36a,"1, 2, 4",Muchiri,M,Murage,Murage Muchiri,KEN,S9,SB8,36045,S26,Summer Season 2026,SM9,C
8698623adb67e472,-,Muriuki,F,Catherine Nyawira,Catherine Nyawira Muriuki,KEN,S10,,68804,S26,Summer Season 2026,,
e335113d2b6adf42,9,Ndale,M,Jackisaack,Jackisaack Ndale,KEN,S10,SB9,33865,S26,Summer Season 2026,SM10,R-2021
1f4921c09e317a21,9,Ngahu,F,Consolata Waitherero,Consolata Waitherero Ngahu,KEN,S9,SB8,68799,S26,Summer Season 2026,SM9,C
c582a7bd76dab899,"1, 2, 4",Salago,M,Duncan Azwere,Duncan Azwere Salago,KEN,S8,SB8,68805,S26,Summer Season 2026,SM8,C
785cb1ac7373bbc6,"A, 3, 5, 12, +",Wacuka,F,Ann,Ann Wacuka,KEN,S7,SB6,13836,S26,Summer Season 2026,SM7,C
70b01630d8340ecd,-,An,M,Sungbin,Sungbin An,KOR,S7,SB6,68763,S26,Summer Season 2026,SM7,N
b837293f8abd760d,-,Bang,M,Jacob Heungshik,Jacob Heungshik Bang,KOR,S14,,69731,S26,Summer Season 2026,,
cb8cdce707efb4dc,0,Cho,M,Wonsang,Wonsang Cho,KOR,S14,SB14,14028,S26,Summer Season 2026,SM14,C
ea7da70faa502989,-,Choi,M,Ethan Hongryun,Ethan Hongryun Choi,KOR,S14,SB14,68461,S26,Summer Season 2026,SM14,R
959d58ef314114a6,-,Choi,M,Sungmin,Sungmin Choi,KOR,S14,SB14,51430,S26,Summer Season 2026,SM14,R-2023
eea8ea9045c2ea9a,"A, Y, E",Go,M,Deukheon,Deukheon Go,KOR,S2,N/A,64782,S26,Summer Season 2026,N/A,R
b903f34be967f35d,T,Han,M,Dongho,Dongho Han,KOR,S12,SB12,12545,S26,Summer Season 2026,SM12,R-2019
0c93acdc458afbd9,"1, 2, 4",Jang,M,Jongyoon,Jongyoon Jang,KOR,S8,SB8,35068,S26,Summer Season 2026,SM8,C
47637536d02bbf45,"A, 12, +",Jang,M,Kiseok,Kiseok Jang,KOR,S9,SB8,68919,S26,Summer Season 2026,SM9,R-2029
122ef02303428fca,-,Jeon,M,Hyojin,Hyojin Jeon,KOR,S10,SB9,68920,S26,Summer Season 2026,SM10,N
b821d1020834fa91,8,Jeon,M,Hyungwoo,Hyungwoo Jeon,KOR,S9,SB8,22770,S26,Summer Season 2026,SM9,R-2020
285c641c4b39b816,"A, Y, E, 7, 12, +",Jeong,M,Bonggi,Bonggi Jeong,KOR,S5,SB3,61290,S26,Summer Season 2026,SM5,R
aee41dabfdb6c115,"A, 3, 5, 12",Jo,M,Giseong,Giseong Jo,KOR,S4,SB3,19355,S26,Summer Season 2026,SM4,C
5a73b4fb9d324211,0,Kang,F,Jungeun,Jungeun Kang,KOR,S14,SB14,22766,S26,Summer Season 2026,SM14,C
e5ef3a2427f11e38,-,Kang,M,Sungho,Sungho Kang,KOR,S14,SB14,41992,S26,Summer Season 2026,SM14,R-2029
324119148fea86fe,-,Kim,F,Bangwool,Bangwool Kim,KOR,S12,SB12,63945,S26,Summer Season 2026,SM12,N
9e4184255cbd966c,-,Kim,M,Banseok,Banseok Kim,KOR,S14,SB14,26858,S26,Summer Season 2026,SM14,C
473db127a39e7f56,-,Kim,M,Donghyeon,Donghyeon Kim,KOR,S14,SB14,29393,S26,Summer Season 2026,SM14,C
71fad07d5a9cf47e,-,Kim,M,Hyeonseung,Hyeonseung Kim,KOR,S14,SB14,29574,S26,Summer Season 2026,SM14,C
a2ba103174517178,-,Kim,M,Jaehun,Jaehun Kim,KOR,S14,SB14,67824,S26,Summer Season 2026,SM14,R-2029
586bde911d97fa5e,-,Kim,M,Jinheon,Jinheon Kim,KOR,S14,,67780,S26,Summer Season 2026,,
052fd778896d6e6d,0,Kim,M,Kyeongbin,Kyeongbin Kim,KOR,S14,SB14,34933,S26,Summer Season 2026,SM14,C
82c46b15b75ede71,8,Kim,M,Saehun,Saehun Kim,KOR,S9,SB8,22768,S26,Summer Season 2026,SM9,C
f8042e15078505a8,-,Kim,M,Si Ham,Si Ham Kim,KOR,S10,SB9,63852,S26,Summer Season 2026,SM10,N
3c6ec9cef3013949,-,Kim,M,Siwoo,Siwoo Kim,KOR,S14,SB14,67825,S26,Summer Season 2026,SM14,R-2027
e475912da8600ee5,-,Kim,M,Soohyeong,Soohyeong Kim,KOR,S14,SB14,56879,S26,Summer Season 2026,SM14,R-2024
d4e47657905239b0,-,Kim,M,Taelin,Taelin Kim,KOR,S14,,70814,S26,Summer Season 2026,,
8b4de457a3c2b2f7,"A, 3, 5, 12, +",Kim,M,Yeongbin,Yeongbin Kim,KOR,S7,SB6,68846,S26,Summer Season 2026,SM7,R-2028
0678dfef23a0c590,-,Kim,M,Yunho,Yunho Kim,KOR,S14,SB14,68408,S26,Summer Season 2026,SM14,N
4380f1d7ea70ab47,-,Ko,M,Jungyup,Jungyup Ko,KOR,S14,SB14,68407,S26,Summer Season 2026,SM14,N
50e113f0283662d0,-,Ko,M,Junho,Junho Ko,KOR,S14,SB14,35073,S26,Summer Season 2026,SM14,C
068869930e49f792,"1, 2, 4, 12, +",Koh,M,Joonhyeok,Joonhyeok Koh,KOR,S6,SB6,21531,S26,Summer Season 2026,SM6,R-2029
b3468913a7d0c70f,-,Kook,M,Dongken,Dongken Kook,KOR,S14,SB14,41662,S26,Summer Season 2026,SM14,C
ffcbbe447207a868,8,Kwon,M,Yonghwa,Yonghwa Kwon,KOR,S10,SB8,33878,S26,Summer Season 2026,SM10,C
b086d42e2b176698,"3, 5, 12, +",Lee,M,Donggu,Donggu Lee,KOR,S7,SB6,4611,S26,Summer Season 2026,SM7,R
f0342102c90db685,0,Lee,M,Inkook,Inkook Lee,KOR,S14,SB14,16034,S26,Summer Season 2026,SM14,C
51ef3ee5bc491f6b,-,Lee,M,Jong Gil,Jong Gil Lee,KOR,S14,SB14,61289,S26,Summer Season 2026,SM14,R-2027
67d2c0e898e8d8a1,"*, 1, 4, 12, +",Lee,F,Jueun,Jueun Lee,KOR,S8,SB8,35081,S26,Summer Season 2026,SM8,R
d1f65b1687c9b203,"1, 2, 4",Lim,F,Eunyeong,Eunyeong Lim,KOR,S8,SB8,35067,S26,Summer Season 2026,SM8,C
3c507dc5910a10b4,-,Lim,M,Hyeoksu,Hyeoksu Lim,KOR,S14,SB14,34400,S26,Summer Season 2026,SM14,R-2027
9b3163520e2c43e1,-,Moon,M,Seohwi,Seohwi Moon,KOR,S14,SB14,68409,S26,Summer Season 2026,SM14,N
9d42b73539ddb836,-,Noh,F,Hyewon,Hyewon Noh,KOR,S14,SB14,61228,S26,Summer Season 2026,SM14,C
91ec06d6233cff6e,-,Oh,M,Hyunsu,Hyunsu Oh,KOR,S10,,70483,S26,Summer Season 2026,,
bb80571f8a14b916,-,Park,M,Jihwan,Jihwan Park,KOR,S12,SB12,29308,S26,Summer Season 2026,SM12,R-2019
66e62cebf05526a1,-,Park,M,Sangmin,Sangmin Park,KOR,S10,SB8,41955,S26,Summer Season 2026,SM10,N
4b5d4d9eb04a6c40,-,Park,F,Sojin,Sojin Park,KOR,S14,SB14,68411,S26,Summer Season 2026,SM14,R
1c86ce540f03de8b,"A, 12, +",Park,M,Suhan,Suhan Park,KOR,S8,SB7,40595,S26,Summer Season 2026,SM8,C
91be4584275cb529,-,Seong,F,Yuha,Yuha Seong,KOR,S5,SB4,69329,S26,Summer Season 2026,SM5,N
825ca2adee8c6fa5,-,Shin,F,Hyewon,Hyewon Shin,KOR,S14,SB14,57745,S26,Summer Season 2026,SM14,R-2025
cb8ff430e5a0b5eb,"A, 12",Shin,M,Sangdeok,Sangdeok Shin,KOR,S6,SB5,68459,S26,Summer Season 2026,SM6,R-2028
e3aec3cd3b08ced3,-,Son,M,Jiwon,Jiwon Son,KOR,S14,SB14,65140,S26,Summer Season 2026,SM14,R-2026
3cd5e6a9fc02431f,9,Yeum,M,Jundu,Jundu Yeum,KOR,S9,SB8,42464,S26,Summer Season 2026,SM9,C
9e7c0451b8ae6447,"A, 3, 5, 12, +",You,M,Changsung,Changsung You,KOR,S7,SB6,69720,S26,Summer Season 2026,SM7,R-2028
f570fd565f3d10f8,-,Yun,F,Chaewoo,Chaewoo Yun,KOR,S5,SB4,67879,S26,Summer Season 2026,SM5,N
c173eea98ccc404c,"3, 5, 12, +",Yun,M,Juhyun,Juhyun Yun,KOR,S10,SB9,63921,S26,Summer Season 2026,SM10,R-2027
6648ebc6358229c1,-,Abaev,M,Islam,Islam Abaev,KGZ,S7,,67734,S26,Summer Season 2026,,
2517ea7606128eac,9,Duishonbekov,M,Kaniet,Kaniet Duishonbekov,KGZ,S10,SB9,63452,S26,Summer Season 2026,SM10,R
968f0d26dff9b18d,"A, 12, +",Iusurova,F,Azaliia,Azaliia Iusurova,KGZ,S7,SB6,68035,S26,Summer Season 2026,SM7,R-2030
a48db0fd9d813786,-,Thonglone,M,Seng One,Seng One Thonglone,LAO,,SB8,69955,S26,Summer Season 2026,SM9,N
f9dcbb431f9595b8,"H, 3, 5, 12, +",Kristaps,M,Jekabs,Jekabs Kristaps,LAT,S6,SB6,64093,S26,Summer Season 2026,SM6,R-2027
40c58d175071e96a,"A, 12, +",Ritikovs,M,Dmitrijs,Dmitrijs Ritikovs,LAT,S9,SB8,64094,S26,Summer Season 2026,SM9,R-2028
bf944cbd3e48e14d,"A, 3, 4, 12, +",Semjonovs,M,Jurijs,Jurijs Semjonovs,LAT,S8,SB8,35823,S26,Summer Season 2026,SM8,R-2028
3360d42749092e64,"1, 3, 5, 12",Yassin,M,Abdallah,Abdallah Yassin,LBN,S6,SB4,69258,S26,Summer Season 2026,SM6,R-2029
0cfcdf1ffe770467,9,Elmajie,M,Malek,Malek Elmajie,LBA,S9,SB8,26817,S26,Summer Season 2026,SM9,C
b6ccbf2ba661e681,"A, Y, E, 7, 8",Sheniba,M,Abdarhaman,Abdarhaman Sheniba,LBA,S4,SB4,54646,S26,Summer Season 2026,SM4,R-2026
f3963b9044c6d22e,-,Bajarunas,M,Kernius,Kernius Bajarunas,LTU,NE,NE,68938,S26,Summer Season 2026,NE,C
e0a757a66fca69ac,12,Cepaviciute,F,Gabriele,Gabriele Cepaviciute,LTU,S5,SB4,36133,S26,Summer Season 2026,SM5,R
cb766b0374456cf1,"3, 5",Davis,M,Markas Danielius,Markas Danielius Davis,LTU,S10,SB9,65644,S26,Summer Season 2026,SM10,R-2028
cf03b6240225df55,"A, 12, +",Juodisius,M,Mantas,Mantas Juodisius,LTU,S6,SB4,20355,S26,Summer Season 2026,SM6,R-2027
b0a648265076771d,8,Kazlauskyte,F,Ieva,Ieva Kazlauskyte,LTU,S10,SB9,44004,S26,Summer Season 2026,SM10,R-2029
44e3884171f51520,"T, B",Matakas,M,Edgaras,Edgaras Matakas,LTU,S11,SB11,22682,S26,Summer Season 2026,SM11,C
c76ea9e846ab412b,"3, 5",Mazeika,M,Marius,Marius Mazeika,LTU,S10,SB9,53795,S26,Summer Season 2026,SM10,R-2027
aebb0749a5d2649b,"T, B",Zvirblis,M,Simonas,Simonas Zvirblis,LTU,S11,SB11,53794,S26,Summer Season 2026,SM11,R-2027
2de7d92ed1058f87,-,Cheong,M,Chon Hou,Chon Hou Cheong,MAC,S14,SB14,66407,S26,Summer Season 2026,SM14,N
349c5291c2ea2d83,0,Choi,M,Chi Hou,Chi Hou Choi,MAC,S14,SB14,35662,S26,Summer Season 2026,SM14,C
40d88c377f01d1ac,0,Sou,M,Chi Ngai,Chi Ngai Sou,MAC,S14,SB14,35776,S26,Summer Season 2026,SM14,C
41019d8a15a00ebb,-,Wong,M,Kin,Kin Wong,MAC,S14,SB14,70441,S26,Summer Season 2026,SM14,N
2b2420f304364cdd,0,Abdullah,M,Mohd Adib Iqbal,Mohd Adib Iqbal Abdullah,MAS,S14,SB14,35891,S26,Summer Season 2026,SM14,C
e05a79fc0ed75290,-,Abdullah,M,Saiful Rizal,Saiful Rizal Abdullah,MAS,S14,SB14,63991,S26,Summer Season 2026,SM14,R-2027
1681c81cbc07f5d6,"A, 12, +",Abdullah,M,Shahafiq,Shahafiq Abdullah,MAS,S8,SB7,63951,S26,Summer Season 2026,SM8,R-2027
cc87f3a015601fd8,-,Bin Nazrey,M,Wahyu Eqwal,Wahyu Eqwal Bin Nazrey,MAS,S5,SB5,68047,S26,Summer Season 2026,SM5,N
0829bb02ee6c5cb8,-,Binti Razman,F,Asyiil Raziin,Asyiil Raziin Binti Razman,MAS,S14,SB14,68050,S26,Summer Season 2026,SM14,N
b486789de2cd7db1,"3, 5",Cheong,F,Elysha Hui Yin,Elysha Hui Yin Cheong,MAS,S10,SB9,68052,S26,Summer Season 2026,SM10,R-2031
4d2cc9e57c6acaf7,-,Imam Basori,M,Duran Yaspi,Duran Yaspi Imam Basori,MAS,S14,SB14,57338,S26,Summer Season 2026,SM14,C
9e4a9dcad8464f1c,-,Khoo,M,Ethan Yin Jun,Ethan Yin Jun Khoo,MAS,S14,SB14,42501,S26,Summer Season 2026,SM14,C
3734b11ab1774455,"A, Y, E, 7, 12, +",Larry,F,Brenda Anellia,Brenda Anellia Larry,MAS,S4,SB4,42286,S26,Summer Season 2026,SM4,C
24a1ad76177b59f7,-,Lau,M,Sze Kai Bryan,Sze Kai Bryan Lau,MAS,S14,SB14,54394,S26,Summer Season 2026,SM14,C
914072a5d2b498de,"1, 2, 4",Lim,F,Carmen,Carmen Lim,MAS,S8,SB8,29625,S26,Summer Season 2026,SM8,C
74b0451bb2650ddb,"3, 5, 12, +",Mohammad,M,Abd Halim,Abd Halim Mohammad,MAS,S9,SB8,42495,S26,Summer Season 2026,SM8,R
be0d67f9081ef50d,-,Mohd Azmi,M,Muhammad Zhafri Adam,Muhammad Zhafri Adam Mohd Azmi,MAS,S14,SB14,57337,S26,Summer Season 2026,SM14,R-2026
48ae516d867a1c0a,-,Muhammad Redzuan,M,Muhammad Imaan Aiman,Muhammad Imaan Aiman Muhammad Redzuan,MAS,S14,SB14,44093,S26,Summer Season 2026,SM14,R
7e306d967899ef3a,H,Nik Rafizal,M,Nik Muhammad Joe Asyraff,Nik Muhammad Joe Asyraff Nik Rafizal,MAS,S14,SB14,57340,S26,Summer Season 2026,SM14,R-2027
d518e0ec4c8fa78b,"1, 3, 5",Ong,F,Jia Xuan,Jia Xuan Ong,MAS,S9,SB9,51959,S26,Summer Season 2026,SM9,R-2023
f73f2d465e2f5574,"1, 3, 5",Rusmadi,M,Rusdianto,Rusdianto Rusmadi,MAS,S8,SB8,49977,S26,Summer Season 2026,SM8,C
037d40d4a21f16e0,-,Suhaimi,M,Muhammad Safwan,Muhammad Safwan Suhaimi,MAS,S9,SB9,69584,S26,Summer Season 2026,SM9,N
8704743c1be8042c,-,Voo,F,Sharlinie Valerie Wen Qin,Sharlinie Valerie Wen Qin Voo,MAS,S6,SB6,68049,S26,Summer Season 2026,SM6,N
64c661a29b85fe45,"A, 12",Zulkafli,M,Muhammad Nur Syaiful,Muhammad Nur Syaiful Zulkafli,MAS,S5,SB4,33355,S26,Summer Season 2026,SM5,C
bf898a68f6f2805a,-,Rizhan,M,Mohamed,Mohamed Rizhan,MDV,S10,SB9,67701,S26,Summer Season 2026,SM10,N
eafdf09b62030e38,-,Scicluna,F,Faith,Faith Scicluna,MLT,NE,NE,60171,S26,Summer Season 2026,NE,C
9dd2a190e1aa94f8,-,Abarca Cruz,M,Marcos Eduardo,Marcos Eduardo Abarca Cruz,MEX,S6,SB5,53617,S26,Summer Season 2026,SM6,N
a838a8ab7a48d3d9,"A, E, 7",Aceves Perez,F,Haidee Viviana,Haidee Viviana Aceves Perez,MEX,S2,N/A,8378,S26,Summer Season 2026,N/A,C
f75f85b28e8c2b4d,-,Aguilar Canche,M,Arath Emiliano,Arath Emiliano Aguilar Canche,MEX,S10,SB9,40971,S26,Summer Season 2026,SM10,N
bdab075bc9c6f679,-,Aguilar Hernandez,F,Zoe Pamela,Zoe Pamela Aguilar Hernandez,MEX,S8,SB8,62207,S26,Summer Season 2026,SM8,N
2899cd0f5eb93726,-,Aguilar Lopez,M,Maximiliano,Maximiliano Aguilar Lopez,MEX,S10,SB9,40964,S26,Summer Season 2026,SM10,N
8edd6f5611305e0f,-,Aguilar Lopez,M,Steffano,Steffano Aguilar Lopez,MEX,S8,SB7,40924,S26,Summer Season 2026,SM8,N
f3877f1f350c1949,-,Albores Sanchez,M,Emanuel,Emanuel Albores Sanchez,MEX,S6,,70203,S26,Summer Season 2026,,
116f9808f0af5e64,"T, B",Alcazar Figueroa,F,Matilde Estefania,Matilde Estefania Alcazar Figueroa,MEX,S11,SB11,9163,S26,Summer Season 2026,SM11,C
0756cccd2394c0a1,-,Andrade Robles,F,Victoria Guadalupe,Victoria Guadalupe Andrade Robles,MEX,S4,SB3,69213,S26,Summer Season 2026,SM4,N
08c224cf9bf28961,-,Arechiga Valadez,F,Yareli Anilec,Yareli Anilec Arechiga Valadez,MEX,S10,SB9,65526,S26,Summer Season 2026,SM10,N
b0dd92107aa57a4b,-,Arias Contreras,M,Mauricio Javier,Mauricio Javier Arias Contreras,MEX,S8,SB7,60541,S26,Summer Season 2026,SM8,N
ad8a9eb2c2aa058e,-,Arreola Diaz,M,Andrea,Andrea Arreola Diaz,MEX,S10,,70850,S26,Summer Season 2026,,
c07650a8455fb6a5,"A, 3, 5, 12",Arteaga Perez,M,Aldo Gael,Aldo Gael Arteaga Perez,MEX,S5,SB4,52440,S26,Summer Season 2026,SM5,R-2027
ca2f4c852d8c9ad5,-,Avila Trujillo,F,Melani Yamileth,Melani Yamileth Avila Trujillo,MEX,S9,SB8,69017,S26,Summer Season 2026,SM9,N
c65956590693e8b7,-,Baeza Kanter,F,Marion,Marion Baeza Kanter,MEX,S6,,63484,S26,Summer Season 2026,,
f8195f929a28ff8b,-,Balleza Garcia,F,Maria Jaslyn,Maria Jaslyn Balleza Garcia,MEX,S7,SB7,56607,S26,Summer Season 2026,SM7,N
2aca0d4a6c04cb05,"A, Y, E, 3, 5, 12",Barajas Garcia,M,Juan Alonso,Juan Alonso Barajas Garcia,MEX,S4,SB4,53207,S26,Summer Season 2026,SM4,R-2025
d9dbdad216497ce3,-,Barajas Lares,F,Fernanda Guadalupe,Fernanda Guadalupe Barajas Lares,MEX,S5,SB4,60260,S26,Summer Season 2026,SM5,N
80ebd6912e186649,-,Barcenas Solis,M,Milan Nataniel,Milan Nataniel Barcenas Solis,MEX,S10,SB9,56592,S26,Summer Season 2026,SM10,N
dad9c56457316566,-,Bedolla Gonzalez,F,Anayatzi Itzel,Anayatzi Itzel Bedolla Gonzalez,MEX,S14,SB14,65402,S26,Summer Season 2026,SM14,N
dd374d66d6b9c288,-,Bejar Mejia,M,Javier,Javier Bejar Mejia,MEX,S5,SB5,52392,S26,Summer Season 2026,SM5,N
e9e7b510e274f23d,-,Bellino Perez,F,Miriam,Miriam Bellino Perez,MEX,S6,SB6,60259,S26,Summer Season 2026,SM6,N
d67eeec2204cb3f2,-,Borralles de La Torre,F,Celeste Guadalupe,Celeste Guadalupe Borralles de La Torre,MEX,S10,,70138,S26,Summer Season 2026,,
f3c5f6e815ce2c4b,-,Borrego Lechuga,M,Jesus Gilberto,Jesus Gilberto Borrego Lechuga,MEX,S8,SB7,53695,S26,Summer Season 2026,SM8,N
ae84d78ab7fba2f4,T,Botello Cuevas,F,Julieta,Julieta Botello Cuevas,MEX,S12,SB12,60437,S26,Summer Season 2026,SM12,R-2026
1a2462228ecdc93e,"A, 1, 2, 4, 12, +",Bravo Gonzalez,F,Karla Francesca,Karla Francesca Bravo Gonzalez,MEX,S6,SB6,20270,S26,Summer Season 2026,SM6,C
1bcdbf1fde164fb5,-,Buendia Rojas,M,Fernando Guadalupe,Fernando Guadalupe Buendia Rojas,MEX,S8,SB8,59429,S26,Summer Season 2026,SM8,N
7a849f1fe7cfc658,-,Calderon Gonzalez,M,Alan Emilio,Alan Emilio Calderon Gonzalez,MEX,NE,NE,31839,S26,Summer Season 2026,NE,R
f9a6aedcb3009b20,"A, Y, E, 3, 5, 12, +",Camacho,M,Angel De Jesus,Angel De Jesus Camacho,MEX,S4,SB3,40788,S26,Summer Season 2026,SM4,C
91808986b0222434,-,Campos Camarena,M,Alan Mauricio,Alan Mauricio Campos Camarena,MEX,S8,SB7,60428,S26,Summer Season 2026,SM8,N
59eafda8262b210e,-,Cano Torres,M,Luis Antonio,Luis Antonio Cano Torres,MEX,S8,SB8,57254,S26,Summer Season 2026,SM8,N
630f1402c2930c8c,"A, 12",Carapia Pelkastre,F,Jessica Danae,Jessica Danae Carapia Pelkastre,MEX,S7,SB6,31804,S26,Summer Season 2026,SM7,C
043dd141ea63e706,"T, B",Cardenas Hernandez,M,Emiliano,Emiliano Cardenas Hernandez,MEX,S11,SB11,49744,S26,Summer Season 2026,SM11,C
c1d90484b64e3f3f,"A, 12",Carreon,F,Victorya,Victorya Carreon,MEX,S7,SB6,62235,S26,Summer Season 2026,SM7,R-2026
2574005f52ce52dc,-,Casas Rea,M,Juan Alejandro,Juan Alejandro Casas Rea,MEX,S3,SB2,69214,S26,Summer Season 2026,SM3,N
7ca0deeb45d68e45,"A, 12",Castan Gomez,M,Angel De Jesus,Angel De Jesus Castan Gomez,MEX,S6,SB5,29481,S26,Summer Season 2026,SM6,C
8c47b147e8e6125b,-,Castillejos Legorreta,F,Jade Noemi,Jade Noemi Castillejos Legorreta,MEX,S6,SB6,55021,S26,Summer Season 2026,SM6,N
ae2d4b47a79808bb,-,Castillo Sanchez,M,Jonathan,Jonathan Castillo Sanchez,MEX,S10,SB5,69901,S26,Summer Season 2026,SM6,N
0db4d356b8247447,"A, 1, 2, 4, 12",Castorena Velez,M,Jose Arnulfo,Jose Arnulfo Castorena Velez,MEX,S4,SB2,3520,S26,Summer Season 2026,SM3,C
e9bbc06433cc5c31,"A, 3, 5, 12",Castro Resendiz,M,Oscar Gerardo,Oscar Gerardo Castro Resendiz,MEX,S5,SB4,15145,S26,Summer Season 2026,SM5,C
29eba83963aa947e,9,Cazares,M,Fabian,Fabian Cazares,MEX,S10,SB9,53616,S26,Summer Season 2026,SM10,R-2026
2c8c9ba0000428f8,-,Cespedes Maldonado,M,Luis Mario,Luis Mario Cespedes Maldonado,MEX,S2,SB2,53696,S26,Summer Season 2026,SM2,N
186811c351f8f701,"A, E, 7, 12, +",Chavez Aguilera,M,Daniel,Daniel Chavez Aguilera,MEX,S3,SB3,52690,S26,Summer Season 2026,SM3,R-2025
a29f0ed345f6f368,"*, 12, +",Chavez Garcia,F,Carmen Paola,Carmen Paola Chavez Garcia,MEX,S9,SB8,21110,S26,Summer Season 2026,SM9,R
e6ac04f1734a161d,-,Colunga de La Cerda,F,Karen Lizeth,Karen Lizeth Colunga de La Cerda,MEX,S7,SB6,49362,S26,Summer Season 2026,SM7,N
13101b15e7a8c4dc,"A, 3, 5, 12, +",Corrales Miranda,M,Ivan Rodrigo,Ivan Rodrigo Corrales Miranda,MEX,S7,SB6,62210,S26,Summer Season 2026,SM7,R-2029
601f2e56c247af44,-,Cortes Luna,F,Evelyn Judith,Evelyn Judith Cortes Luna,MEX,S5,SB4,60431,S26,Summer Season 2026,SM5,N
0cd6489c5710035e,-,Coutino Serrano,M,Wilberth Fabian,Wilberth Fabian Coutino Serrano,MEX,S9,,69296,S26,Summer Season 2026,,
369149620043c7d9,-,Cruz Pacheco,F,Adriana Lucia,Adriana Lucia Cruz Pacheco,MEX,S6,SB6,52486,S26,Summer Season 2026,SM6,N
4c2352dd768d7e76,-,de La Torre Castellanos,F,Aimee,Aimee de La Torre Castellanos,MEX,S10,SB9,49880,S26,Summer Season 2026,SM10,N
1dde5759c1828bf2,"T, B",Delgado Vazquez,M,Tadeo Misael,Tadeo Misael Delgado Vazquez,MEX,S11,SB11,54864,S26,Summer Season 2026,SM11,C
9c9c6ccced26d015,-,Diaz Infante Ibanez,M,Alejandro,Alejandro Diaz Infante Ibanez,MEX,S8,SB8,53076,S26,Summer Season 2026,SM8,N
9023a2ea8e59c7ae,"*, 12, +",Domingo Bello,F,Karina,Karina Domingo Bello,MEX,S6,SB6,8383,S26,Summer Season 2026,SM6,R
c1a1c5f32c243394,"A, 12",Dominguez Aguilar,M,Jesus Gilberto,Jesus Gilberto Dominguez Aguilar,MEX,S4,SB3,40914,S26,Summer Season 2026,SM4,R-2025
7d44529a12fd2bcb,-,Dominguez Albor,M,Moises,Moises Dominguez Albor,MEX,S5,SB4,55020,S26,Summer Season 2026,SM5,N
c14efd869de2184c,-,Dominguez Sanchez,M,Vicente Alonzo,Vicente Alonzo Dominguez Sanchez,MEX,S9,SB8,69161,S26,Summer Season 2026,SM9,N
bd306db524aedbfd,-,Duran Pacheco,M,Anderson Axel,Anderson Axel Duran Pacheco,MEX,S8,SB7,60263,S26,Summer Season 2026,SM8,N
d9848097e91b1caa,-,Espina Quezada,F,Mayra Itzel Guadalupe,Mayra Itzel Guadalupe Espina Quezada,MEX,S5,SB4,66004,S26,Summer Season 2026,SM5,N
737588ad4aad44fe,"12, +",Espinosa Mata,F,Briana Naomy,Briana Naomy Espinosa Mata,MEX,S9,SB8,31754,S26,Summer Season 2026,SM9,R-2027
10ef0ec44ed95455,-,Estrada Hernandez,F,Natila,Natila Estrada Hernandez,MEX,S6,SB5,69162,S26,Summer Season 2026,SM6,N
1ce6059e56562694,"1, 3, 5",Estrada Ramirez,M,Luis,Luis Estrada Ramirez,MEX,S9,SB9,59224,S26,Summer Season 2026,SM9,R-2026
eb0218753bcc508f,"A, 12, +",Flores Nunez,M,Luis Isaac,Luis Isaac Flores Nunez,MEX,S8,SB7,9171,S26,Summer Season 2026,SM8,R-2025
3f0c49da9b9727d0,-,Flores Velazquez,F,Stephane,Stephane Flores Velazquez,MEX,S14,SB14,54926,S26,Summer Season 2026,SM14,R-2026
829743fc53e1bc22,"A, Y, E, 7",Florida Gomez,F,Maria Fernanda,Maria Fernanda Florida Gomez,MEX,S3,N/A,33962,S26,Summer Season 2026,N/A,C
f7d7954e20686ce9,-,Fonseca Nava,M,Emiliano,Emiliano Fonseca Nava,MEX,S6,SB5,69328,S26,Summer Season 2026,SM6,N
c7cd78d092c4b2e7,-,Fonseca Ramirez,M,Santiago,Santiago Fonseca Ramirez,MEX,S6,SB5,69238,S26,Summer Season 2026,SM6,N
55603487356e19df,-,Gallegos Rebolledo,F,Hannia,Hannia Gallegos Rebolledo,MEX,S6,SB6,65036,S26,Summer Season 2026,SM6,N
42249d32383c9298,-,Garcia Barajas,M,Nicolas,Nicolas Garcia Barajas,MEX,S2,SB1,69159,S26,Summer Season 2026,SM2,N
e4fb2843bd3c4fe7,-,Garcia Rodriguez,M,Diego Emiliano,Diego Emiliano Garcia Rodriguez,MEX,S6,SB5,50573,S26,Summer Season 2026,SM6,N
33d1446c263ab65f,"12, +",Garcia Velazquez,F,Julia,Julia Garcia Velazquez,MEX,S6,SB6,53697,S26,Summer Season 2026,SM6,R-2026
3f423cddca6cc8d1,-,Gasca Rivera,F,Naydeline Victoria,Naydeline Victoria Gasca Rivera,MEX,S9,SB8,53117,S26,Summer Season 2026,SM9,N
162a39af9118333c,-,Gomez Gonzalez,M,Aquiles Mateo,Aquiles Mateo Gomez Gonzalez,MEX,S7,SB6,69057,S26,Summer Season 2026,SM7,N
6ac1657c028b5824,-,Goni Gonzalez,F,Aixa Pilar,Aixa Pilar Goni Gonzalez,MEX,S9,SB8,68614,S26,Summer Season 2026,SM9,N
7e24e330d819d8cc,"12, +",Gonzalez Andrade,M,Diego Alexander,Diego Alexander Gonzalez Andrade,MEX,S8,SB8,39076,S26,Summer Season 2026,SM8,R-2026
41f7a537141bc29e,"A, 3, 5, 12, +",Gonzalez Chanes,F,Emilia Gabriela,Emilia Gabriela Gonzalez Chanes,MEX,S8,SB7,31815,S26,Summer Season 2026,SM8,R-2026
2080d7e8349ed839,"1, 3, 5",Gonzalez Gonzalez,F,Ximena,Ximena Gonzalez Gonzalez,MEX,S9,SB8,34025,S26,Summer Season 2026,SM9,R-2025
7c968d25a43c4d7b,"A, 9",Gonzalez Guemez,F,Natalia Nicole,Natalia Nicole Gonzalez Guemez,MEX,S8,SB7,31711,S26,Summer Season 2026,SM8,C
c0610d44322dd839,"A, Y, E, 7, 9",Gonzalez Ibarra,F,Leilani Itzel,Leilani Itzel Gonzalez Ibarra,MEX,S5,SB4,55886,S26,Summer Season 2026,SM5,R-2026
240bbcf493fb5300,"A, 12, +",Gonzalez Lopez,M,Cesar Jesus,Cesar Jesus Gonzalez Lopez,MEX,S8,SB7,49356,S26,Summer Season 2026,SM8,R-2025
12b34ba6842278d6,-,Gonzalez Ramirez,F,Katia Alejandra,Katia Alejandra Gonzalez Ramirez,MEX,S5,SB4,68637,S26,Summer Season 2026,SM5,N
3b7ae236c995313c,-,Gonzalez Vazquez,F,Monserrat Concepcion,Monserrat Concepcion Gonzalez Vazquez,MEX,S7,SB6,53297,S26,Summer Season 2026,SM7,N
81f4fe7a464b087b,-,Granados Rodriguez,F,Karina Guadalupe,Karina Guadalupe Granados Rodriguez,MEX,S10,SB9,63573,S26,Summer Season 2026,SM10,N
b90dbb6de3c7e6a7,"T, B",Granillo Martin,F,Fernanda,Fernanda Granillo Martin,MEX,S11,SB11,55888,S26,Summer Season 2026,SM11,C
a78dc9c42acc90ac,"T, B",Guevara Flores,F,Nahomy del Carmen,Nahomy del Carmen Guevara Flores,MEX,S11,SB11,22718,S26,Summer Season 2026,SM11,C
e5284a9493b3c2b3,-,Guevara Montes,M,Nicolas,Nicolas Guevara Montes,MEX,S6,SB5,63482,S26,Summer Season 2026,SM6,N
00dc3cb2b8ae7423,-,Gutierrez Andrade,M,David,David Gutierrez Andrade,MEX,S9,SB8,31693,S26,Summer Season 2026,SM9,N
2ff1ede552a0c620,"12, +",Gutierrez Bermudez,M,Jesus Alberto,Jesus Alberto Gutierrez Bermudez,MEX,S6,SB6,49644,S26,Summer Season 2026,SM6,C
a9ad9d9d0de83608,"12, +",Gutierrez Bermudez,M,Juan Jose,Juan Jose Gutierrez Bermudez,MEX,S6,SB6,31834,S26,Summer Season 2026,SM6,C
d971b58d6b60b483,"12, +",Gutierrez Bermudez,M,Raul,Raul Gutierrez Bermudez,MEX,S6,SB6,31836,S26,Summer Season 2026,SM6,C
d5ac746902f279bc,-,Gutierrez Leon,M,Angel Fernando,Angel Fernando Gutierrez Leon,MEX,S14,SB14,36055,S26,Summer Season 2026,SM14,C
c865b6645102775c,-,Guzman Hernandez,M,Jose Angel,Jose Angel Guzman Hernandez,MEX,S14,SB14,52600,S26,Summer Season 2026,SM14,C
b4fe5cdcefdd632a,-,Guzman Ortiz,M,Sebastian,Sebastian Guzman Ortiz,MEX,S10,SB9,49634,S26,Summer Season 2026,SM10,N
29704ec0fd39f516,-,Guzman Sanchez,M,Julio Angel,Julio Angel Guzman Sanchez,MEX,S9,SB9,53210,S26,Summer Season 2026,SM9,N
673e1b5a3b56fb32,-,Hernandez Aguilar,M,Johan Axel,Johan Axel Hernandez Aguilar,MEX,S8,SB8,69011,S26,Summer Season 2026,SM8,N
c735157bfc33b109,-,Hernandez Carmona,F,Rebeca,Rebeca Hernandez Carmona,MEX,S14,SB14,52601,S26,Summer Season 2026,SM14,C
c3b82877f557c10b,-,Hernandez Cruz,M,Carlos Enrique,Carlos Enrique Hernandez Cruz,MEX,S14,SB14,60589,S26,Summer Season 2026,SM14,N
86c804587cdd4ec8,"H, A, Y, E, 7",Hernandez Garcia,F,Yaretzi,Yaretzi Hernandez Garcia,MEX,S6,SB6,61086,S26,Summer Season 2026,SM6,R-2027
ec0e2f0734e2b9c2,"A, 1, 2, 4, 12",Hernandez Gaspar,F,Virginia,Virginia Hernandez Gaspar,MEX,S4,SB3,3334,S26,Summer Season 2026,SM4,R
4bf210885a99ec7b,"1, 3, 5",Hernandez Gonzalez,M,Jonathan Joel,Jonathan Joel Hernandez Gonzalez,MEX,S9,SB8,53061,S26,Summer Season 2026,SM9,R-2027
8fb4859f338536d5,-,Hernandez Lopez,M,Gerardo,Gerardo Hernandez Lopez,MEX,S6,SB6,49526,S26,Summer Season 2026,SM6,N
534bfa0ed2095ab7,-,Hernandez Mendoza,M,Fernando,Fernando Hernandez Mendoza,MEX,S8,SB7,64218,S26,Summer Season 2026,SM8,N
b254407cf31fc73d,-,Hernandez Montano,F,Laura Sofia,Laura Sofia Hernandez Montano,MEX,S7,SB7,49669,S26,Summer Season 2026,SM7,N
82b301dfb61adf8a,"1, 3, 5",Hernandez Ramirez,M,Nestor,Nestor Hernandez Ramirez,MEX,S9,SB9,31761,S26,Summer Season 2026,SM9,C
214ab7f232a7f8fe,"H, A, Y, E",Hernandez Torres,F,Karina Amayrany,Karina Amayrany Hernandez Torres,MEX,S5,N/A,15212,S26,Summer Season 2026,N/A,R-2026
0d3796fa675719e1,-,Herrera Gonzalez,F,Valeria Angelina,Valeria Angelina Herrera Gonzalez,MEX,S5,SB4,57253,S26,Summer Season 2026,SM5,N
4c144cc1a0459ba5,-,Hipolito Caamal,M,Angel Salvador,Angel Salvador Hipolito Caamal,MEX,S8,SB7,57530,S26,Summer Season 2026,SM8,N
09e6876c41e9a125,8,Hoil Matos,F,Shaday Nicole,Shaday Nicole Hoil Matos,MEX,S9,SB8,63430,S26,Summer Season 2026,SM9,R-2031
7a52a95dd6f69ddc,"A, 12, +",Jimenez Garcia,F,Karen Lizeth,Karen Lizeth Jimenez Garcia,MEX,S7,SB6,55891,S26,Summer Season 2026,SM7,R-2025
7a2e2e3f34b59295,"3, 5",Jimenez Martinez,F,Diana Laura,Diana Laura Jimenez Martinez,MEX,S10,SB9,54946,S26,Summer Season 2026,SM10,R
31485c3032801e2b,"A, 3, 5, 12, +",Jimenez Pinedo,F,Alma Valentina,Alma Valentina Jimenez Pinedo,MEX,S8,SB8,53114,S26,Summer Season 2026,SM8,R-2027
173c42ca64f314d0,"H, A, 3, 5, 12",Jimenez Rios,M,Emmanuel,Emmanuel Jimenez Rios,MEX,S6,SB6,53363,S26,Summer Season 2026,SM6,R
e0e44bbc19b70228,-,Larragoyti Paredes,F,Dussell Polleth,Dussell Polleth Larragoyti Paredes,MEX,S12,SB12,63625,S26,Summer Season 2026,SM12,N
14dcf810adc42202,"A, 1, 3, 4, 12, +",Lasso Cardenas,F,Penelope,Penelope Lasso Cardenas,MEX,S6,SB6,62120,S26,Summer Season 2026,SM6,R-2029
fb2a3cc2549a4e3e,-,Lastra Padilla,M,Brian Jeksan,Brian Jeksan Lastra Padilla,MEX,S3,SB2,40982,S26,Summer Season 2026,SM3,N
b0b4b121e9079562,"T, B",Ledezma Delgado,M,Aldo Gael,Aldo Gael Ledezma Delgado,MEX,S11,SB11,63624,S26,Summer Season 2026,SM11,R-2029
2ecfc82b85bd407a,-,Leura Vazquez,M,Sammuel Ramses,Sammuel Ramses Leura Vazquez,MEX,S10,SB9,63872,S26,Summer Season 2026,SM10,N
5da4a70c8abd9ceb,"3, 5, 12, +",Llamas Rios,M,Diego Jair,Diego Jair Llamas Rios,MEX,S9,SB9,49745,S26,Summer Season 2026,SM9,R-2027
5ec7b0469b345646,-,Lopez Alfaro,M,Cesar Joab,Cesar Joab Lopez Alfaro,MEX,S6,SB6,56591,S26,Summer Season 2026,SM6,N
c4fb6953fd40a94f,"A, E",Lopez Cervantes,M,Jesus Rey,Jesus Rey Lopez Cervantes,MEX,S2,N/A,10598,S26,Summer Season 2026,N/A,C
c3ae3c91109e8f09,-,Lopez Coronado,M,Miguel Guadalupe,Miguel Guadalupe Lopez Coronado,MEX,S9,SB8,36624,S26,Summer Season 2026,SM9,N
ecc1342dbf409887,"A, E, 3, 12",Lopez Diaz,M,Diego,Diego Lopez Diaz,MEX,S3,SB2,23453,S26,Summer Season 2026,SM3,R-2027
e376f0809f859c04,-,Lopez Garcia,M,Ariel Fernando,Ariel Fernando Lopez Garcia,MEX,S8,SB8,62211,S26,Summer Season 2026,SM8,N
d59489813178349a,-,Lopez Garcia,M,Cesar Uriel,Cesar Uriel Lopez Garcia,MEX,S7,SB6,60532,S26,Summer Season 2026,SM7,N
d96082a2781df840,"3, 5, 12, +",Lopez Gomez,F,Valeria Monserrat,Valeria Monserrat Lopez Gomez,MEX,S6,SB6,19753,S26,Summer Season 2026,SM6,C
3b4046229c12ed22,-,Lopez Hernandez,M,Mauricio,Mauricio Lopez Hernandez,MEX,S5,SB4,70784,S26,Summer Season 2026,SM5,N
247447bfe6780b2a,9,Lopez Moreno,F,Silvana,Silvana Lopez Moreno,MEX,S10,SB9,40968,S26,Summer Season 2026,SM10,C
1eb2e514a8c530f3,-,Lopez Perez,F,Maria Jesus,Maria Jesus Lopez Perez,MEX,S10,,69285,S26,Summer Season 2026,,
ceafaafd4bacefdd,"*, A, 12",Lopez Ramirez,F,Angelica Elizabeth,Angelica Elizabeth Lopez Ramirez,MEX,S7,SB6,20272,S26,Summer Season 2026,SM7,R
54dd0c6671bd6450,"1, 3, 5",Lopez Valdes,F,Luz Kerena,Luz Kerena Lopez Valdes,MEX,S8,SB8,19752,S26,Summer Season 2026,SM8,C
518fc54e4e318a90,"1, 3, 5",Loya Fimbres,M,Marvin Andrey,Marvin Andrey Loya Fimbres,MEX,S8,SB8,53717,S26,Summer Season 2026,SM8,R-2026
0ae171547a58942e,-,Lugo Ceja,M,Emiliano,Emiliano Lugo Ceja,MEX,S4,SB3,31762,S26,Summer Season 2026,SM4,N
e76ded86da5ccd1d,T,Lugo Lugo,F,Rebeca Eloisa,Rebeca Eloisa Lugo Lugo,MEX,S12,SB12,31712,S26,Summer Season 2026,SM12,R-2027
6b47090854629972,9,Luna Contreras,M,Irving,Irving Luna Contreras,MEX,S9,SB8,53099,S26,Summer Season 2026,SM9,C
1944a0c25a5cfcfd,-,Macedo Sanchez,M,Ivan Alessandro,Ivan Alessandro Macedo Sanchez,MEX,S6 S7,,56642,S26,Summer Season 2026,SM7,N
4dd78d794cb3ace5,-,Macedo Sanchez,F,Romina,Romina Macedo Sanchez,MEX,S3,SB2,56641,S26,Summer Season 2026,SM3,N
7f77346c9d0a9322,-,Madrid Molina,F,Kimberly Guadalupe,Kimberly Guadalupe Madrid Molina,MEX,S9,SB8,69611,S26,Summer Season 2026,SM9,N
7e37ba1890f2c7d5,-,Magana Vasquez,M,Diego Efrain,Diego Efrain Magana Vasquez,MEX,S10,SB9,49727,S26,Summer Season 2026,SM10,N
bd4544243ccac415,-,Maqueda Andrade,F,America Paulina,America Paulina Maqueda Andrade,MEX,S14,SB14,49806,S26,Summer Season 2026,SM14,C
1e8b8ffcfda03443,-,Maqueda Andrade,F,Darianna Stephania,Darianna Stephania Maqueda Andrade,MEX,S14,SB14,39145,S26,Summer Season 2026,SM14,C
e5700d9ae726a566,-,Martinez Ramirez,M,Fernando,Fernando Martinez Ramirez,MEX,S13,SB13,50574,S26,Summer Season 2026,SM13,R-2028
84121f24a2a9e5b8,"A, E, 3, 4, 12",Martinez Soto,M,Ignacio Alejandro,Ignacio Alejandro Martinez Soto,MEX,S3,SB2,8501,S26,Summer Season 2026,SM3,R-2026
27d11d3c695a979a,-,Melendez Jimenez,M,Elias Rafael,Elias Rafael Melendez Jimenez,MEX,S6,SB5,69298,S26,Summer Season 2026,SM6,N
f3febedc1c047e0c,"A, 3, 5, 12",Mendoza Gomez,M,Adbeel,Adbeel Mendoza Gomez,MEX,S5,SB4,17622,S26,Summer Season 2026,SM5,R-2022
9dbcd033d674eac6,-,Mendoza Murillo,F,Estefania,Estefania Mendoza Murillo,MEX,S9,SB7,60432,S26,Summer Season 2026,SM8,N
4aa27eec122cf38a,-,Mendoza Ortega,M,Atl Jafet,Atl Jafet Mendoza Ortega,MEX,S4,SB3,56428,S26,Summer Season 2026,SM4,N
13a276d05946b2d8,"A, 12, +",Mendoza Rodriguez,F,Karla Susana,Karla Susana Mendoza Rodriguez,MEX,S5,SB5,49728,S26,Summer Season 2026,SM5,R-2028
561967d5149430f6,"A, E, 3, 12",Miranda Herrera,F,Nely Edith,Nely Edith Miranda Herrera,MEX,S4,SB3,3585,S26,Summer Season 2026,SM4,R-2026
5e22d068179b7443,-,Montoya Ortega,M,Julian Alberto,Julian Alberto Montoya Ortega,MEX,S8,SB7,64644,S26,Summer Season 2026,SM8,N
bd6cdcc8f3561bc6,-,Mora Castillo,M,Santiago Emiliano,Santiago Emiliano Mora Castillo,MEX,S10,SB9,63538,S26,Summer Season 2026,SM10,N
cc8eeb820302a3e5,-,Morales Galvan,F,Karen Amelyn,Karen Amelyn Morales Galvan,MEX,S14,SB14,53078,S26,Summer Season 2026,SM14,C
6a1e437486c6abaa,-,Morales Grijalva,M,Diego Iram,Diego Iram Morales Grijalva,MEX,S5,SB4,49630,S26,Summer Season 2026,SM5,N
e4a598d39ab871a7,"A, 12",Morales Lopez,F,Ana Laura,Ana Laura Morales Lopez,MEX,S4,SB3,31756,S26,Summer Season 2026,SM4,R-2027
47cbd6d1f5de4b9c,-,Morales Morales,M,Erick Eduardo,Erick Eduardo Morales Morales,MEX,S10,SB9,64214,S26,Summer Season 2026,SM10,N
b8ecd55f05e60444,-,Moreno Enriquez,F,Yuridia Dolores,Yuridia Dolores Moreno Enriquez,MEX,NE,NE,50758,S26,Summer Season 2026,NE,C
6d6c6a182b4699e2,-,Moreno Melendez,M,David Alexander,David Alexander Moreno Melendez,MEX,S7,SB6,62353,S26,Summer Season 2026,SM7,N
fa8183445a57810f,-,Moreno Melendez,M,Edison Francisco,Edison Francisco Moreno Melendez,MEX,S6,SB5,62267,S26,Summer Season 2026,SM6,N
0a8515ed87af86c6,-,Munoz Gonzalez,M,Humberto Maximiliano,Humberto Maximiliano Munoz Gonzalez,MEX,S11,SB11,68457,S26,Summer Season 2026,SM11,N
9c50e7432d6ffe29,-,Navarro Hernandez,F,Alejandra,Alejandra Navarro Hernandez,MEX,S9,SB8,56584,S26,Summer Season 2026,SM9,N
a3e2c7b3607aabe4,-,Nolasco Preciado,M,Okani Patricio,Okani Patricio Nolasco Preciado,MEX,S9,SB8,54904,S26,Summer Season 2026,SM9,N
4fd397f606a8955d,-,Oliva Silva,M,Jared Isai,Jared Isai Oliva Silva,MEX,S8,SB7,63523,S26,Summer Season 2026,SM8,N
2c5771b7978dc979,"A, 3, 4, 12, +",Olmos Mendoza,F,Sofia Eloisa,Sofia Eloisa Olmos Mendoza,MEX,S6,SB5,3835,S26,Summer Season 2026,SM6,C
01498dfae63a2fea,"*, 12, +",Ortega Bolanos,M,Irving Jonathan,Irving Jonathan Ortega Bolanos,MEX,S9,SB8,19848,S26,Summer Season 2026,SM9,R
3e1b430aca3446f6,-,Ortega Martinez,F,Mariana Lizeth,Mariana Lizeth Ortega Martinez,MEX,S8,SB8,52722,S26,Summer Season 2026,SM8,R-2026
dcc47b10daa94b68,"12, +",Ortiz Mendez,F,Naomi Alejandra,Naomi Alejandra Ortiz Mendez,MEX,S7,SB7,57157,S26,Summer Season 2026,SM7,R-2026
270a3c566270e154,"12, +",Ortiz Velazquez,F,Martha Fernanda,Martha Fernanda Ortiz Velazquez,MEX,NE,SB9,52664,S26,Summer Season 2026,NE,C
2ae9ed63f1a42331,-,Paredes Gudino,M,Felix Aaron,Felix Aaron Paredes Gudino,MEX,S10,SB9,69297,S26,Summer Season 2026,SM10,N
8bd0aed6fa630004,-,Patron Geraldo,M,Carlos Ivan,Carlos Ivan Patron Geraldo,MEX,S8,SB8,69698,S26,Summer Season 2026,SM8,N
f7138061bffa7c01,-,Paz Vazquez,F,Maria Fernanda,Maria Fernanda Paz Vazquez,MEX,S8,SB7,57251,S26,Summer Season 2026,SM8,N
7c4c43c6786de0ad,"A, Y, E, 7",Pedroza Alvarado,M,Hector Alejandro,Hector Alejandro Pedroza Alvarado,MEX,S6,SB6,39077,S26,Summer Season 2026,SM6,C
3204c113b04d47b5,-,Peraza Marchen,F,Alondra,Alondra Peraza Marchen,MEX,S7,SB6,69536,S26,Summer Season 2026,SM7,N
5244b9bb2845aa7a,-,Perez Fuentes,F,Karen Sofia,Karen Sofia Perez Fuentes,MEX,S7,SB6,69071,S26,Summer Season 2026,SM7,N
b2431fdb80a9c761,9,Perez Jimenez,M,Yahir Alejandro,Yahir Alejandro Perez Jimenez,MEX,S10,SB8,31758,S26,Summer Season 2026,SM10,C
60133005f42ae66d,-,Perez Lopez,M,Emiliano,Emiliano Perez Lopez,MEX,S6,SB6,69016,S26,Summer Season 2026,SM6,N
54da9c6e8d99336d,-,Perez Lopez,F,Tania Zolet,Tania Zolet Perez Lopez,MEX,S3,SB2,68584,S26,Summer Season 2026,SM3,N
ba7561d25a0c14fc,"A, Y, E",Perez Mejia,F,Dayana Guadalupe,Dayana Guadalupe Perez Mejia,MEX,S2,N/A,56501,S26,Summer Season 2026,N/A,R-2027
b73f75146632d3b6,"A, Y, E, 3, 4, 12, +",Perez Pellicer,F,Camila,Camila Perez Pellicer,MEX,S8,SB7,49729,S26,Summer Season 2026,SM8,R-2026
e683b01ea17c8887,-,Perez Perez,M,Carlos Arturo,Carlos Arturo Perez Perez,MEX,S10,SB9,35997,S26,Summer Season 2026,SM10,N
2ddc5d77f7b745f5,"12, +",Pichardo Alatorre,M,Moises Sergio,Moises Sergio Pichardo Alatorre,MEX,S9,SB8,39587,S26,Summer Season 2026,SM9,R-2027
b589adde3e77bb0d,-,Pintor Castillo,F,Ilse Elizabeth,Ilse Elizabeth Pintor Castillo,MEX,S6,SB6,62187,S26,Summer Season 2026,SM6,N
af9f5ffd9130679b,-,Plascencia Villalobos,M,Antonio Valentin,Antonio Valentin Plascencia Villalobos,MEX,S7,SB6,60444,S26,Summer Season 2026,SM7,N
4ebdfb1a05b931b3,"A, 1, 3, 5, 12, +",Puente Torres,F,Lorena Elizabeth,Lorena Elizabeth Puente Torres,MEX,S7,SB7,31825,S26,Summer Season 2026,SM7,R-2026
17d206244d81b450,-,Quiroga Lopez,F,Anna Alexanda,Anna Alexanda Quiroga Lopez,MEX,S9,SB8,69306,S26,Summer Season 2026,SM9,N
248b855d8498f4aa,-,Ramirez Caballero,F,Lizbeth,Lizbeth Ramirez Caballero,MEX,S10,SB9,56034,S26,Summer Season 2026,SM10,N
a8573b1afd4f227c,-,Ramirez Garcia,F,Maricarmen,Maricarmen Ramirez Garcia,MEX,S5,SB4,57252,S26,Summer Season 2026,SM5,N
b98a78c63f0f036f,"A, 12",Ramirez Lopez,M,Edgar Eduardo,Edgar Eduardo Ramirez Lopez,MEX,S5,SB4,40915,S26,Summer Season 2026,SM5,C
12471b269e559e38,"A, Y, E, 7, 12, +",Ramirez Martinez,F,Fabiola,Fabiola Ramirez Martinez,MEX,S2,SB2,3448,S26,Summer Season 2026,SM2,C
3756a6d725241f1b,-,Ramirez Romero,M,Charly Ignacio,Charly Ignacio Ramirez Romero,MEX,S6,SB5,53064,S26,Summer Season 2026,SM6,N
3ce75a31037a3c79,12,Rangel Haro,M,Pedro,Pedro Rangel Haro,MEX,S6,SB5,4484,S26,Summer Season 2026,SM6,C
28201f650e1177fc,"A, 2, 4, 12, +",Rangel Lopez,M,Ruben David,Ruben David Rangel Lopez,MEX,S6,SB6,51128,S26,Summer Season 2026,SM6,R-2027
18bf36bcf905c0d2,-,Rascon Ochoa,F,Rosa Isela,Rosa Isela Rascon Ochoa,MEX,S4,SB3,55077,S26,Summer Season 2026,SM4,N
7aa41f9cdfc5f329,-,Reyes Alvarez,F,Ivanna Camila,Ivanna Camila Reyes Alvarez,MEX,S9,SB9,70683,S26,Summer Season 2026,SM9,N
24ffbc82429b4f0a,-,Reyes Hampl,F,Ximena,Ximena Reyes Hampl,MEX,S5,SB5,63489,S26,Summer Season 2026,SM5,N
f3df7178eadf0d7d,-,Reyes Mora,F,Nurit,Nurit Reyes Mora,MEX,S10,SB9,69069,S26,Summer Season 2026,SM10,N
b0f1a3dadcf34554,-,Reynoso Ramirez,M,Angel Abraham,Angel Abraham Reynoso Ramirez,MEX,S9,SB9,60420,S26,Summer Season 2026,SM9,N
481dac24cbfbcff6,"12, +",Rhea Cruz,M,Ari Omar,Ari Omar Rhea Cruz,MEX,S10,SB9,31811,S26,Summer Season 2026,SM10,R-2027
81f5f776f368c7cf,"A, 12, +",Rincon Magdaleno,M,Jesus Silvestre,Jesus Silvestre Rincon Magdaleno,MEX,S7,SB6,49357,S26,Summer Season 2026,SM7,R-2027
d1b7699a10016494,-,Rios Aviles,M,Angel Alejandro,Angel Alejandro Rios Aviles,MEX,S8,SB7,69237,S26,Summer Season 2026,SM8,N
c6cb20b2beb43c0c,-,Rios Garcia,F,Mitzi Stephania,Mitzi Stephania Rios Garcia,MEX,S14,SB14,36655,S26,Summer Season 2026,SM14,R-2026
4c7d66016a5cccd3,"A, 12",Robles Gonzalez,F,Yarely,Yarely Robles Gonzalez,MEX,S7,SB7,56652,S26,Summer Season 2026,SM7,R-2026
c6a4f8e758b94348,"A, 4, 12, +",Rocha Hernandez,M,Carlos Alejandro,Carlos Alejandro Rocha Hernandez,MEX,S6,SB5,31759,S26,Summer Season 2026,SM6,R
914f9b1c24811415,"A, 3, 7, 12, +",Rodriguez Aguayo,M,Valentin,Valentin Rodriguez Aguayo,MEX,S3,SB2,59099,S26,Summer Season 2026,SM3,R-2028
9aa2dbd4707d349b,-,Rodriguez Dorantes,M,Juan Luis,Juan Luis Rodriguez Dorantes,MEX,S5,SB4,63736,S26,Summer Season 2026,SM5,N
ade7a2fa59369b03,-,Rodriguez Guerrero,M,Luis Angel,Luis Angel Rodriguez Guerrero,MEX,S10,SB9,60434,S26,Summer Season 2026,SM10,N
28ee29d7e3bd07bf,T,Rodriguez Suarez,M,Jean Karol,Jean Karol Rodriguez Suarez,MEX,S12,SB12,60439,S26,Summer Season 2026,SM12,R-2026
4a26f34d36c69044,"A, Y, E, 7, 12, +",Rodriguez Villarruel,F,Liliana Elizabeth,Liliana Elizabeth Rodriguez Villarruel,MEX,S3,SB2,56360,S26,Summer Season 2026,SM3,R-2027
699d874219b19a44,-,Romero Quezada,F,Lucia Guadalupe,Lucia Guadalupe Romero Quezada,MEX,S5,SB4,62212,S26,Summer Season 2026,SM5,N
31ffb369c0c9b1da,-,Romero Ruiz,M,Fernando Saul,Fernando Saul Romero Ruiz,MEX,S8,SB7,31671,S26,Summer Season 2026,SM8,N
3e387df0b52e8b17,"1, 3, 5",Romero Velazquez,M,Octavio,Octavio Romero Velazquez,MEX,S9,SB9,31766,S26,Summer Season 2026,SM9,C
ba5a8529f1b66602,-,Ruiz Ascencio,M,Juan Antonio,Juan Antonio Ruiz Ascencio,MEX,S14,SB14,50533,S26,Summer Season 2026,SM14,C
5319af358ac160b5,"A, 12",Ruiz Sierra,M,Jesus,Jesus Ruiz Sierra,MEX,S5,SB4,39079,S26,Summer Season 2026,SM5,C
81764fe4b4cf3991,"A, 12, +",Ruvalcaba Nunez,F,Paola Lizette,Paola Lizette Ruvalcaba Nunez,MEX,S8,SB7,19735,S26,Summer Season 2026,SM8,C
299ed31234aa6672,-,Salas Aguilar,M,Angel Manuel,Angel Manuel Salas Aguilar,MEX,S1,SB2,63487,S26,Summer Season 2026,SM1,N
96dc670825666387,-,Salazar Alonso,M,David Ezequiel,David Ezequiel Salazar Alonso,MEX,,SB3,68613,S26,Summer Season 2026,,
502631eb54831ca5,-,Salazar Pacheco,M,Sergio Romeo,Sergio Romeo Salazar Pacheco,MEX,S5,SB4,64651,S26,Summer Season 2026,SM5,N
9854c9711c6a1c22,-,Saldana Figueroa,F,Alondra Aimee,Alondra Aimee Saldana Figueroa,MEX,S8,SB7,69160,S26,Summer Season 2026,SM8,N
afda6f498d971b86,-,Salinas Rojas,F,Citli Siloe,Citli Siloe Salinas Rojas,MEX,S14,SB14,50586,S26,Summer Season 2026,SM14,C
820da98b19da3928,-,Sanchez Juarez,F,Liliana,Liliana Sanchez Juarez,MEX,S7,SB6,63560,S26,Summer Season 2026,SM7,N
2f0dc928cc26f2fe,"A, 1, 3, 5, 12, +",Sanchez Martinez,M,Gustavo Ramon,Gustavo Ramon Sanchez Martinez,MEX,S4,SB3,3870,S26,Summer Season 2026,SM4,C
34f0e4557ade853c,-,Sanchez Osuna,F,Abril Victoria,Abril Victoria Sanchez Osuna,MEX,S10,SB9,63490,S26,Summer Season 2026,SM10,N
58050ab27a97f419,"A, 1, 2, 4, 12, +",Sandoval Hernandez,F,Karla Michel,Karla Michel Sandoval Hernandez,MEX,S5,SB4,53116,S26,Summer Season 2026,SM5,R-2025
14a568818d211dcb,-,Sandoval Palomera,M,Angel Gabriel,Angel Gabriel Sandoval Palomera,MEX,S6,SB6,63694,S26,Summer Season 2026,SM6,N
4b4965c00ea6141c,A,Solache Villegas,F,Atzimba Yunuen,Atzimba Yunuen Solache Villegas,MEX,S8,SB7,63771,S26,Summer Season 2026,SM8,R-2027
551e8a899145660f,"A, 12",Solorio Cuevas,F,Ibeth,Ibeth Solorio Cuevas,MEX,S5,SB4,57249,S26,Summer Season 2026,SM5,C
295ecb05c57cadd1,"3, 5, 12, +",Somellera Mandujano,F,Naomi,Naomi Somellera Mandujano,MEX,S7,SB7,19698,S26,Summer Season 2026,SM7,C
0601b7d0c9f2d74f,"A, 12, +",Sosa Gamboa,F,Goretti del Carmen,Goretti del Carmen Sosa Gamboa,MEX,S8,SB7,50576,S26,Summer Season 2026,SM8,R
ca85b5732ad1dc35,-,Tellez Gomez,F,Maria Jazmin,Maria Jazmin Tellez Gomez,MEX,S10,SB9,53098,S26,Summer Season 2026,SM10,R-2028
16b2dbafc1396a4a,"1, 3, 5",Torres Claudio,F,Diana Maria,Diana Maria Torres Claudio,MEX,S9,SB9,53131,S26,Summer Season 2026,SM9,R-2027
7c3c451e8e459876,-,Torres Mena,M,Cristian Abad,Cristian Abad Torres Mena,MEX,S4,SB3,68612,S26,Summer Season 2026,SM4,N
3bbbf664e6b7d16c,-,Tovar Brailovsky,F,Nicole,Nicole Tovar Brailovsky,MEX,S10,SB9,34026,S26,Summer Season 2026,SM10,N
f8b2d0f99a90853e,"12, +",Trithard Godfroy Ramis,M,Jean Paul Bernard,Jean Paul Bernard Trithard Godfroy Ramis,MEX,S10,SB9,54860,S26,Summer Season 2026,SM10,R-2026
5ecb5cf3f385c2c5,"A, Y, E, 7, 12, +",Tronco Sanchez,M,Cristopher Gregorio,Cristopher Gregorio Tronco Sanchez,MEX,S2,SB2,3456,S26,Summer Season 2026,SM2,C
cfd55d50ce3bfaeb,-,Valencia Marin,M,Joaquin Alberto,Joaquin Alberto Valencia Marin,MEX,S8,SB8,36029,S26,Summer Season 2026,SM8,N
2b43e51002947d0f,"A, 1, 3, 5, 12",Valle Benitez,F,Patricia,Patricia Valle Benitez,MEX,S3,SB3,3489,S26,Summer Season 2026,SM3,C
0b0c6ca183a3f3bd,"A, 12, +",Vazquez Guzman,M,Saulo Andre,Saulo Andre Vazquez Guzman,MEX,S9,SB8,53115,S26,Summer Season 2026,SM9,R-2028
2e046f1e8fff77a4,"A, 3, 5, 12, +",Vazquez Mejia,F,Nesbith Marlene,Nesbith Marlene Vazquez Mejia,MEX,S7,SB7,20208,S26,Summer Season 2026,SM7,R-2029
336274cabbfa0680,-,Vicente Garcia,F,Ana Lucia,Ana Lucia Vicente Garcia,MEX,S8,SB8,62209,S26,Summer Season 2026,SM8,N
3f772eeedba6e511,"12, +",Vicuna Zarate,M,Santiago Sebastian,Santiago Sebastian Vicuna Zarate,MEX,S9,SB9,53208,S26,Summer Season 2026,SM9,R-2029
418d49029cf8b687,-,Villabeytia Cen,F,Jaylu Guadalupe,Jaylu Guadalupe Villabeytia Cen,MEX,S5,SB4,60435,S26,Summer Season 2026,SM5,N
756527b2738b70a6,-,Villafuerte Garcia,F,Ingrid Romina,Ingrid Romina Villafuerte Garcia,MEX,S7,SB6,63531,S26,Summer Season 2026,SM7,N
08bdaac05556a821,-,Villalobos Chavez,M,Sebastian,Sebastian Villalobos Chavez,MEX,S7,SB6,65525,S26,Summer Season 2026,SM7,N
879c5dbb0d07fce8,-,Villalvazo Hernandez,F,Diana Ailyn,Diana Ailyn Villalvazo Hernandez,MEX,S8,SB7,65287,S26,Summer Season 2026,SM8,N
262a5851973cb9d3,"A, 12, +",Villarreal Perez,M,Jose de Jesus,Jose de Jesus Villarreal Perez,MEX,S7,SB5,19866,S26,Summer Season 2026,SM7,C
d77be45cb86b1022,-,Villegas Perez,F,Inci Belen Wendoli,Inci Belen Wendoli Villegas Perez,MEX,S7,SB7,54899,S26,Summer Season 2026,SM7,N
b4ce8f37f0582359,-,Vudoyra Rodea,F,Maria Beatriz Mercedes,Maria Beatriz Mercedes Vudoyra Rodea,MEX,S2,SB1,60587,S26,Summer Season 2026,SM2,N
6cb2461f00fbc73b,-,Zacamitzin Huerta,M,Andre,Andre Zacamitzin Huerta,MEX,S8,SB7,69915,S26,Summer Season 2026,SM8,N
664278462ea43cf6,-,Zapata Hoil,F,Nuria Alejandra,Nuria Alejandra Zapata Hoil,MEX,S9,SB8,69043,S26,Summer Season 2026,SM9,N
6c26ec20de6f6371,"*, A, 12, +",Zarate Mayen,M,Alejandro,Alejandro Zarate Mayen,MEX,S8,SB7,29483,S26,Summer Season 2026,SM8,R-2027
61750d0d5ffd229a,"A, Y, E, 3, 4, 12",Zarate Rodriguez,M,Marcos Rafael,Marcos Rafael Zarate Rodriguez,MEX,S3,SB2,31816,S26,Summer Season 2026,SM3,R-2029
636cd8e26b1a7be2,-,Zavala Garcia,F,Andrea Montserrat,Andrea Montserrat Zavala Garcia,MEX,S8,SB7,58979,S26,Summer Season 2026,SM8,N
d1fd582bfcac2e7c,-,Cretu,F,Evelina-Cristina,Evelina-Cristina Cretu,MDA,S13,SB13,36347,S26,Summer Season 2026,SM13,N
c96e912e9fd753aa,"T, B",Nicolenco,M,Eugeniu,Eugeniu Nicolenco,MDA,S11,SB11,61372,S26,Summer Season 2026,SM11,R-2029
0bbcf0217d75c4d2,"A, 3, 5, 12, +",Panaintii,M,Vasile,Vasile Panaintii,MDA,S8,SB8,69619,S26,Summer Season 2026,SM8,R-2027
01b0bd4258545247,0,Sirovatchin,M,Andrei,Andrei Sirovatchin,MDA,S12,SB12,30877,S26,Summer Season 2026,SM12,R-2030
80101228f15354b7,0,Sirovatchin,M,Serghei,Serghei Sirovatchin,MDA,S12,SB12,30878,S26,Summer Season 2026,SM12,R-2027
f7394a09983d2c13,"A, 12",Khurel,F,Nomuun,Nomuun Khurel,MGL,S6,SB5,53065,S26,Summer Season 2026,SM6,C
eabaf21f471e5ab1,"T, B",Ulzii-Ochir,M,Munkhtur,Munkhtur Ulzii-Ochir,MGL,S11,SB11,69183,S26,Summer Season 2026,SM11,C
c0171e32742235f2,"3, 4",Dedivanovic,F,Iskra,Iskra Dedivanovic,MNE,S9,SB9,52534,S26,Summer Season 2026,SM9,R-2027
0d786f69752e1202,A,Dukic,M,Nikola,Nikola Dukic,MNE,CNC,CNC,52535,S26,Summer Season 2026,CNC,R
938585d198d86b7e,"A, 3, 5, 12, +",Radulovic,M,Tomas,Tomas Radulovic,MNE,S5,SB5,51097,S26,Summer Season 2026,SM5,C
912e77204ed1f959,"A, 12, +",Dakouane,M,Mohammed Reda,Mohammed Reda Dakouane,MAR,S9,SB7,49592,S26,Summer Season 2026,SM9,R-2026
d56f687255c62265,-,,M,Aung Aung,Aung Aung,MYA,S8,,64673,S26,Summer Season 2026,,
cc2c066de0eaac70,-,,M,Aung Khant,Aung Khant,MYA,S10,,64677,S26,Summer Season 2026,,
189fe63160103650,"A, 1, 5",,M,Aung Myint Myat,Aung Myint Myat,MYA,S6,N/A,23172,S26,Summer Season 2026,N/A,R
23e3d2dbd8a77046,"3, 5, 12, +",,M,Kaung Myat Kyaw,Kaung Myat Kyaw,MYA,S9,SB8,58505,S26,Summer Season 2026,SM9,C
2e85dadf2084806e,-,,M,Kaung Myat Paing,Kaung Myat Paing,MYA,S10,,64675,S26,Summer Season 2026,,
fbda1a1eac7c166d,"A, Y, E, 7",,M,Kyaw Htoo,Kyaw Htoo,MYA,S5,SB6,29167,S26,Summer Season 2026,SM5,C
26b7085081ed0954,-,,M,Min Htoo,Min Htoo,MYA,S7,SB7,44570,S26,Summer Season 2026,,
89f4190181741887,"A, Y, 7",,M,Nanda Soe Min,Nanda Soe Min,MYA,S6,SB6,42134,S26,Summer Season 2026,SM6,C
da46ad098e2a493e,-,,M,Nozin,Nozin,MYA,S4,SB3,44571,S26,Summer Season 2026,SM4,N
1338063dc82a3b96,"A, E, 3, 5, 12, +",,M,Nyi Nyi Lin Htet,Nyi Nyi Lin Htet,MYA,S3,SB3,64676,S26,Summer Season 2026,SM3,R-2028
1ef89c56b4ac698e,-,,M,Soe Win,Soe Win,MYA,S10,,64652,S26,Summer Season 2026,,
8b9c5bf267ae81c9,"A, Y, 7",Gharti,M,Harkaman,Harkaman Gharti,NEP,S5,SB6,56610,S26,Summer Season 2026,SM5,C
8a27fc91b60d3adc,"A, 12",Kadayat,F,Jenisha,Jenisha Kadayat,NEP,S6,SB5,39633,S26,Summer Season 2026,SM6,C
d1b8eb9e04ae0860,8,Kumal,M,Bhim Bahadur,Bhim Bahadur Kumal,NEP,S9,SB8,36526,S26,Summer Season 2026,SM9,C
3daab8ef206e28a3,-,Sarki,F,Sirjana,Sirjana Sarki,NEP,S6,,67610,S26,Summer Season 2026,,
a6d940dc2b445101,8,Syangba,M,Member Singi,Member Singi Syangba,NEP,S10,SB9,63258,S26,Summer Season 2026,SM10,C
7b6e3c78c7d6749f,-,Braat,M,Thomas,Thomas Braat,NED,S14,SB14,65646,S26,Summer Season 2026,SM14,C
8dac1a62aa66e1fd,"T, B",Bruinsma,F,Liesette,Liesette Bruinsma,NED,S11,SB11,21984,S26,Summer Season 2026,SM11,C
a5b3e63a17b626e7,"A, 3, 5, 12, +",Bultje,F,Florianne,Florianne Bultje,NED,S9,SB9,35721,S26,Summer Season 2026,SM9,C
c4a32cd127d165ec,-,Dolsma,F,Aguila,Aguila Dolsma,NED,S14,SB14,52652,S26,Summer Season 2026,SM14,R-2028
d13dd0d40c4a9b38,"T, B",Dorsman,M,Rogier,Rogier Dorsman,NED,S11,SB11,21985,S26,Summer Season 2026,SM11,C
b48577954d3256e9,0,Evers,M,Marc,Marc Evers,NED,S14,SB14,8497,S26,Summer Season 2026,SM14,C
0c51554ae7d99bbb,"1, 3, 5",Gorter,F,Jenna,Jenna Gorter,NED,S9,SB8,64457,S26,Summer Season 2026,SM9,C
7a60d4f1b585ece9,"A, 12, +",Hendriks,M,Julian,Julian Hendriks,NED,S7,SB6,52661,S26,Summer Season 2026,SM7,C
d56ac59cf6fedb98,"1, 3, 5",Kruger,F,Lisa,Lisa Kruger,NED,S10,SB9,19395,S26,Summer Season 2026,SM10,C
138fe661ad9cd5d2,"1, 3, 5",Pellis,F,Suzie,Suzie Pellis,NED,S9,SB9,52596,S26,Summer Season 2026,SM9,C
7343f9a313a43b55,"1, 2, 4",Smit,M,Christoph,Christoph Smit,NED,S8,SB8,52595,S26,Summer Season 2026,SM8,R-2024
4f31d7c2ed3f9218,"12, +",Takken,M,Bas,Bas Takken,NED,S10,SB9,27130,S26,Summer Season 2026,SM10,C
c91c55e004f2731b,8,van de Voort,M,Olivier,Olivier van de Voort,NED,S10,SB9,14673,S26,Summer Season 2026,SM10,C
0919acaf46e9562a,"T, B",van Drimmelen,F,Irene,Irene van Drimmelen,NED,S11,SB11,64456,S26,Summer Season 2026,SM11,R-2028
98eb4b5c9ccebeea,"A, 3, 5, 12, +",van Hofweegen,M,Thijs,Thijs van Hofweegen,NED,S6,SB6,17471,S26,Summer Season 2026,SM6,R-2027
e2138453b33cd0e4,"1, 3, 5",van Vondel,M,Cheng Theo Jan,Cheng Theo Jan van Vondel,NED,S9,SB8,65647,S26,Summer Season 2026,SM9,R-2028
ba7d74e646b0e9a5,T,van Wanrooij,M,Thomas,Thomas van Wanrooij,NED,S13,SB13,35665,S26,Summer Season 2026,SM13,R-2027
a697e475bbcf2f8c,"A, 12, +",Anderson,F,Brooke,Brooke Anderson,NZL,S7,SB7,67897,S26,Summer Season 2026,SM7,R-2028
88355a971ad1cb6a,-,Beck,M,David,David Beck,NZL,S14,SB14,41270,S26,Summer Season 2026,SM14,C
21866d9490bafd08,-,Bugler,M,Jack,Jack Bugler,NZL,S14,SB14,43584,S26,Summer Season 2026,SM14,C
3e13ebd8148b1a3f,-,Conlon,M,Bailey Errol Hudson,Bailey Errol Hudson Conlon,NZL,S14,SB14,55666,S26,Summer Season 2026,SM14,C
0bc4e87ce4453c04,"3, 5, 9",Dillinger,F,Londyn,Londyn Dillinger,NZL,S9,SB9,67901,S26,Summer Season 2026,SM9,R-2028
359e6fc133c33d6c,-,Haydon,M,James,James Haydon,NZL,S14,SB14,59781,S26,Summer Season 2026,SM14,C
cf06462415fcf96b,"12, +",Johnstone,F,Jessica,Jessica Johnstone,NZL,NE,SB9,68762,S26,Summer Season 2026,NE,C
7c35e8e35fa7599e,"A, Y, 3, 5, 12",Leslie,M,Cameron,Cameron Leslie,NZL,S4,SB4,3693,S26,Summer Season 2026,SM4,C
5b1c03f9683462d1,"12, +",Mason,F,Lili-Fox,Lili-Fox Mason,NZL,S10,SB9,52494,S26,Summer Season 2026,SM10,C
ce21195835fca365,"3, 5, 12, +",Murphy,F,Charlotte,Charlotte Murphy,NZL,S6,SB6,59864,S26,Summer Season 2026,SM6,C
c7bde19bfccb20ac,"3, 5, 12, +",Neiufi,F,Tupou,Tupou Neiufi,NZL,S9,SB8,22171,S26,Summer Season 2026,SM9,R-2029
fefa26e4ecc58cc3,"A, 2, 4, 12, +",Sayer,F,Rylee,Rylee Sayer,NZL,S7,SB7,61461,S26,Summer Season 2026,SM7,R-2029
da2e1a65383debb8,"3, 5",Smith,F,Gabriella,Gabriella Smith,NZL,S10,SB9,52417,S26,Summer Season 2026,SM10,C
ccc31aafd11d1992,-,Smith-Franklin,M,Asher,Asher Smith-Franklin,NZL,S14,SB14,55665,S26,Summer Season 2026,SM14,C
85830c138378ff9b,"1, 3, 5",Willmer,M,Josh,Josh Willmer,NZL,S9,SB8,44481,S26,Summer Season 2026,SM9,C
31a4ffdd4635125e,-,Martinez Sanchez,M,Jonathan Antonio,Jonathan Antonio Martinez Sanchez,NCA,S14,SB14,35479,S26,Summer Season 2026,SM14,C
da83d10ce999f61b,"12, +",Astri Lillebo,F,Walsh,Walsh Astri Lillebo,NOR,S9,SB9,59537,S26,Summer Season 2026,SM9,R-2027
e38a1e7715b1c892,T,Carnel,M,Victor Ludo Mieke,Victor Ludo Mieke Carnel,NOR,S12,SB12,62621,S26,Summer Season 2026,SM12,R-2029
e28f67839a4988c9,"3, 5, 12, +",Holt,M,Henrik,Henrik Holt,NOR,S9,SB9,55857,S26,Summer Season 2026,SM9,R-2027
23bf5dbfb281508a,"3, 5, 12, +",Kjear,M,Leander Matheo,Leander Matheo Kjear,NOR,S10,SB9,68032,S26,Summer Season 2026,SM10,R-2028
e24b10ba6968a22d,T,Lokebo,F,Thea,Thea Lokebo,NOR,S13,SB13,52460,S26,Summer Season 2026,SM13,R-2028
e47d624be80a9ca9,"1, 3, 5",Nor,M,Jo Kebriel Stolhaug,Jo Kebriel Stolhaug Nor,NOR,S9,SB9,52234,S26,Summer Season 2026,SM9,R-2026
9746983a552380e6,"A, Y, 1, 2, 4",Ohlgren,F,Julie Marie,Julie Marie Ohlgren,NOR,S6,SB6,55858,S26,Summer Season 2026,SM6,C
347fb7d6112fbc04,"1, 3, 5",Solberg,M,Fredrik,Fredrik Solberg,NOR,S9,SB9,32236,S26,Summer Season 2026,SM9,C
06c16124c935cb8b,0,Steen,M,Gabriel,Gabriel Steen,NOR,S13,SB13,36536,S26,Summer Season 2026,SM13,R-2030
1aa7b28ae71d3e9d,-,Al Balushi,M,Khalid,Khalid Al Balushi,OMA,S7,,70689,S26,Summer Season 2026,,
89bbb559b3913a84,A,Abu Ghosh,F,Hanin,Hanin Abu Ghosh,PLE,S6,N/A,66578,S26,Summer Season 2026,N/A,R
6eaf700012dcc156,-,Salazar,M,Abel,Abel Salazar,PAN,S10,,70751,S26,Summer Season 2026,,
b9e6db201f3d50ed,"A, 12, +",Saldana,M,Ahmir,Ahmir Saldana,PAN,S6 S5,SB5,57305,S26,Summer Season 2026,SM6,R-2025
edbd1a9d142924d3,8,Urrunaga,M,Carlos,Carlos Urrunaga,PAN,S9,SB8,21444,S26,Summer Season 2026,SM9,C
6753799e5821d411,"A, 12",Visuete Lopez,M,Luis Eduardo,Luis Eduardo Visuete Lopez,PAN,S5,SB4,28529,S26,Summer Season 2026,SM5,C
627efe2bca2b1b0c,"A, 1, 2, 4",Cobo Aquino,M,Mauricio Gabriel,Mauricio Gabriel Cobo Aquino,PAR,S2,SB1,66881,S26,Summer Season 2026,SM2,R
7e62e9a0f02de819,-,Gonzalez Chavez,F,Maria Lujan,Maria Lujan Gonzalez Chavez,PAR,S13,SB13,67087,S26,Summer Season 2026,SM13,R-2027
2d26e2cedd399669,8,Apaestegui Farfan,F,Micaela,Micaela Apaestegui Farfan,PER,S9,SB8,56731,S26,Summer Season 2026,SM9,R-2027
b0ce2adf766926a2,"12, +",Bustamante Balarezo,M,Braulio,Braulio Bustamante Balarezo,PER,S8,SB7,64046,S26,Summer Season 2026,SM8,R
79df0243f26793c5,"3, 5, 12, +",Cruzado,M,Angel,Angel Cruzado,PER,S7,SB6,55890,S26,Summer Season 2026,SM7,R
09cacc64f6f30a89,"A, 3, 5, 12, +",Felices,F,Dunia,Dunia Felices,PER,S5,SB4,33316,S26,Summer Season 2026,SM5,C
e533a6b6a6459451,-,Giraldo,M,Bruno,Bruno Giraldo,PER,S14,SB14,49455,S26,Summer Season 2026,SM14,R
2fc40ee19caceafd,"A, E, 12",Linares,M,Harrison,Harrison Linares,PER,S2,N/A,40419,S26,Summer Season 2026,N/A,C
5e4cda242700db65,T,Mattos Prieto,M,Junior D'Alessandro,Junior D'Alessandro Mattos Prieto,PER,S12,SB12,66417,S26,Summer Season 2026,SM12,R-2027
0c14fae446c4b6b5,9,Reque Alburqueque,M,Baruc,Baruc Reque Alburqueque,PER,S9,SB8,64045,S26,Summer Season 2026,SM9,R-2029
c0d6e91fdb91af56,"12, +",Rios Huaman,M,Jose Teodoro,Jose Teodoro Rios Huaman,PER,S10,SB9,66106,S26,Summer Season 2026,SM10,R-2027
6c88c31ee5531d6d,-,Salazar,M,Jose Maria,Jose Maria Salazar,PER,S14,SB14,62972,S26,Summer Season 2026,SM14,R
306f890fa93e9a8e,"1, 3, 5",Salcedo,M,Lucas,Lucas Salcedo,PER,S9,SB9,55889,S26,Summer Season 2026,SM9,R-2027
5832355b79836ca1,"3, 5",Salinas,F,Ariana,Ariana Salinas,PER,S9,SB9,61971,S26,Summer Season 2026,SM9,R-2027
d137862a37758bec,"A, 1, 3, 4, 12",Sanchez,F,Liduvina,Liduvina Sanchez,PER,S4,SB3,40415,S26,Summer Season 2026,SM4,R
1e56d0b16f622daf,"A, E",Santillan,M,Rodrigo,Rodrigo Santillan,PER,S2,N/A,41994,S26,Summer Season 2026,N/A,R-2029
96593d9bfd444e1c,"A, 12",Sifuentes Linan,M,Jose Fabrizzio,Jose Fabrizzio Sifuentes Linan,PER,S5,SB5,66416,S26,Summer Season 2026,SM5,R
f2d7a0733e995a22,"A, E, 12",Silva Diaz,M,Jose Manuel,Jose Manuel Silva Diaz,PER,S3,N/A,49496,S26,Summer Season 2026,N/A,C
abf2fcf15beaa6cc,"A, E",Sono,M,Isaias,Isaias Sono,PER,S3,N/A,58947,S26,Summer Season 2026,N/A,R
d7a6e3f7c20e7981,"T, B",Woo,M,Rodrigo,Rodrigo Woo,PER,S11,SB11,52490,S26,Summer Season 2026,SM11,C
ada3e85d8dc5a160,"A, 12",Zapata,F,Rafaela,Rafaela Zapata,PER,S6,SB5,58948,S26,Summer Season 2026,SM6,R-2027
62836be4bfd9688f,9,Aba,M,Arnel,Arnel Aba,PHI,S9,SB8,5435,S26,Summer Season 2026,SM9,C
9d2a0f2d874e19c9,"A, Y, E, 2, 4",Adefuin,M,Raemond,Raemond Adefuin,PHI,S6,SB6,67716,S26,Summer Season 2026,SM6,R-2029
07d60380acac48e0,-,Alegarbes,M,Ariel Joseph,Ariel Joseph Alegarbes,PHI,S14,SB14,51956,S26,Summer Season 2026,SM14,C
f27e9172887caf0d,-,Azul,M,Adrian,Adrian Azul,PHI,S14,SB14,35394,S26,Summer Season 2026,SM14,N
913b3a8fad13556e,"1, 2, 4, 8",Bejino,M,Gary,Gary Bejino,PHI,S6,SB6,21613,S26,Summer Season 2026,SM6,C
562970b8325b2d5d,-,Calizo,F,Claire,Claire Calizo,PHI,S14,SB14,35398,S26,Summer Season 2026,SM14,R-2027
f7123d84e44727e9,-,Garcia,F,Princess Feliz,Princess Feliz Garcia,PHI,S14,SB14,63171,S26,Summer Season 2026,SM14,N
d46c4da87359fcbe,"1, 3, 5, 12, +",Gawilan,M,Ernie,Ernie Gawilan,PHI,S7,SB7,8916,S26,Summer Season 2026,SM7,C
59b6190efe6f1f1d,H,Marcos,M,Kent Ivan,Kent Ivan Marcos,PHI,S14,SB14,63170,S26,Summer Season 2026,SM14,R-2029
43fb4e1d562591ab,"A, Y, E, 7",Otom,F,Angel Mae,Angel Mae Otom,PHI,S5,SB6,51955,S26,Summer Season 2026,SM5,C
f7b9e6bc8ca3fd91,9,Pasadilla,M,Ric Daniel,Ric Daniel Pasadilla,PHI,S10,SB9,67720,S26,Summer Season 2026,SM10,R-2031
c2eb18c993a8dae9,"*, A, 12, +",Roble,F,Beariza Ma Josephine,Beariza Ma Josephine Roble,PHI,S6,SB5,8943,S26,Summer Season 2026,SM6,R
1d9a5f73b82f98cf,8,Sabido,M,Roland,Roland Sabido,PHI,S9,SB8,22235,S26,Summer Season 2026,SM9,C
4d094ce75b9c4875,"A, 1, 2, 4",Tinamisan,M,Marco,Marco Tinamisan,PHI,S3,SB3,53593,S26,Summer Season 2026,SM3,C
a27762103c7fd602,"1, 3, 5",Ulag,M,Muhaimin,Muhaimin Ulag,PHI,S9,SB9,53920,S26,Summer Season 2026,SM9,C
9d1f40c7741f98d8,-,Valenzuela,F,Anna Marie,Anna Marie Valenzuela,PHI,S9,SB8,67718,S26,Summer Season 2026,SM9,N
f1db33f2f31c3c7f,"12, +",Villanueva,M,Edwin,Edwin Villanueva,PHI,S8,SB7,35393,S26,Summer Season 2026,SM8,C
63e7d6e7cb91e8f8,"A, 12, +",Badowska,F,Nikola,Nikola Badowska,POL,S9,SB8,52055,S26,Summer Season 2026,SM9,R-2029
822334ea299d72aa,"1, 3, 5",Boruszewska,F,Zuzanna,Zuzanna Boruszewska,POL,S9,SB9,33323,S26,Summer Season 2026,SM9,C
d182ca3045020d36,-,Bulat,M,Bartosz,Bartosz Bulat,POL,S8,SB7,63403,S26,Summer Season 2026,SM8,N
4123237b8c466877,-,Burzynski,M,Rafal,Rafal Burzynski,POL,S10,SB9,63396,S26,Summer Season 2026,SM10,R-2027
462245a0d53b9c04,"12, +",Cymbalista,M,Szymon,Szymon Cymbalista,POL,S9,SB8,63305,S26,Summer Season 2026,SM9,R-2027
373e0ad41ecd1529,"A, E, 12",Czech,M,Jacek,Jacek Czech,POL,S2,SB1,3402,S26,Summer Season 2026,SM2,C
6d206eb5ce0d2681,-,Demucha,M,Karol,Karol Demucha,POL,S3,SB3,68745,S26,Summer Season 2026,SM3,N
749ea1d67c4aa65c,-,Gladecki,M,Aleks,Aleks Gladecki,POL,S8,SB8,68652,S26,Summer Season 2026,SM8,N
a6584f7029824d1b,"1, 2, 4",Golus,M,Michal,Michal Golus,POL,S8,SB8,29408,S26,Summer Season 2026,SM8,C
a90b1e400f3187df,-,Gryglewska,F,Sabina,Sabina Gryglewska,POL,S3,SB2,68812,S26,Summer Season 2026,SM3,N
2b882ff8dbbd3d9f,"12, +",Hrehorowicz,M,Igor,Igor Hrehorowicz,POL,S9,SB8,26514,S26,Summer Season 2026,SM9,C
8a86135eceb04855,"12, +",Iskra,F,Emilia,Emilia Iskra,POL,S6,SB6,63401,S26,Summer Season 2026,SM6,R-2027
a6f667559bfaab61,"A, 12, +",Jablonska,F,Oliwia,Oliwia Jablonska,POL,S9,SB8,8344,S26,Summer Season 2026,SM9,R-2029
7416709b7da94f53,"3, 5, 12, +",Koloczek,F,Malwina,Malwina Koloczek,POL,S9,SB9,68801,S26,Summer Season 2026,SM9,R-2029
d4db8e30c1e2058c,-,Kowalik,M,Andrzej,Andrzej Kowalik,POL,S14,SB14,58304,S26,Summer Season 2026,SM14,C
1967da924acb4e8e,"A, 3, 5, 12, +",Kowalski,M,Gabriel,Gabriel Kowalski,POL,S9,SB8,40848,S26,Summer Season 2026,SM9,R-2029
5dd87f17cfdd3cc2,T,Kozlowski,M,Alex,Alex Kozlowski,POL,S11,SB11,57232,S26,Summer Season 2026,SM11,C
d0c4d1f01ba2e299,"12, +",Krzyszkowski,M,Oliwier,Oliwier Krzyszkowski,POL,S9,SB9,54195,S26,Summer Season 2026,SM9,R-2027
4c7e5d3e6cfcd70d,"3, 5, 12, +",Lata,M,Krystian,Krystian Lata,POL,S9,SB9,68653,S26,Summer Season 2026,SM9,R-2029
0aa24afca3c0371c,"A, E, 3, 12",Lechniak,M,Krzysztof,Krzysztof Lechniak,POL,S3,SB2,52129,S26,Summer Season 2026,SM3,R
799f1bfc66546537,"A, 12, +",Lewandowska,F,Emilia,Emilia Lewandowska,POL,S8,SB7,63419,S26,Summer Season 2026,SM8,R-2028
e47d4e636ef8b817,-,Liberski,M,Mikolaj,Mikolaj Liberski,POL,S10,SB9,63212,S26,Summer Season 2026,SM10,N
7276251e22bea2bf,"A, 3, 5, 12",Marczuk,F,Patrycja,Patrycja Marczuk,POL,S2,SB2,63404,S26,Summer Season 2026,SM2,R-2029
38e1d75532fbdfca,0,Mendak,F,Joanna,Joanna Mendak,POL,S13,SB13,6812,S26,Summer Season 2026,SM13,R-2029
2d7f71f1fccbdf0c,-,Mocala,M,Wiktor,Wiktor Mocala,POL,S9,SB9,68803,S26,Summer Season 2026,SM9,N
818e961618ef8cca,"A, 12",Noszczyk,F,Marika,Marika Noszczyk,POL,S6,SB6,68293,S26,Summer Season 2026,SM6,R-2028
7bdaede68a2904c9,"1, 3, 5",Ochtera,F,Aleksandra,Aleksandra Ochtera,POL,S9,SB9,35239,S26,Summer Season 2026,SM9,C
f959373b49dc768f,"12, +",Ogorzalek,M,Alan,Alan Ogorzalek,POL,S10,SB9,40734,S26,Summer Season 2026,SM10,C
b5fee7f969fa8dc3,"A, E",Otowski,M,Kamil,Kamil Otowski,POL,S1,N/A,18624,S26,Summer Season 2026,N/A,R
312147ec7a54174b,"1, 3, 5",Piec,F,Alicja,Alicja Piec,POL,S9,SB8,50155,S26,Summer Season 2026,SM9,R-2025
721fbc1d6a3f536e,"A, 12",Podgorski,M,Hubert,Hubert Podgorski,POL,S5,SB4,63395,S26,Summer Season 2026,SM5,R-2027
38bfd126418b3c72,"A, E, 3, 5, 12",Potasinski,M,Stefan,Stefan Potasinski,POL,S4,SB3,63421,S26,Summer Season 2026,SM4,R
2fed23e89a77b729,-,Sadkowski,M,Kacper,Kacper Sadkowski,POL,S13,SB13,63391,S26,Summer Season 2026,SM13,R-2029
1969732d23144ede,-,Snarski,M,Robert,Robert Snarski,POL,S13,SB13,63388,S26,Summer Season 2026,SM13,R-2028
eb2974b8bc3535b7,"A, 3, 5, 12",Sobota,F,Wiktoria,Wiktoria Sobota,POL,S3,SB4,63405,S26,Summer Season 2026,SM3,R
1631c088bb3c197e,"12, +",Soltysik,F,Julia,Julia Soltysik,POL,S10,SB9,63423,S26,Summer Season 2026,SM10,R-2029
8cb17542e51dc75e,"3, 5",Szostak,M,Bartosz,Bartosz Szostak,POL,S9,SB9,63602,S26,Summer Season 2026,SM9,R-2027
2551c07b5ffd4694,-,Truszkowska,F,Marlena,Marlena Truszkowska,POL,S8,SB7,63400,S26,Summer Season 2026,SM8,N
b564e79a10e3ef2d,-,Wojcik,F,Alicja,Alicja Wojcik,POL,S8,SB7,63406,S26,Summer Season 2026,SM8,N
ba9c6f9a4ba9d2cf,-,Wojtylko,M,Antoni,Antoni Wojtylko,POL,S9,SB9,68828,S26,Summer Season 2026,SM9,N
4ff699148bd2e705,"1, 2, 4",Cancela,M,Diogo,Diogo Cancela,POR,S8,SB8,35785,S26,Summer Season 2026,SM8,C
390865a9eba75c84,"12, +",Castro,F,Ana,Ana Castro,POR,S8,SB8,7171,S26,Summer Season 2026,SM8,C
06b0646b41964fc3,"12, +",Cordeiro,M,Tomas,Tomas Cordeiro,POR,S10,SB9,52148,S26,Summer Season 2026,SM10,C
6c4b6ce53a85e19f,-,Duarte,M,Samuel,Samuel Duarte,POR,S14,SB14,52359,S26,Summer Season 2026,SM14,R
f5ec20e309d6a8e2,"1, 4",Fidalgo,M,Joao,Joao Fidalgo,POR,S10,NE,52656,S26,Summer Season 2026,NE,C
654c51c11dc7b6fc,T,Meneses,M,Marco,Marco Meneses,POR,S11,SB11,34281,S26,Summer Season 2026,SM11,C
d07763c332be78a4,-,Patricio,M,Rodrigo,Rodrigo Patricio,POR,S14,SB14,53460,S26,Summer Season 2026,SM14,R
9759fa3dd44b7c42,"A, 3, 5, 12, +",Pinheiro,M,Francisco,Francisco Pinheiro,POR,S7,SB6,68583,S26,Summer Season 2026,SM7,R-2028
4b4054b3de24d71d,"A, 3, 5, 12, +",Soares,M,Ricardo,Ricardo Soares,POR,S7,SB6,31298,S26,Summer Season 2026,SM7,R-2027
e954f21f6394b641,9,Veiga,F,Susana,Susana Veiga,POR,S9,SB8,36467,S26,Summer Season 2026,SM9,R-2021
81555e9152cadf93,-,Brignoni Deynes,M,Gianpaulo,Gianpaulo Brignoni Deynes,PUR,NE,NE,64946,S26,Summer Season 2026,NE,C
71cbf961df91e4c9,-,Encarnacion Despiau,F,Esmeralda Mari,Esmeralda Mari Encarnacion Despiau,PUR,S14,SB14,64591,S26,Summer Season 2026,SM14,N
1da77d31d8e00de1,-,Galarza Hernandez,M,Manuel,Manuel Galarza Hernandez,PUR,S8,SB8,70229,S26,Summer Season 2026,SM8,N
279c2ba6dc0a5640,-,Gonzalez Siebens,M,Yadriel Jose,Yadriel Jose Gonzalez Siebens,PUR,S7,SB7,68624,S26,Summer Season 2026,SM7,N
aaa70d928390a54d,-,Lopez Garcia,F,Lorena,Lorena Lopez Garcia,PUR,S14,SB14,64382,S26,Summer Season 2026,SM14,N
1766b6e3cb21f8cf,-,Santiago,F,Victoria,Victoria Santiago,PUR,S14,SB14,60963,S26,Summer Season 2026,SM14,C
eb4ba9093f72c9bd,"T, B",Al-Mutlaq,M,Khalifa Adel M Sh,Khalifa Adel M Sh Al-Mutlaq,QAT,S11,SB11,68040,S26,Summer Season 2026,SM11,C
860bc047726dadb1,0,Shahov,M,Shamil,Shamil Shahov,QAT,S12,SB12,33628,S26,Summer Season 2026,SM12,R-2028
64706c5a0fa2fdf3,-,Cojocaru,F,Ioana-Roxana,Ioana-Roxana Cojocaru,ROU,CNC,CNC,68350,S26,Summer Season 2026,CNC,R
394869c73d80e8fc,12,Dumitru,M,Darius,Darius Dumitru,ROU,S7,SB6,43859,S26,Summer Season 2026,SM7,C
4f7c7ec192d0b1a8,"A, Y, E, 7",Aleksandrov,M,Kirill,Kirill Aleksandrov,RUS,S5,SB5,68434,S26,Summer Season 2026,SM5,R-2029
76c304189c3aa02b,-,Antipov,M,Dmitrii,Dmitrii Antipov,RUS,S14,SB14,62117,S26,Summer Season 2026,SM14,R-2027
6dd2332d48cc91a9,-,Antoniuk,F,Sofia,Sofia Antoniuk,RUS,S13,SB13,69458,S26,Summer Season 2026,SM13,N
ecaa552f60eee703,"A, 1, 3, 4, 12, +",Baskakov,M,Maksim,Maksim Baskakov,RUS,S8,SB7,63113,S26,Summer Season 2026,SM8,R
48399f03517ee3d4,-,Berdnik,M,Rodion,Rodion Berdnik,RUS,S14,SB14,52698,S26,Summer Season 2026,SM14,R-2026
0d81e22b916d595b,T,Berezhnoi,M,Arsenii,Arsenii Berezhnoi,RUS,S12,SB12,63273,S26,Summer Season 2026,SM12,R-2027
97dd73f36d4df47c,"A, 1, 12",Bobyrev,M,Igor,Igor Bobyrev,RUS,S3,SB2,62976,S26,Summer Season 2026,SM3,R-2027
2aac4312a1889730,"A, 12, +",Bogatyreva,F,Anna,Anna Bogatyreva,RUS,S7,SB7,63103,S26,Summer Season 2026,SM7,R-2027
d48e9f4470b18200,-,Boldyreva,F,Karina,Karina Boldyreva,RUS,S3,SB3,52701,S26,Summer Season 2026,SM3,N
290ef1ef35a28971,"T, B",Burmistrov,M,Konstantin,Konstantin Burmistrov,RUS,S12,SB12,61160,S26,Summer Season 2026,SM12,R-2028
29b7559a1f4caf2f,"A, E, 3, 5, 12",Butkova,F,Nataliia,Nataliia Butkova,RUS,S4,SB4,22508,S26,Summer Season 2026,SM4,R-2026
c44895697dac06ca,"A, E, 3, 5, 12",Cherniaev,M,Dmitrii,Dmitrii Cherniaev,RUS,S5,SB4,22629,S26,Summer Season 2026,SM5,C
13a04d3d4a8ec2e0,T,Chernov,M,Maksym,Maksym Chernov,RUS,S11,SB11,59913,S26,Summer Season 2026,SM11,C
b0379861354171da,"A, E, 3, 5, 12",Chernova,F,Anastasiia,Anastasiia Chernova,RUS,S5,SB4,61389,S26,Summer Season 2026,SM5,R
05cfd3023dcedae7,"A, E",Danilenko,M,Vladimir,Vladimir Danilenko,RUS,S2,N/A,26958,S26,Summer Season 2026,N/A,C
4fa3b453039be11d,9,Dolgovas,M,Dimitrii,Dimitrii Dolgovas,RUS,S10,SB9,63114,S26,Summer Season 2026,SM10,R-2027
953c6aa587eb9683,-,Dontsov,M,Ruslan,Ruslan Dontsov,RUS,S13,SB13,69685,S26,Summer Season 2026,SM13,N
23abdf1e94812090,"1, 2, 4, 12, +",Efrosinin,M,Egor,Egor Efrosinin,RUS,S7,SB7,26434,S26,Summer Season 2026,SM7,R-2027
d5302670780664f2,"*, 4",Erzutov,M,Leonid,Leonid Erzutov,RUS,S10,SB9,27853,S26,Summer Season 2026,SM10,R
7e3894c208e2ee98,"A, 12",Evseenko,M,Mikhail,Mikhail Evseenko,RUS,S6,SB5,52817,S26,Summer Season 2026,SM6,R-2027
db19aa79c06a22f2,"A, 3, 5, 12",Fedurina,F,Galina,Galina Fedurina,RUS,S5,SB4,52588,S26,Summer Season 2026,SM5,R-2027
1aa9a381a516062b,"A, 1, 3, 4, 12, +",Feoktistova,F,Irina,Irina Feoktistova,RUS,S8,SB8,68226,S26,Summer Season 2026,SM8,R-2029
2281b178ffdb64f8,-,Fitmova,F,Daria,Daria Fitmova,RUS,S12,SB12,63280,S26,Summer Season 2026,SM12,R
6bafef1e394ed0a2,"A, 3, 5, 12, +",Ganiuk,M,Aleksei,Aleksei Ganiuk,RUS,S8,SB7,30035,S26,Summer Season 2026,SM8,R-2029
265f87471e352425,-,Gladyshev,M,Artem,Artem Gladyshev,RUS,S14,SB14,52699,S26,Summer Season 2026,SM14,R-2027
ebf2c03fe517edf1,"A, E, 12",Goncharova,F,Anastasiia,Anastasiia Goncharova,RUS,S4,SB3,63115,S26,Summer Season 2026,SM4,R-2026
7b08de303a780a0f,"A, 12",Granichka,M,Andrei,Andrei Granichka,RUS,S6,SB5,19810,S26,Summer Season 2026,SM6,C
f81bc2ec11d3190a,"12, +",Grigorev,M,Dmitrii,Dmitrii Grigorev,RUS,S10,SB9,7632,S26,Summer Season 2026,SM10,C
b0b0288304b086cd,-,Guk,M,Timofei,Timofei Guk,RUS,S12,SB12,28535,S26,Summer Season 2026,SM12,R
5f7f882a97b02a64,-,Guzienko,F,Alina,Alina Guzienko,RUS,S14,SB14,42157,S26,Summer Season 2026,SM14,R
eb8aa466e8bcc047,"3, 5, 12, +",Isaev,M,Artem,Artem Isaev,RUS,S10,SB9,22664,S26,Summer Season 2026,SM10,C
32e44bfd8a22f6b1,"1, 2, 4",Ishchiulova,F,Viktoriia,Viktoriia Ishchiulova,RUS,S8,SB8,42161,S26,Summer Season 2026,SM8,C
5205f4be391d5f7e,-,Ivanov,M,German,German Ivanov,RUS,S7,SB6,68660,S26,Summer Season 2026,SM7,N
c5864758496c60f0,"A, E, 3, 5, 12",Ivanova,F,Anna,Anna Ivanova,RUS,S5,SB4,60184,S26,Summer Season 2026,SM5,R-2028
fd0336acd5579317,"1, 3, 5",Kalina,M,Andrei,Andrei Kalina,RUS,S9,SB8,5617,S26,Summer Season 2026,SM9,C
556e21e559dc523f,"1, 3, 5",Kandybka,M,Vasilii,Vasilii Kandybka,RUS,S9,SB8,63005,S26,Summer Season 2026,SM9,R-2027
a63f376fc839833d,-,Kazakova,F,Inessa,Inessa Kazakova,RUS,S14,SB14,69683,S26,Summer Season 2026,SM14,N
3ccc645f348c982c,"A, 12, +",Khlystov,M,Nikita,Nikita Khlystov,RUS,S9,SB9,63242,S26,Summer Season 2026,SM9,R
cb9b07d6b331a84e,"A, 1, 3, 5",Kliachkina,F,Elena,Elena Kliachkina,RUS,S9,SB8,42176,S26,Summer Season 2026,SM9,C
ccea3a10814e66b8,"T, B",Kniazeva,F,Varvara,Varvara Kniazeva,RUS,S11,SB11,64982,S26,Summer Season 2026,SM11,R-2027
3397e62228469393,"A, E, 3, 5, 12",Koltsova,F,Diana,Diana Koltsova,RUS,S3,SB2,60187,S26,Summer Season 2026,SM3,R
b12cd53b9d39094c,T,Krivshina,F,Anna,Anna Krivshina,RUS,S12,SB12,19606,S26,Summer Season 2026,SM12,R-2028
927fa81eef048742,"T, B",Krylov,M,Artem,Artem Krylov,RUS,S11,SB11,63274,S26,Summer Season 2026,SM11,C
3db42b41c46f4c8c,"A, 12, +",Kuklin,M,Pavel,Pavel Kuklin,RUS,S8,SB7,42163,S26,Summer Season 2026,SM8,C
db05aff31cbde7ab,-,Kuzmin,M,Egor,Egor Kuzmin,RUS,S12,SB12,52880,S26,Summer Season 2026,SM12,R-2028
0fbf5f247e825363,"A, E, 3, 5, 12",Larionova,F,Mira,Mira Larionova,RUS,S4,SB3,30037,S26,Summer Season 2026,SM4,R-2028
54bc133b8b4477e6,T,Latritskaia,F,Mariia,Mariia Latritskaia,RUS,S12,SB12,42122,S26,Summer Season 2026,SM12,R-2027
5672de30a9e1f480,0,Lazutin,M,Evgenii,Evgenii Lazutin,RUS,S13,SB13,61161,S26,Summer Season 2026,SM13,R-2027
04d936d3a1a4d3ef,0,Lisitskii,M,Stepan,Stepan Lisitskii,RUS,S13,SB13,42123,S26,Summer Season 2026,SM13,R-2027
d79557f9ebf71d93,-,Litsevanov,M,Vladislav,Vladislav Litsevanov,RUS,S5,SB4,52845,S26,Summer Season 2026,SM5,N
a38edbdc7729bd8c,"T, B",Lukianenko,F,Daria,Daria Lukianenko,RUS,S11,SB11,42294,S26,Summer Season 2026,SM11,R
3d0397c0e86f793c,"1, 3, 5",Maiborodina,F,Daria,Daria Maiborodina,RUS,S9,SB8,52618,S26,Summer Season 2026,SM9,C
7beb973228c7467b,"A, E, 3, 5, 12",Maksiakova,F,Veronika,Veronika Maksiakova,RUS,S4,SB3,68202,S26,Summer Season 2026,SM4,R-2027
45a16e53b1d54336,"A, 12",Maslov,M,Stepan,Stepan Maslov,RUS,S8,SB7,61385,S26,Summer Season 2026,SM8,R-2027
1dc5a2fa222359cf,-,Meleshko,F,Daria,Daria Meleshko,RUS,S14,SB14,52700,S26,Summer Season 2026,SM14,R-2026
709167e123678d01,"A, 3, 5, 12",Melnikov,M,Aleksei,Aleksei Melnikov,RUS,S4,SB2,60185,S26,Summer Season 2026,SM3,R
691e1f28fac1a9e6,-,Melnikov,M,Andrei,Andrei Melnikov,RUS,S6,SB5,61388,S26,Summer Season 2026,SM6,N
e14a18618cbdc8ae,-,Mezhinskaia,F,Sofiia,Sofiia Mezhinskaia,RUS,S13,SB13,63275,S26,Summer Season 2026,SM13,R-2027
bb61cd7ca4984349,"A, 1, 2, 4, 8",Mikhailov,M,Maksim,Maksim Mikhailov,RUS,S7,SB7,68270,S26,Summer Season 2026,SM7,R-2028
a39f27ee7912bf72,-,Mokrousova,F,Aleksandra,Aleksandra Mokrousova,RUS,S14,SB14,63656,S26,Summer Season 2026,SM14,R-2026
5f245bb43dbeba0d,"A, 12",Molkov,M,Aleksandr,Aleksandr Molkov,RUS,S5,SB4,23373,S26,Summer Season 2026,SM5,R
694dab629c5a1564,"1, 3, 5",Mozgovaia,F,Adelina,Adelina Mozgovaia,RUS,S9,SB8,31033,S26,Summer Season 2026,SM9,C
e009d0cfbbb4e289,"1, 3, 5",Mozgovoi,M,Bogdan,Bogdan Mozgovoi,RUS,S9,SB9,22989,S26,Summer Season 2026,SM9,C
7e4fee70084910fd,A,Nikolaev,M,Andrei,Andrei Nikolaev,RUS,S8,N/A,30040,S26,Summer Season 2026,N/A,R
06d0685a8e32d323,"A, 3, 5, 12",Oparina,F,Anastasiia,Anastasiia Oparina,RUS,S4,SB3,49089,S26,Summer Season 2026,SM4,R-2029
8da3d01f1d5a4981,0,Pakhomov,M,Sergei,Sergei Pakhomov,RUS,S13,SB13,63278,S26,Summer Season 2026,SM13,R-2029
a4dc6dd53c24a7ac,H,Pavlenko,M,Artem,Artem Pavlenko,RUS,S14,SB14,17379,S26,Summer Season 2026,SM14,C
431c2a665dc6fda2,"A, 12",Pavliukova,F,Natalia,Natalia Pavliukova,RUS,S5,SB4,42291,S26,Summer Season 2026,SM5,C
a1dcc6e4df8d944d,"A, 12",Pavlov,M,Nikita,Nikita Pavlov,RUS,S5,SB4,49092,S26,Summer Season 2026,SM5,R-2027
f0a6b964a726188a,"A, 3, 5, 12, +",Pavlova,F,Mariia,Mariia Pavlova,RUS,S8,SB7,26389,S26,Summer Season 2026,SM8,R-2029
e8f542d8d3a9d11b,"A, 12",Pulver,M,Kirill,Kirill Pulver,RUS,S5,SB4,49081,S26,Summer Season 2026,SM5,R-2026
294ca9134b4a78a7,-,Radkov,M,Artem,Artem Radkov,RUS,S10,SB9,68432,S26,Summer Season 2026,SM10,N
eb672fc31aa38e94,-,Rumiantsev,M,Klim,Klim Rumiantsev,RUS,S14,SB14,62118,S26,Summer Season 2026,SM14,R-2027
88b97667206c4da4,-,Rymgailo,F,Aleksandra,Aleksandra Rymgailo,RUS,S7,SB6,63118,S26,Summer Season 2026,SM7,N
362a3e6d695bd507,T,Saifutdinov,M,Artur,Artur Saifutdinov,RUS,CNC,CNC,19534,S26,Summer Season 2026,CNC,R
35aadbbf4fb772a6,-,Salemgareev,M,Emil,Emil Salemgareev,RUS,S10,SB9,61387,S26,Summer Season 2026,SM10,C
f50364b1c63fc401,0,Shabalina,F,Valeriia,Valeriia Shabalina,RUS,S14,SB14,22610,S26,Summer Season 2026,SM14,C
f16cf677334a0501,-,Shatskikh,F,Nadezhda,Nadezhda Shatskikh,RUS,S13,SB13,63620,S26,Summer Season 2026,SM13,R
85c4e0a214019c61,"A, E, 3, 5",Shchelokova,F,Milana,Milana Shchelokova,RUS,S7,SB7,42184,S26,Summer Season 2026,SM7,R-2028
10c8f12f827c3c4f,0,Shchitkovskii,M,Egor,Egor Shchitkovskii,RUS,S13,SB13,61163,S26,Summer Season 2026,SM13,R-2027
ed2f4ff7576dbbb5,"A, Y, E, 3, 5, 12",Shchurova,F,Zoia,Zoia Shchurova,RUS,S4,SB3,42185,S26,Summer Season 2026,SM4,R
bc5e552a77269a0d,"T, B",Shevchenko,F,Anastasiia,Anastasiia Shevchenko,RUS,S11,SB11,42126,S26,Summer Season 2026,SM11,R-2029
5fcf6b152a4b0931,-,Shishkina,F,Alina,Alina Shishkina,RUS,S8,SB8,70065,S26,Summer Season 2026,SM8,N
e10d996f3c9cc2df,"A, E, 3, 5, 12",Shishova,F,Iuliia,Iuliia Shishova,RUS,CNC,CNC,21537,S26,Summer Season 2026,CNC,R
6104a9c47ccca6e7,-,Shusharin,M,Sergei,Sergei Shusharin,RUS,S14,SB14,63333,S26,Summer Season 2026,SM14,R
aa8873721e3036c7,"A, 9",Shuvarin,M,Aleksei,Aleksei Shuvarin,RUS,S9,SB8,62977,S26,Summer Season 2026,SM9,C
0cdfdf5341d70804,"3, 5",Sidorenko,F,Elizaveta,Elizaveta Sidorenko,RUS,S10,SB9,30693,S26,Summer Season 2026,SM10,C
524af00738604f2f,"1, 3, 5",Smirnov,M,Daniil,Daniil Smirnov,RUS,S9,SB8,42575,S26,Summer Season 2026,SM9,C
5b3be168862c954f,-,Sokolova,F,Daria,Daria Sokolova,RUS,S8,SB7,70066,S26,Summer Season 2026,SM8,N
6880e86a5aa61177,0,Sotnikov,M,Vladimir,Vladimir Sotnikov,RUS,S12,SB12,51101,S26,Summer Season 2026,SM12,R-2028
fbd225a36fdbb60e,-,Startsev,M,Andrei,Andrei Startsev,RUS,S4,SB3,68433,S26,Summer Season 2026,SM4,N
6f9459bcd6fe88da,"A, 12, +",Stepanov,M,Evgenii,Evgenii Stepanov,RUS,S8,SB7,60183,S26,Summer Season 2026,SM8,C
22ae2b9c198f949a,8,Stepanova,F,Vasilisa,Vasilisa Stepanova,RUS,NE,SB9,68216,S26,Summer Season 2026,NE,C
53ac88e6e4c4adda,-,Talalaeva,F,Polina,Polina Talalaeva,RUS,S3,SB2,63238,S26,Summer Season 2026,SM3,N
caf4d244e44ddc98,"3, 5, 12, +",Tarasov,M,Denis,Denis Tarasov,RUS,S9,SB9,14876,S26,Summer Season 2026,SM9,C
e2685260056a12c2,-,Tiulenev,M,Maksim,Maksim Tiulenev,RUS,S4,SB3,68934,S26,Summer Season 2026,SM4,N
ed84674b9d52feba,-,Trofimenko,M,Andrei,Andrei Trofimenko,RUS,S7,SB6,49090,S26,Summer Season 2026,SM7,N
4f3de17cd6c96f90,-,Tsaritsanskii,M,Mikhail,Mikhail Tsaritsanskii,RUS,S14,SB14,69684,S26,Summer Season 2026,SM14,N
8b14338b875f1bc9,-,Tsybriuk,M,Vitalii,Vitalii Tsybriuk,RUS,S13,SB13,52878,S26,Summer Season 2026,SM13,R
203ccc1565b8ce41,"A, E, 3, 4, 12",Zhdanov,M,Roman,Roman Zhdanov,RUS,S4,SB4,20545,S26,Summer Season 2026,SM4,R-2028
cee6c6d68f9a82a3,T,Ziablitseva,F,Aleksandra,Aleksandra Ziablitseva,RUS,S13,SB13,28538,S26,Summer Season 2026,SM13,R-2029
f9d5f733081ab372,"A, 3, 5, 12, +",Almalki,M,Eyad,Eyad Almalki,KSA,S7,SB6,51422,S26,Summer Season 2026,SM7,R-2026
cc444b7de983ab80,"A, Y, E, 7",Almarzuqi,M,Ibrahim,Ibrahim Almarzuqi,KSA,S5,SB6,51425,S26,Summer Season 2026,SM5,C
a59ae0255dd7db53,"A, Y, E, 3, 5, 12, +",Alrashid,M,Hussain,Hussain Alrashid,KSA,S5,SB4,51482,S26,Summer Season 2026,SM5,C
5100857f0050f3fd,"A, 3, 5, 12",Mahnashi,M,Hussam,Hussam Mahnashi,KSA,S4,SB3,35219,S26,Summer Season 2026,SM4,R-2026
377d2fc318b3cf6a,"A, E",Draganov-Cordas,F,Katarina,Katarina Draganov-Cordas,SRB,S2,N/A,44368,S26,Summer Season 2026,N/A,C
8f34eafa59f42e6c,"1, 2, 4",Ljubisavljevic,M,Nikola,Nikola Ljubisavljevic,SRB,S8,SB8,60229,S26,Summer Season 2026,SM8,R-2026
973f70e445a80430,"A, 3, 5, 12",Maric,M,Pavle,Pavle Maric,SRB,S4,SB3,68449,S26,Summer Season 2026,SM4,R-2028
8e0c8d9355870e9e,"12, +",Panovic,M,Nemanja,Nemanja Panovic,SRB,S8,SB7,33782,S26,Summer Season 2026,SM8,R-2027
c2bb04737cd4e34e,"1, 3, 5",Baihakki,F,Moza Alyka,Moza Alyka Baihakki,SGP,S9,SB8,68011,S26,Summer Season 2026,SM9,R-2029
ff898cb301219e03,-,Chan,M,Wei Siang Darren,Wei Siang Darren Chan,SGP,S14,SB14,42307,S26,Summer Season 2026,SM14,C
900d0c9087f3e111,0,Han,M,Liang Chou,Liang Chou Han,SGP,S14,SB14,21634,S26,Summer Season 2026,SM14,C
897f6ad63dec7ac6,-,Hee,M,Nicholas,Nicholas Hee,SGP,S14,SB14,61164,S26,Summer Season 2026,SM14,R-2026
847a347b9cbb0df5,0,Moi,F,Yan Ting Danielle,Yan Ting Danielle Moi,SGP,S14,SB14,21633,S26,Summer Season 2026,SM14,C
1ecc6117b9e5d17b,"T, B",Soon,F,Sophie Jin Wen,Sophie Jin Wen Soon,SGP,S11,SB11,29784,S26,Summer Season 2026,SM11,R-2029
1c1ed96d9d737c48,0,Tan,M,Eng Kiong Benson,Eng Kiong Benson Tan,SGP,S14,SB14,8671,S26,Summer Season 2026,SM14,C
2cc81a297521e9f0,-,Tan,F,Jazlene Shihui,Jazlene Shihui Tan,SGP,S14,SB14,42304,S26,Summer Season 2026,SM14,C
480e07a813cd1be5,12,Toh,M,Wei Soong,Wei Soong Toh,SGP,S7,SB6,20612,S26,Summer Season 2026,SM7,C
ce2b395a0eedfc23,9,Wong,M,Min Ern Jareth,Min Ern Jareth Wong,SGP,NE,SB9,56986,S26,Summer Season 2026,NE,C
c45527aa151681fc,-,Wong,M,Zhi Wei,Zhi Wei Wong,SGP,S13,SB13,33213,S26,Summer Season 2026,SM13,R-2027
c20105ea1cf86578,"A, E, 12",Yip,F,Pin Xiu,Pin Xiu Yip,SGP,S2,N/A,3491,S26,Summer Season 2026,,
936e1910a9bae165,"A, 12, +",Durinik,M,Philip,Philip Durinik,SVK,S7,SB6,59714,S26,Summer Season 2026,SM7,R-2027
7ec2d86ee6f336a3,"1, 3, 5",Hanuliakova,F,Dorota,Dorota Hanuliakova,SVK,S9,SB8,65685,S26,Summer Season 2026,SM9,R-2030
0177c89298e0b745,"A, 12",Holikova,F,Dorota,Dorota Holikova,SVK,S5,SB4,65686,S26,Summer Season 2026,SM5,R-2027
61d734baca7b941e,"1, 3, 4",Kubova,F,Alzbeta,Alzbeta Kubova,SVK,S8,SB8,48980,S26,Summer Season 2026,SM8,C
7e404bc4f969e087,"A, 12",Novakova,F,Liliana,Liliana Novakova,SVK,S6,SB5,65687,S26,Summer Season 2026,SM6,R-2028
63ba10b71afcdc1a,T,Petrikovicova,F,Karina,Karina Petrikovicova,SVK,S12,SB12,6838,S26,Summer Season 2026,SM12,R-2027
c0accc5b6060b546,-,Sutiak,M,Richard,Richard Sutiak,SVK,S10,SB9,69404,S26,Summer Season 2026,SM10,N
14dc9e35574c78bc,A,Berloznik,F,Tonja,Tonja Berloznik,SLO,S2,N/A,63310,S26,Summer Season 2026,N/A,R-2026
1d4ca653e8725af9,"A, 12, +",Biadov,F,Nina,Nina Biadov,SLO,S9,SB8,56621,S26,Summer Season 2026,SM9,R-2027
3288d50539dbd15f,-,Kozarac,M,Kerim,Kerim Kozarac,SLO,S14,SB14,70010,S26,Summer Season 2026,SM14,N
633ddaa13fa17c06,"A, 8",Majcenovic,M,Tristan,Tristan Majcenovic,SLO,S9,SB8,62709,S26,Summer Season 2026,SM9,R-2027
34e46a51ee21b543,8,Lidia,F,Rose,Rose Lidia,SOL,S10,SB9,41836,S26,Summer Season 2026,SM10,C
8413dad40480c367,T,Ferreira,F,Alani,Alani Ferreira,RSA,S13,SB13,27000,S26,Summer Season 2026,SM13,R-2027
e1955c7cb38c56b9,T,Hendricks,M,Nathan,Nathan Hendricks,RSA,S13,SB13,57004,S26,Summer Season 2026,SM13,R-2029
9fde0596118ed00a,-,Janse Van Rensburg,F,Minke,Minke Janse Van Rensburg,RSA,S14,SB14,52683,S26,Summer Season 2026,SM14,R-2028
79f2a2cd6bc6d8cb,-,Lawrence,M,Elih Thomas,Elih Thomas Lawrence,RSA,S14,SB14,66392,S26,Summer Season 2026,SM14,R-2028
4ffc471d65827c12,-,Nel,M,Jean-Pierre,Jean-Pierre Nel,RSA,S14,SB14,66551,S26,Summer Season 2026,SM14,R
d3bb637032a471f3,"A, 3, 5",Sadie,M,Christian,Christian Sadie,RSA,S7,SB7,30469,S26,Summer Season 2026,SM7,C
050d7643dee012ef,"A, Y, E, 3, 4, 12",Swanepoel,F,Kat,Kat Swanepoel,RSA,S5,SB4,44602,S26,Summer Season 2026,SM5,R-2025
2cd821bf8af39abc,T,Vyncke,F,Danika,Danika Vyncke,RSA,S13,SB13,57005,S26,Summer Season 2026,SM13,R-2029
5ac496d76619e550,T,Vyncke,F,Ivana,Ivana Vyncke,RSA,S13,SB13,59311,S26,Summer Season 2026,SM13,R-2030
8f8134ffc978cb72,0,Alhambra Mollar,M,Enrique Jose,Enrique Jose Alhambra Mollar,ESP,S13,SB13,32494,S26,Summer Season 2026,SM13,R-2029
216ce708312e40a3,-,Amondarain Bernal,M,Borja,Borja Amondarain Bernal,ESP,S7,SB6,65475,S26,Summer Season 2026,SM7,N
6ff79aa1823d316f,-,Arias Arias,F,Alicia,Alicia Arias Arias,ESP,S3,SB2,68789,S26,Summer Season 2026,SM3,N
8e79632b88d7ab1e,8,Arribas Santayana,M,Ignacio,Ignacio Arribas Santayana,ESP,S10,SB9,26593,S26,Summer Season 2026,SM10,C
bbc8df78cb3279a3,-,Belahsen Assekkaj,M,Imran,Imran Belahsen Assekkaj,ESP,S7,SB6,62900,S26,Summer Season 2026,SM7,N
1d8a50392fb68374,"A, Y, E, 3, 5, 12, +",Campo Barbero,F,Julia,Julia Campo Barbero,ESP,S5,SB4,26526,S26,Summer Season 2026,SM5,R-2026
93583df5aebccf1c,"T, B",Cantero Elvira,M,Jose,Jose Cantero Elvira,ESP,S11,SB11,7432,S26,Summer Season 2026,SM11,R-2032
7ffcc204bcbe0f44,"A, 12",Castello Farre,F,Julia,Julia Castello Farre,ESP,S5,SB4,4027,S26,Summer Season 2026,SM5,C
d443254a82bb3287,"A, 1, 3, 4, 12, +",Castro Garcia,M,Mark,Mark Castro Garcia,ESP,S6,SB5,39413,S26,Summer Season 2026,SM6,R-2025
7a9a6dd360068024,"3, 5",Colomer I Roura,F,Berta,Berta Colomer I Roura,ESP,S10,SB9,62899,S26,Summer Season 2026,SM10,C
f4696aea3aeca3ad,-,Cortes Garcia,M,Luis,Luis Cortes Garcia,ESP,S9,SB8,62894,S26,Summer Season 2026,SM9,N
900c37b0c51e8374,"T, B",Dambelleh Jarra,M,Mahamadou,Mahamadou Dambelleh Jarra,ESP,S11,SB11,52591,S26,Summer Season 2026,SM11,R-2030
a458d4ce71f303e4,"H, A, 3, 5, 12, +",de La Cruz Flores,F,Isabel Shihuaying,Isabel Shihuaying de La Cruz Flores,ESP,S6,SB6,60413,S26,Summer Season 2026,SM6,R-2026
9cbf10a10718f593,-,del Bosque Vecino,M,Yasser,Yasser del Bosque Vecino,ESP,S7,SB6,65692,S26,Summer Season 2026,SM7,N
8b71c0a84c49fbce,T,Delgado Nadal,F,Maria,Maria Delgado Nadal,ESP,S12,SB12,18745,S26,Summer Season 2026,SM12,R-2030
f3418587761c2bc4,"1, 3, 5",Dmytriv Dmytriv,F,Anastasiya,Anastasiya Dmytriv Dmytriv,ESP,S9,SB8,52976,S26,Summer Season 2026,SM9,R-2027
0ab8ecfb75b1ebaa,T,Edo Beltran,F,Ariadna,Ariadna Edo Beltran,ESP,S13,SB13,22311,S26,Summer Season 2026,SM13,R-2029
eef7772ad8e467f4,"A, E",Erdozain Oterino,M,Mikel,Mikel Erdozain Oterino,ESP,S2,N/A,60195,S26,Summer Season 2026,N/A,R
f64fd9ce3fbb2f73,-,Eribo Saborido,M,Jones Osaghiren,Jones Osaghiren Eribo Saborido,ESP,S7,SB6,65693,S26,Summer Season 2026,SM7,N
2446d24aa27c49b7,"1, 3, 5",Escanilla Candial,M,Jian Wang,Jian Wang Escanilla Candial,ESP,S9,SB9,53790,S26,Summer Season 2026,SM9,C
84f72807841e85f0,"A, 3, 5, 12",Estrada Chavez,F,Aitana,Aitana Estrada Chavez,ESP,S6,SB5,39326,S26,Summer Season 2026,SM6,R-2030
080170421c1f0938,-,Feliu Martin,F,Emma,Emma Feliu Martin,ESP,S13,SB13,52590,S26,Summer Season 2026,SM13,R-2029
066d9bbcdeafd76c,"A, 12",Fernandez,M,Ivan,Ivan Fernandez,ESP,S4,SB3,3560,S26,Summer Season 2026,SM4,C
4c3da23e6af3bc1b,-,Fernandez Garcia,M,Pedro,Pedro Fernandez Garcia,ESP,S12,SB12,61638,S26,Summer Season 2026,SM12,R-2027
75b6993db73f9909,"A, E, 3, 5, 12",Fernandez Infante,F,Marta,Marta Fernandez Infante,ESP,S4,SB3,43326,S26,Summer Season 2026,SM4,R-2029
2044332111f56cdd,"A, 1, 2, 4, 12",Ferrer Robles,M,Daniel,Daniel Ferrer Robles,ESP,S4,SB3,39334,S26,Summer Season 2026,SM4,R-2028
b1f6122a29c2877a,T,Ferron Gutierrez,M,Juan,Juan Ferron Gutierrez,ESP,S12,SB12,42597,S26,Summer Season 2026,SM12,R-2030
c81d89013b1cc89d,8,Florencio Fernandez,M,Ian,Ian Florencio Fernandez,ESP,NE,SB9,61382,S26,Summer Season 2026,NE,C
6dfae82bf2c6f47b,"A, E, 3, 5, 12",Fontcuberta Cervera,F,Delia,Delia Fontcuberta Cervera,ESP,S3,SB3,42605,S26,Summer Season 2026,SM3,R-2028
ce868a9d54cef293,"A, 12",Garcia Grau,F,Berta,Berta Garcia Grau,ESP,S5,SB4,52536,S26,Summer Season 2026,SM5,C
f9420e83e0d6c73c,"12, +",Garrido Brun,M,Jacobo,Jacobo Garrido Brun,ESP,S9,SB8,29889,S26,Summer Season 2026,SM9,C
36e068fea7062110,"1, 3, 5",Gascon,F,Sarai,Sarai Gascon,ESP,S9,SB9,5942,S26,Summer Season 2026,SM9,C
8ceea18817b90b6e,"T, B",Gelis,M,Albert,Albert Gelis,ESP,S11,SB11,6756,S26,Summer Season 2026,SM11,R-2028
db4851fdcf09a894,"A, 3, 5, 12",Gil,M,Vicente,Vicente Gil,ESP,S4,SB3,3681,S26,Summer Season 2026,SM4,C
55e74f6034fa2ff1,T,Gonzalez Lopez,M,Adrian,Adrian Gonzalez Lopez,ESP,S13,SB13,61637,S26,Summer Season 2026,SM13,R-2030
1b5690fcccc048eb,"A, 12",Gonzalez Santos,M,Pau,Pau Gonzalez Santos,ESP,S5,SB5,36770,S26,Summer Season 2026,SM5,R-2027
37fcc143587fb5a8,"H, A, 1, 3, 5, 12, +",Huerta Poza,M,Luis,Luis Huerta Poza,ESP,S5,SB4,26664,S26,Summer Season 2026,SM5,C
8a56f7061122c3c6,"1, 3, 5",Jimenez Romero de Avila,F,Lydia,Lydia Jimenez Romero de Avila,ESP,S9,SB9,53787,S26,Summer Season 2026,SM9,C
9bf270d5f87732e1,-,Labrador Fernandez,M,Javier,Javier Labrador Fernandez,ESP,S14,SB14,41455,S26,Summer Season 2026,SM14,C
614fe1ca4c6deede,"12, +",Lerida Maldonado,F,Beatriz,Beatriz Lerida Maldonado,ESP,S9,SB8,42314,S26,Summer Season 2026,SM9,C
949e562249c67e0f,"1, 3, 5, 9",Llopis Sanz,M,Inigo,Inigo Llopis Sanz,ESP,S8,SB8,26484,S26,Summer Season 2026,SM8,R
0384878a9c244e30,"A, 12",Luque,M,Miguel,Miguel Luque,ESP,S4,SB3,3694,S26,Summer Season 2026,SM4,C
e316c87bc2b531b7,"12, +",Mari Alcaraz,M,Jose Antonio,Jose Antonio Mari Alcaraz,ESP,S9,SB8,5439,S26,Summer Season 2026,SM9,C
0a257ffffd6a57de,8,Marques Soto,F,Nuria,Nuria Marques Soto,ESP,S9,SB8,16211,S26,Summer Season 2026,SM9,C
22efba5ddc08a4c4,"1, 2, 4",Martinez Fernandez,M,Carlos,Carlos Martinez Fernandez,ESP,S8,SB8,26592,S26,Summer Season 2026,SM8,C
7f6d798721d1ac32,-,Martinez Vinas,F,Carlota,Carlota Martinez Vinas,ESP,S9,SB8,65658,S26,Summer Season 2026,SM9,N
5ca2913f882962cb,"A, 1, 2, 4",Martos Minguet,M,Sergio Salvador,Sergio Salvador Martos Minguet,ESP,S8,SB8,33928,S26,Summer Season 2026,SM8,C
76dfe5ce54e7953d,"A, 3, 5, 12",Masa Murillo,F,Julia,Julia Masa Murillo,ESP,S5,SB4,56954,S26,Summer Season 2026,SM5,R-2030
85754e3b38a8d033,"3, 5",Mata Orive,F,Yaiza,Yaiza Mata Orive,ESP,S10,SB9,64537,S26,Summer Season 2026,SM10,R-2028
b2427f92a0099da1,-,Mateo Puig,F,Paula,Paula Mateo Puig,ESP,S6,SB6,63749,S26,Summer Season 2026,SM6,N
300b1325747b5d80,-,Mera Tato,M,Hugo,Hugo Mera Tato,ESP,S10,SB9,65574,S26,Summer Season 2026,SM10,N
fdf13f89b03769ee,"3, 5, 12, +",Montero Marrades,M,Jaime,Jaime Montero Marrades,ESP,S10,SB9,52919,S26,Summer Season 2026,SM10,R-2026
56d5b58e66a1abf8,"A, E, 7, 12",Navarro Riofrio,M,Miguel Angel,Miguel Angel Navarro Riofrio,ESP,S1,SB1,57908,S26,Summer Season 2026,SM1,R-2026
be8004a66e98c737,"A, 3, 5, 12",Orti Campos,F,Leyre,Leyre Orti Campos,ESP,S7,SB6,7528,S26,Summer Season 2026,SM7,C
66dbdfc7cc245168,-,Otazua Zabilde,M,Juan,Juan Otazua Zabilde,ESP,S4,SB4,63786,S26,Summer Season 2026,SM4,N
3600c3b027d1ab19,"A, 12, +",Ozaeta Velasco,M,Marco,Marco Ozaeta Velasco,ESP,S8,SB7,51098,S26,Summer Season 2026,SM8,R-2026
aa944c0b14345192,"A, 12",Palau Galdon,M,Jorge Juan,Jorge Juan Palau Galdon,ESP,S7,SB6,39336,S26,Summer Season 2026,SM7,C
25a2f5d7b36cd523,"A, E, 1, 2, 4, 12",Perales,F,Teresa,Teresa Perales,ESP,S2,SB1,3847,S26,Summer Season 2026,SM2,R-2029
4d0f7ab947335ece,-,Pineda Caso,M,Cesar Antonio,Cesar Antonio Pineda Caso,ESP,S9,SB8,62896,S26,Summer Season 2026,SM9,N
5c20513274a6f2c9,"A, T, 12",Pinon Romero,M,Carlos,Carlos Pinon Romero,ESP,S5,SB4,60884,S26,Summer Season 2026,SM5,R-2029
b6c3211f17033502,0,Polo Lopez,F,Marian,Marian Polo Lopez,ESP,S13,SB13,19476,S26,Summer Season 2026,SM13,R-2027
49c29027d7e9afce,"A, 12",Ponce Bertran,M,Antoni,Antoni Ponce Bertran,ESP,S5,SB5,22574,S26,Summer Season 2026,SM5,R-2028
0376aeadc2dc852c,"A, 3, 5, 12, +",Quereda Rodriguez,F,Almudena,Almudena Quereda Rodriguez,ESP,S8,SB7,59304,S26,Summer Season 2026,SM8,R-2026
7f807119761e810c,"A, 1, 3, 4, 12, +",Rojas Cabrera,M,Alejandro Yared,Alejandro Yared Rojas Cabrera,ESP,S6,SB6,14919,S26,Summer Season 2026,SM6,R-2027
fbe8b16b4cead4ef,"3, 12",Roma Mangrinan,F,Maria Elena,Maria Elena Roma Mangrinan,ESP,S4,SB3,56330,S26,Summer Season 2026,SM4,R-2027
9437da2587b31aaa,-,Ruiz Urbaneja,M,Iker,Iker Ruiz Urbaneja,ESP,S9,SB8,65489,S26,Summer Season 2026,SM9,N
fc853c38fb32c3eb,"12, +",Sagastizabal Sanchez,F,Catalina,Catalina Sagastizabal Sanchez,ESP,S6,SB6,62901,S26,Summer Season 2026,SM6,R-2027
224e56123db59454,"A, 12, +",Saiz Sanchez,F,Anna,Anna Saiz Sanchez,ESP,S6,SB6,52614,S26,Summer Season 2026,SM6,R-2028
9af09e8ba5569b94,"1, 3, 5",Salguero Galisteo,M,Oscar,Oscar Salguero Galisteo,ESP,S9,SB8,23006,S26,Summer Season 2026,SM9,C
dc43abfb1007863a,T,Salguero Oteiza,M,Ivan,Ivan Salguero Oteiza,ESP,S12,SB12,14914,S26,Summer Season 2026,SM12,R-2028
4e3127c86d6e38aa,"A, 4, 12",Salinas Martinez,M,Francisco,Francisco Salinas Martinez,ESP,S4,SB3,26589,S26,Summer Season 2026,SM4,R-2019
f99d9f5fc60ad1d2,"A, 12, +",Sanchez Barquier,M,Alex,Alex Sanchez Barquier,ESP,S7,SB6,64022,S26,Summer Season 2026,SM7,R-2027
71a4c54dcf98122d,-,Sanchez Ollacarizqueta,F,Paula,Paula Sanchez Ollacarizqueta,ESP,S7,SB6,65640,S26,Summer Season 2026,SM7,N
60825966e98b9b7e,"A, Y, E, 3, 5",Sanchez Sierra,M,David,David Sanchez Sierra,ESP,S6,SB6,39311,S26,Summer Season 2026,SM6,C
7a23bf5a889816eb,T,Sanz Tamayo,M,Borja,Borja Sanz Tamayo,ESP,S12,SB12,35969,S26,Summer Season 2026,SM12,R-2028
3fb97c0822ab97a6,"1, 3, 5",Schrenck Martinez,M,Ariel Enrique,Ariel Enrique Schrenck Martinez,ESP,S9,SB9,33072,S26,Summer Season 2026,SM9,C
24bc18620d1bdee9,"1, 2, 4",Toledo Martinez,M,Carlos,Carlos Toledo Martinez,ESP,S8,SB8,55144,S26,Summer Season 2026,SM8,R-2027
980ea76c4959a759,"A, 3, 5, 12",Villa Gonzalez,F,Alba,Alba Villa Gonzalez,ESP,S5,SB4,26533,S26,Summer Season 2026,SM5,R-2026
c73cc3cc20d67771,-,Villarejo Martin,M,Alex,Alex Villarejo Martin,ESP,S12,SB12,52570,S26,Summer Season 2026,SM12,R-2028
1a2b20f41387b9e3,"A, 3, 5, 12, +",Zanon Bausach,M,Carlos,Carlos Zanon Bausach,ESP,S6,SB5,39335,S26,Summer Season 2026,SM6,R-2027
5c0506f3135c5956,"12, +",Zudaire Borrezo,F,Nahia,Nahia Zudaire Borrezo,ESP,S8,SB7,36253,S26,Summer Season 2026,SM8,C
d813009063de775a,"12, +",Basnayake,F,Galina,Galina Basnayake,SRI,S9,SB8,44586,S26,Summer Season 2026,SM9,R-2026
4c3c7e61c24f76bd,9,Rasheen,M,Naveed,Naveed Rasheen,SRI,S9,SB9,35692,S26,Summer Season 2026,SM9,C
600c1d141771bd6c,"A, 12, +",Andersson Wulf,F,Ida,Ida Andersson Wulf,SWE,S7,SB6,28525,S26,Summer Season 2026,SM7,C
5f93128857039881,"A, 3, 5, 12",Asman,M,Manfred,Manfred Asman,SWE,S4,SB3,54018,S26,Summer Season 2026,SM4,R-2029
daa162230d6a138c,"A, 12",Bergqvist,F,Signe,Signe Bergqvist,SWE,S7,SB6,62028,S26,Summer Season 2026,SM7,R-2027
07c59fc93c5a76ec,"A, 12, +",Faltman,F,Helena,Helena Faltman,SWE,S9,SB7,55937,S26,Summer Season 2026,SM9,R-2027
151304df6012ac26,9,Hakansson,M,Robin,Robin Hakansson,SWE,S9,SB8,68767,S26,Summer Season 2026,SM9,C
18247e1ebb704b62,"A, E",Hildebrand,M,Conrad,Conrad Hildebrand,SWE,S2,N/A,56027,S26,Summer Season 2026,N/A,C
c4ab4b81683b3cbe,"A, E, 7, 12",Johansson,F,Lova,Lova Johansson,SWE,S3,SB2,54022,S26,Summer Season 2026,SM3,C
054fddd0b5328869,-,Klasson,M,Tobias,Tobias Klasson,SWE,S14,SB14,41934,S26,Summer Season 2026,SM14,C
94227ce781cc6a41,0,Lindberg,F,Pernilla,Pernilla Lindberg,SWE,S14,SB14,14684,S26,Summer Season 2026,SM14,C
561a0ac7cd849c57,"12, +",Soderlind,M,Edvin,Edvin Soderlind,SWE,S6,SB6,54020,S26,Summer Season 2026,SM6,C
6050eec122ffbab7,"12, +",St Clair Maitland,F,Nicola,Nicola St Clair Maitland,SWE,S7,SB6,32180,S26,Summer Season 2026,SM7,C
05da0b12a5180710,-,Bieri,M,Florian Emanuel,Florian Emanuel Bieri,SUI,S10,SB9,63003,S26,Summer Season 2026,SM10,N
e85f33efc8b18ad5,-,Gutbrod,M,Alexander,Alexander Gutbrod,SUI,S9,SB9,26351,S26,Summer Season 2026,SM9,N
c265b8108bbfb8ef,"3, 5, 12, +",Luethi,F,Nadine,Nadine Luethi,SUI,S7,SB7,8009,S26,Summer Season 2026,SM7,C
b5b122c79b0fc791,"12, +",McCrea,M,Leo,Leo McCrea,SUI,S6,SB5,41182,S26,Summer Season 2026,SM6,C
2f406bf20ddfc14c,"A, 3, 5, 12, +",Meister,F,Nora,Nora Meister,SUI,S6,SB6,20540,S26,Summer Season 2026,SM6,C
495bb4371b0ce669,"A, 12",Murith,M,Bastien,Bastien Murith,SUI,S5,SB4,52793,S26,Summer Season 2026,SM5,C
c39ebf2dc4385abd,"A, 1, 3, 5, 12",Schacher,F,Monique,Monique Schacher,SUI,S4,SB3,13324,S26,Summer Season 2026,SM4,C
f4a4a37fa0b4d19d,"3, 5",Schneeberger,F,Mona Ida,Mona Ida Schneeberger,SUI,S10,SB9,62992,S26,Summer Season 2026,SM10,R-2029
cb44500feadb67b2,-,Siegenthaler,M,Yanick,Yanick Siegenthaler,SUI,S7,SB7,63324,S26,Summer Season 2026,SM7,N
38313b4a0fcd5609,-,Stemann,M,Bennet,Bennet Stemann,SUI,S10,SB9,68678,S26,Summer Season 2026,SM10,N
e948ea41488a6d96,"A, Y, E, 3, 5",Tuennemann,M,Jan Christoph,Jan Christoph Tuennemann,SUI,S8,SB8,62993,S26,Summer Season 2026,SM8,C
46ba82a5dea47b2d,-,Chang,F,Chih-Hsu,Chih-Hsu Chang,TPE,S9,SB8,68710,S26,Summer Season 2026,SM9,N
75aa7ec46dd5e8f8,"12, +",Chang,M,Wei-Chieh,Wei-Chieh Chang,TPE,S7,SB6,23427,S26,Summer Season 2026,SM7,C
df1522a0374eaeb5,-,Chen,M,Jie-Cheng,Jie-Cheng Chen,TPE,S14,SB14,43338,S26,Summer Season 2026,SM14,C
c9b4f38c6243530d,"1, 3, 5",Chiang,F,Man-Ling,Man-Ling Chiang,TPE,S9,SB9,52147,S26,Summer Season 2026,SM9,C
19a01d96a84e871e,T,Chou,M,Yen-Ting,Yen-Ting Chou,TPE,S13,SB13,52149,S26,Summer Season 2026,SM13,R-2029
e6e3d942edccd1d3,"3, 5",Hsieh,F,Wan-Chen,Wan-Chen Hsieh,TPE,S10,SB9,56977,S26,Summer Season 2026,SM10,C
943af14a346d2d8c,"3, 5",Hsu,M,Chih-Yung,Chih-Yung Hsu,TPE,S10,SB9,63999,S26,Summer Season 2026,SM10,C
ddd4cded7e8837ad,"3, 5, 12, +",Huang,M,Cheng-Chuan,Cheng-Chuan Huang,TPE,S7,SB6,64003,S26,Summer Season 2026,SM7,C
8f1847b48f75878b,"T, B",Lin,M,Li-Shiang,Li-Shiang Lin,TPE,S11,SB11,53821,S26,Summer Season 2026,SM11,C
b9c54a8828960216,0,Lin,M,Shin Wei,Shin Wei Lin,TPE,S12,SB12,6986,S26,Summer Season 2026,SM12,R-2027
4ed94ad0c1aa6c85,"A, Y, E, 7",Lin,M,Yu-Su,Yu-Su Lin,TPE,S5,SB6,58513,S26,Summer Season 2026,SM5,C
e17f5925463dbc7c,-,Shih,M,Min-Hsuan,Min-Hsuan Shih,TPE,S14,SB14,41353,S26,Summer Season 2026,SM14,C
f0a5cb7bc431a6bb,"A, 12, +",Tiunn,F,I-Kun,I-Kun Tiunn,TPE,S8,SB7,64002,S26,Summer Season 2026,SM8,R-2027
9a258ce1df83f8c9,-,Tung,F,Yi-An,Yi-An Tung,TPE,S14,SB14,41290,S26,Summer Season 2026,SM14,C
51b750b1625fe6e3,T,Wu,M,Chun-You,Chun-You Wu,TPE,S12,SB12,64000,S26,Summer Season 2026,SM12,R-2027
76a6313441d9b8be,-,Yang,M,Che-Wei,Che-Wei Yang,TPE,S14,SB14,66305,S26,Summer Season 2026,SM14,R-2029
253e983253999fe5,T,Yeh,M,Feng-Yuan,Feng-Yuan Yeh,TPE,S13,SB13,63987,S26,Summer Season 2026,SM13,R-2030
ec0dda664dab4e9a,"A, 1, 3, 5, 12, +",Aingchaiyaphum,M,Phuchit,Phuchit Aingchaiyaphum,THA,S5,SB5,35300,S26,Summer Season 2026,SM5,C
f43237860c2108e1,-,Atisoontornkul,M,Pawee,Pawee Atisoontornkul,THA,S14,SB14,68236,S26,Summer Season 2026,SM14,R-2029
59fe1c88f72a6ce0,"1, 3, 5",Chaikaewma,M,Tachin,Tachin Chaikaewma,THA,S9,SB8,68242,S26,Summer Season 2026,SM9,R-2029
eb37ccbaf26e8c09,-,Chaiprapha,F,Phetploi,Phetploi Chaiprapha,THA,S2,SB2,68239,S26,Summer Season 2026,SM2,N
483ce41c3efd14b6,"1, 3, 5, 12, +",Chaitawittanun,M,Tongkunlong,Tongkunlong Chaitawittanun,THA,S6,SB5,51666,S26,Summer Season 2026,SM6,R-2027
1f4131bf251587a3,"1, 3, 5",Chaiwong,F,Prakaithip,Prakaithip Chaiwong,THA,S9,SB9,35378,S26,Summer Season 2026,SM9,C
828324aacbe09908,-,Chaiyas,M,Chollatan,Chollatan Chaiyas,THA,S11,SB11,68231,S26,Summer Season 2026,SM11,N
45ab2599dc7c8769,"12, +",Chanin,F,Patcharin,Patcharin Chanin,THA,S8,SB7,68238,S26,Summer Season 2026,SM8,R
e1cfbf0bd9af5654,"A, 1, 3, 5, 12, +",Chanlam,M,Parkarn,Parkarn Chanlam,THA,S5,SB5,59859,S26,Summer Season 2026,SM5,R-2027
54cfce20dcc7d0db,-,Chaysri,M,Parami,Parami Chaysri,THA,S14,SB14,54511,S26,Summer Season 2026,SM14,R-2026
51f95610625c0283,"T, B",Chokniramit,M,Adisorn,Adisorn Chokniramit,THA,S11,SB11,35254,S26,Summer Season 2026,SM11,R-2026
1904c7d20ced6731,0,Chuvong,M,Jirachot,Jirachot Chuvong,THA,S14,SB14,35381,S26,Summer Season 2026,SM14,C
0aed74af42bdcdd2,-,Hasmoah,F,Panita,Panita Hasmoah,THA,S14,SB14,43850,S26,Summer Season 2026,SM14,R
89a594328d524e7c,"T, B",Hitakun,M,Thanongsak,Thanongsak Hitakun,THA,S11,SB11,6582,S26,Summer Season 2026,SM11,C
be69acb4fd3d7c66,0,In-Choo,M,Wachirawit,Wachirawit In-Choo,THA,S14,SB14,38948,S26,Summer Season 2026,SM14,C
ce3190c30a8ee345,-,Jeampiriyakul,M,Nithikorn,Nithikorn Jeampiriyakul,THA,S14,SB14,68234,S26,Summer Season 2026,SM14,R-2027
c8475aa4d294f355,"A, E, 7, 12, +",Kaewsri,M,Charkorn,Charkorn Kaewsri,THA,S3,SB2,3529,S26,Summer Season 2026,SM3,C
a94b88340f77ed62,"3, 5",Kangpila,F,Monruedee,Monruedee Kangpila,THA,S10,SB9,35375,S26,Summer Season 2026,SM10,C
3dc36f8c78977bcd,"1, 3, 5",Ketkeaw,F,Anchaya,Anchaya Ketkeaw,THA,S9,SB9,7146,S26,Summer Season 2026,SM9,C
d72f14233a4e270c,-,Khajhonmatha,F,Nattharinee,Nattharinee Khajhonmatha,THA,S14,SB14,42316,S26,Summer Season 2026,SM14,C
48cbe77ba840832a,T,Khalek,M,Khanawat,Khanawat Khalek,THA,S12,SB12,56920,S26,Summer Season 2026,SM12,R-2027
afd3fa62d9cdb17f,"1, 3, 5",Komkaew,F,Surerut,Surerut Komkaew,THA,S9,SB9,5974,S26,Summer Season 2026,SM9,C
021dc263f2f924ed,"A, 12",Kongsripilarom,M,Nattawut,Nattawut Kongsripilarom,THA,S4,SB4,59332,S26,Summer Season 2026,SM4,R-2026
05fa3ef8a4097622,-,Kumarasing,M,Phakhawat,Phakhawat Kumarasing,THA,S14,SB14,60305,S26,Summer Season 2026,SM14,R-2026
ccc9981931e1546b,-,Meeprom,M,Natirat,Natirat Meeprom,THA,S14,SB14,60304,S26,Summer Season 2026,SM14,R-2026
3fcc6504ec6cdef9,"T, B",Mueanpong,M,Sukrid,Sukrid Mueanpong,THA,S11,SB11,35249,S26,Summer Season 2026,SM11,C
8a11eb1b7f350faa,"A, Y, E, 7, 12, +",Nakananram,M,Methasit,Methasit Nakananram,THA,S3,SB2,59855,S26,Summer Season 2026,SM3,R-2027
b5c9fd35d4bcd903,-,Nambut,F,Fasai,Fasai Nambut,THA,S7,SB7,68241,S26,Summer Season 2026,SM7,N
26ac2ffc48e94026,"A, 12",Namnoi,M,Phuvanart,Phuvanart Namnoi,THA,S5,SB4,53844,S26,Summer Season 2026,SM5,R-2025
5d6bd6ada947e5b1,-,Nanthsai,F,Arada,Arada Nanthsai,THA,S14,SB14,68235,S26,Summer Season 2026,SM14,R-2029
0565af9daf9e50f1,"A, Y, E, 7, 12, +",Noithat,M,Aekkarin,Aekkarin Noithat,THA,S6,SB6,49229,S26,Summer Season 2026,SM6,C
4f7fc9f580e8be9d,-,Pattanasak,M,Puttipong,Puttipong Pattanasak,THA,S9,SB8,59858,S26,Summer Season 2026,SM9,N
e17d4ad1df046f13,"A, 12",Phimsan,F,Na Thee,Na Thee Phimsan,THA,S7,SB5,59865,S26,Summer Season 2026,SM7,R
84d94f5448011e41,-,Phukaew,M,Kamonphu,Kamonphu Phukaew,THA,S5,SB4,68240,S26,Summer Season 2026,SM5,N
4933872e329d39aa,-,Phukhamkhom,M,Phasit,Phasit Phukhamkhom,THA,S10,SB9,59856,S26,Summer Season 2026,SM10,N
5809ae8adc990cb1,-,Pokaew,M,Suwasin,Suwasin Pokaew,THA,S11,SB11,68232,S26,Summer Season 2026,SM11,N
52cf5fc820d69560,-,Ritkamlang,M,Namchai,Namchai Ritkamlang,THA,S4,SB3,64073,S26,Summer Season 2026,SM4,N
4cf95fc7d0449552,9,Ropkob,M,Nantawat,Nantawat Ropkob,THA,S9,SB8,55117,S26,Summer Season 2026,SM9,R-2025
82d607aefb330003,-,Runnarongchai,F,Wanphen,Wanphen Runnarongchai,THA,S3,SB2,63825,S26,Summer Season 2026,SM3,N
0e8ac7b5baeffb1b,"3, 5",Samathi,M,Sampachan,Sampachan Samathi,THA,S10,SB9,49234,S26,Summer Season 2026,SM10,C
f6484f1108fdd439,"3, 5, 12, +",Singhmanon,M,Patchara,Patchara Singhmanon,THA,S8,SB7,35377,S26,Summer Season 2026,SM8,C
a1dedeb2787b1ef0,"A, 12",Sittichaiphonniti,M,Kaweewat,Kaweewat Sittichaiphonniti,THA,S7,SB6,4700,S26,Summer Season 2026,SM7,R
86c9f9dcb6180865,"A, Y, E, 7",Songwichean,M,Eakapan,Eakapan Songwichean,THA,S5,SB6,35373,S26,Summer Season 2026,SM5,C
29b269b637ae7806,"T, B",Sonsamrong,M,Chom,Chom Sonsamrong,THA,S11,SB11,41862,S26,Summer Season 2026,SM11,C
7a354ea216202070,"12, +",Srichanpliw,F,Mesa,Mesa Srichanpliw,THA,S9,SB8,51667,S26,Summer Season 2026,SM9,R-2024
a4e65a76d6d5bad5,"A, 12, +",Sutcharoen,M,Thawilap,Thawilap Sutcharoen,THA,S7,SB6,56319,S26,Summer Season 2026,SM7,C
af2e04fcb7b85cf2,-,Suwanchairob,M,Montri,Montri Suwanchairob,THA,S10,SB9,63824,S26,Summer Season 2026,SM10,N
8f89de12154132ed,"Y, E, 3, 5, 8",Tabthong,M,Yongyoot,Yongyoot Tabthong,THA,S6,SB6,23527,S26,Summer Season 2026,SM6,C
6ba459f83d11ba9e,-,Thavornvasu,F,Wachiraphon,Wachiraphon Thavornvasu,THA,S14,SB14,65328,S26,Summer Season 2026,SM14,R-2026
78ecf6b96b587341,"A, Y, E, 7, 9",Thongrueang,F,Plaifa,Plaifa Thongrueang,THA,S3,SB3,68237,S26,Summer Season 2026,SM3,R-2028
511c057f93ecc1b5,-,Uttisen,F,Luksika,Luksika Uttisen,THA,S14,SB14,57055,S26,Summer Season 2026,SM14,C
c6e81e35e9d5c825,"*, 6, 12, +",Vipod,F,Panisa,Panisa Vipod,THA,S8,SB8,35294,S26,Summer Season 2026,SM8,R
c321d9701e91bab2,"*, A, Y, E, 7",Wiprajong,M,Natthaphong,Natthaphong Wiprajong,THA,S6,SB7,23561,S26,Summer Season 2026,SM6,R
1ab4e82b484e4d6e,-,Withetsuksom,M,Anan,Anan Withetsuksom,THA,S12,SB12,42470,S26,Summer Season 2026,SM12,R-2026
0b4e6298d02e1e3a,"A, 3, 5, 12",Wongnonthaphoom,F,Wilasini,Wilasini Wongnonthaphoom,THA,S5,SB4,5200,S26,Summer Season 2026,SM5,R-2026
bea41ce15ea09af0,"3, 5, 12, +",Wongnonthaphum,M,Channi,Channi Wongnonthaphum,THA,S6,SB5,4887,S26,Summer Season 2026,SM6,R
8e145c6d21988c2a,-,Yingchuros,M,Naphatsakon,Naphatsakon Yingchuros,THA,S13,SB13,68233,S26,Summer Season 2026,SM13,N
129f2f94e22443b2,0,Acikgoz,F,Secil,Secil Acikgoz,TUR,S14,SB14,24131,S26,Summer Season 2026,SM14,C
528a711f8e85aed7,-,Akbulut,M,Ibrahim,Ibrahim Akbulut,TUR,S2,,64410,S26,Summer Season 2026,,
6a34b4a45fdcce30,"*, A, 12",Akyildiz,M,Beytullah,Beytullah Akyildiz,TUR,S3,SB2,29986,S26,Summer Season 2026,SM3,R
29d7707076f43577,-,Aladag,M,Ahmet Kaan,Ahmet Kaan Aladag,TUR,S5,SB5,64137,S26,Summer Season 2026,SM5,N
a61f922f2d95fdf5,"T, B",Ates,F,Cemre,Cemre Ates,TUR,S11,SB11,52970,S26,Summer Season 2026,SM11,R-2030
1be8e5ddae34cf74,-,Ates,M,Utku Eymen,Utku Eymen Ates,TUR,S6,SB6,60216,S26,Summer Season 2026,SM6,N
6065c604369a4b95,9,Aydin,F,Zeynep Ahsen,Zeynep Ahsen Aydin,TUR,S9,SB8,60218,S26,Summer Season 2026,SM9,R-2028
649bbc072c5cdd22,-,Bakkal,M,Ahmet Cinar,Ahmet Cinar Bakkal,TUR,S9,SB8,62440,S26,Summer Season 2026,SM9,N
343143e80251a467,"A, Y, E",Bilge,F,Ebrar,Ebrar Bilge,TUR,S2,N/A,63272,S26,Summer Season 2026,N/A,R-2027
b9fcd6278655231f,"A, Y, E, 7, 12, +",Boyaci,F,Sumeyye,Sumeyye Boyaci,TUR,S5,SB6,29990,S26,Summer Season 2026,SM5,C
db515607fe4bd7e8,-,Butun,F,Ecrin,Ecrin Butun,TUR,S4,SB4,60208,S26,Summer Season 2026,SM4,N
757673872c787eb3,-,Cakir,M,Yunus Emre,Yunus Emre Cakir,TUR,S14,,68824,S26,Summer Season 2026,,
697dba457d9e10b9,"12, +",Camanli,M,Efe,Efe Camanli,TUR,S9,SB8,63655,S26,Summer Season 2026,SM9,R-2027
611df4b94d9a4aa3,-,Ciftci,F,Zeynep Duru,Zeynep Duru Ciftci,TUR,S14,SB14,68446,S26,Summer Season 2026,SM14,N
350017d3d3f8a649,-,Coban,F,Fatma,Fatma Coban,TUR,S6,SB6,68444,S26,Summer Season 2026,SM6,N
6c8e57bad00b935e,"A, Y, E, 7, 12",Demir,M,Hamit,Hamit Demir,TUR,S4,SB3,20670,S26,Summer Season 2026,SM4,C
e6d782dda5d2cfa2,-,Demirdag,F,Cemre,Cemre Demirdag,TUR,S13,SB13,68445,S26,Summer Season 2026,SM13,R
bd1441ddc38adc70,-,Eraslan,M,Destan,Destan Eraslan,TUR,S13,SB13,68599,S26,Summer Season 2026,SM13,N
05d7f8c79aaa1d92,"A, Y, E",Erbey,F,Melisa Destan,Melisa Destan Erbey,TUR,S4,N/A,64409,S26,Summer Season 2026,N/A,R
0b7fa407250b475a,"12, +",Gunduz,M,Yusuf Efe,Yusuf Efe Gunduz,TUR,S10,SB9,62438,S26,Summer Season 2026,SM10,R-2027
361a95b2e1e07903,"A, E",Ildem,F,Elif,Elif Ildem,TUR,S1,N/A,30475,S26,Summer Season 2026,N/A,R-2029
4ab732648f0c383e,"A, 12",Karagun,M,Muhammed Mustafa,Muhammed Mustafa Karagun,TUR,S6,SB6,59394,S26,Summer Season 2026,SM6,R-2026
06fe7998293354ab,"A, 3, 5, 9",Kirtik,F,Irem Serra,Irem Serra Kirtik,TUR,S10,SB9,60204,S26,Summer Season 2026,SM10,R-2026
11984e6a7c364f64,-,Kizilet,M,Yaman Ruzgar,Yaman Ruzgar Kizilet,TUR,S13,SB13,52972,S26,Summer Season 2026,SM13,R-2030
a35fa143f62b37de,"A, E",Kocak,M,Burak,Burak Kocak,TUR,S2,N/A,60209,S26,Summer Season 2026,N/A,R-2027
ab490afe9665db5c,"A, 12, +",Kurt,F,Defne,Defne Kurt,TUR,S10,SB9,63271,S26,Summer Season 2026,SM10,R-2027
9b4fa4612fc2b44a,"A, 1, 3, 4, 12, +",Kutlu,M,Koral Berkin,Koral Berkin Kutlu,TUR,S5,SB4,35825,S26,Summer Season 2026,SM5,C
32bfecb895bf8590,-,Ozbek,F,Zeynep,Zeynep Ozbek,TUR,S7,SB7,60219,S26,Summer Season 2026,SM7,N
571fb0114c55d0d0,-,Ozdemir,M,Eymen,Eymen Ozdemir,TUR,S14,SB14,65785,S26,Summer Season 2026,SM14,N
0d6a7945f38074ca,-,Ozdemir,M,Korcan Bulut,Korcan Bulut Ozdemir,TUR,S14,SB14,65786,S26,Summer Season 2026,SM14,R-2027
1234b94cac27070c,"A, Y, E, 7",Ozturk,F,Sevilay,Sevilay Ozturk,TUR,S5,SB6,30461,S26,Summer Season 2026,SM5,C
6b5a69fe6956943e,"A, E",Polat,M,Serhat,Serhat Polat,TUR,S3,N/A,49315,S26,Summer Season 2026,N/A,R-2026
44b6f2fbd7ce7b78,8,Sahin,F,Melisa,Melisa Sahin,TUR,S10,SB9,63658,S26,Summer Season 2026,SM10,R-2027
2083662297228414,"A, 12",Sahin,F,Nil,Nil Sahin,TUR,S7,SB6,30462,S26,Summer Season 2026,SM7,C
0103ffdc1dcc08e7,"12, +",Senel,M,Ugur,Ugur Senel,TUR,S6,SB6,36568,S26,Summer Season 2026,SM6,C
7fa213d6bdef66bd,"A, Y, E, 7, 12, +",Simsek,M,Baran Doruk,Baran Doruk Simsek,TUR,S5,SB5,52655,S26,Summer Season 2026,SM5,R-2027
6bf42d188994d4c0,"H, A, 3, 5, 12, +",Tunug,F,Meryem Nur,Meryem Nur Tunug,TUR,S5,SB5,52653,S26,Summer Season 2026,SM5,R-2027
a106d70dc9acd743,"A, Y, E, 3, 5, 12, +",Unlu,M,Umut,Umut Unlu,TUR,S3,SB2,57515,S26,Summer Season 2026,SM3,C
80e66e8e9a0ec027,"A, 12, +",Yaraman,M,Turgut Aslan,Turgut Aslan Yaraman,TUR,S8,SB7,42556,S26,Summer Season 2026,SM8,R-2031
ecea951901d0d5a8,T,Yergezen,F,Ceren,Ceren Yergezen,TUR,S13,SB13,52971,S26,Summer Season 2026,SM13,R-2030
658ce635b1935125,-,Yilmazoglu,M,Ulas,Ulas Yilmazoglu,TUR,S14,SB14,65787,S26,Summer Season 2026,SM14,R-2027
7dafc3bee5986656,"A, Y, E, 7",Yuce,F,Esra,Esra Yuce,TUR,S5,SB5,60207,S26,Summer Season 2026,SM5,R-2030
1196bfcbb5274239,"12, +",Asiimwe,M,Joshua Muyunga,Joshua Muyunga Asiimwe,UGA,S9,SB8,68527,S26,Summer Season 2026,SM9,R-2029
713edd8ac96156d7,"1, 3, 5",Kukundakwe,F,Husnah,Husnah Kukundakwe,UGA,S8,SB8,35686,S26,Summer Season 2026,SM8,R-2027
7083261aea189dec,"1, 3, 5",Nakazibwe,F,Condoleeza Nyamisanga,Condoleeza Nyamisanga Nakazibwe,UGA,S9,SB8,62898,S26,Summer Season 2026,SM9,R-2027
3297e75c1cac37a2,"3, 5",Ssekitende,M,Enock,Enock Ssekitende,UGA,S9,SB9,63392,S26,Summer Season 2026,SM9,R-2027
fb5c2c4acacea878,"T, B",Baranchuk,M,Maksym,Maksym Baranchuk,UKR,S11,SB11,57078,S26,Summer Season 2026,SM11,R-2027
e637b6636a25d383,-,Bielyi,M,Danyil,Danyil Bielyi,UKR,S7,SB7,68353,S26,Summer Season 2026,SM7,N
159af3996da89a03,"A, 1, 3, 5, 12, +",Bohodaiko,M,Yevhenii,Yevhenii Bohodaiko,UKR,S7,SB6,8935,S26,Summer Season 2026,SM7,C
f83a64cff2430e8a,"5, 12, +",Bozhynskyi,M,Yurii,Yurii Bozhynskyi,UKR,S9,SB7,17858,S26,Summer Season 2026,SM9,C
3163d4124d876f87,-,Chepets,M,Mykyta,Mykyta Chepets,UKR,S4,SB3,63244,S26,Summer Season 2026,SM4,N
1a94d608002b8e29,"T, B",Chufarov,M,Danylo,Danylo Chufarov,UKR,S11,SB11,6921,S26,Summer Season 2026,SM11,C
8a51f3e0dae78013,"A, 3, 5, 12",Drapkin,M,Andrii,Andrii Drapkin,UKR,S6,SB5,52473,S26,Summer Season 2026,SM6,R-2026
46992f7f39a02fb8,"A, 12",Fedorenko,F,Sofiia,Sofiia Fedorenko,UKR,S6,SB5,49953,S26,Summer Season 2026,SM6,C
da3d8fe8436af439,0,Fedyna,M,Oleksii,Oleksii Fedyna,UKR,S13,SB13,6937,S26,Summer Season 2026,SM13,R-2028
962495f1f18d4d84,"A, 3, 5, 12",Hontar,F,Anna,Anna Hontar,UKR,S7,SB6,32249,S26,Summer Season 2026,SM7,R-2029
ce8b84b773520a81,"1, 2, 4",Horodianyn,M,Eduard,Eduard Horodianyn,UKR,S8,SB8,56209,S26,Summer Season 2026,SM8,C
7f782a59ac5a3c6f,"A, 3, 5, 12, +",Hrynenko,M,Bohdan,Bohdan Hrynenko,UKR,S8,SB7,17226,S26,Summer Season 2026,SM8,C
963d6370a1e79b4c,"3, 5, 12, +",Karpenko,M,Yaroslav,Yaroslav Karpenko,UKR,S7,SB7,63245,S26,Summer Season 2026,SM7,R-2027
92e2e722debbc7f8,"A, E, 7, 12",Kol,M,Anton,Anton Kol,UKR,S1,N/A,19808,S26,Summer Season 2026,N/A,C
8be70b26aecaadb4,"A, 12",Komarov,M,Oleksandr,Oleksandr Komarov,UKR,S5,SB4,4600,S26,Summer Season 2026,SM5,R-2027
ca16f0961185f65f,"A, 12, +",Korzhova,F,Veronika,Veronika Korzhova,UKR,S7,SB6,52485,S26,Summer Season 2026,SM7,C
b6837ab43ba82437,"A, 3, 5, 12, +",Koshman,M,Vladyslav,Vladyslav Koshman,UKR,S6,SB5,56212,S26,Summer Season 2026,SM6,C
b4d621be9e424312,0,Krainyk,M,Vasyl,Vasyl Krainyk,UKR,S14,SB14,36673,S26,Summer Season 2026,SM14,C
2d2673472db9a5d9,"A, E",Maltseva,F,Anhelina,Anhelina Maltseva,UKR,S2,N/A,59867,S26,Summer Season 2026,N/A,R
aa83b9414394b3d0,"1, 3, 4, 12, +",Mandryka,M,Yevhenii,Yevhenii Mandryka,UKR,S8,SB7,56211,S26,Summer Season 2026,SM8,R-2027
92c9a116af3f5e1e,-,Monov,M,Danylo,Danylo Monov,UKR,NE,NE,68692,S26,Summer Season 2026,NE,C
a65dc535e00a4e70,T,Mychka,M,Roman,Roman Mychka,UKR,S12,SB12,56982,S26,Summer Season 2026,SM12,R-2030
446c7bf615bcb407,"12, +",Nimchenko,M,Ihor,Ihor Nimchenko,UKR,S10,SB9,49951,S26,Summer Season 2026,SM10,C
daf2c2699ca1da19,"A, E, 3, 5, 12",Oliinyk,M,Artem,Artem Oliinyk,UKR,S5,SB4,63239,S26,Summer Season 2026,SM5,R-2028
21016f42bb146b5f,"A, Y, E, 7, 12",Ostapchenko,M,Denys,Denys Ostapchenko,UKR,S3,CNC,32247,S26,Summer Season 2026,CNC,R
f5262e89532c063c,"A, E",Palamarchuk,M,Serhii,Serhii Palamarchuk,UKR,S3,N/A,19802,S26,Summer Season 2026,N/A,C
6f418404d106ed74,"A, E, 3, 12",Poida,F,Iryna,Iryna Poida,UKR,CNC,CNC,41703,S26,Summer Season 2026,CNC,R
c4d1308c8084b3b1,"A, 3, 5, 12, +",Poida,M,Kyrylo,Kyrylo Poida,UKR,S8,SB7,59895,S26,Summer Season 2026,SM8,R-2027
e292326d89bd1e1c,"A, E, 12",Polishchuk,F,Hanna,Hanna Polishchuk,UKR,S5,SB4,61369,S26,Summer Season 2026,SM5,R-2028
f3fc0f25016f275d,9,Popov,M,Stanislav,Stanislav Popov,UKR,S10,SB9,39358,S26,Summer Season 2026,SM10,C
549b03ef8be86afd,"T, B",Popova,F,Yaryna,Yaryna Popova,UKR,S11,SB11,56208,S26,Summer Season 2026,SM11,R-2027
02ace8886bc9aca2,"A, 3, 5, 12",Safonova,F,Yuliia,Yuliia Safonova,UKR,S4,SB3,41704,S26,Summer Season 2026,SM4,R-2026
ab1fdd68040febde,"A, Y, E, 7",Semenenko,M,Yaroslav,Yaroslav Semenenko,UKR,S5,SB6,4438,S26,Summer Season 2026,SM5,C
938343f13d3dd634,"A, 12",Semenykhin,M,Danylo,Danylo Semenykhin,UKR,S6,SB5,56213,S26,Summer Season 2026,SM6,C
2a716c99583be79c,"T, B",Serbin,M,Mykhailo,Mykhailo Serbin,UKR,S11,SB11,39351,S26,Summer Season 2026,SM11,C
0105fcf0bdd1685b,"A, 12, +",Shenhur,M,Yurii,Yurii Shenhur,UKR,S8,SB7,56210,S26,Summer Season 2026,SM8,R-2029
0eeefe4f657e78e4,-,Sukhanov,M,Dmytro,Dmytro Sukhanov,UKR,S13,SB13,56985,S26,Summer Season 2026,SM13,R-2028
08051f763630ea24,"T, B",Tkachuk,F,Kateryna,Kateryna Tkachuk,UKR,S11,SB11,30172,S26,Summer Season 2026,SM11,C
72903ac1094916ef,"A, 12, +",Trusov,M,Andrii,Andrii Trusov,UKR,S7,SB6,32250,S26,Summer Season 2026,SM7,C
1b3ba7f90a451682,-,Vanzenko,M,Dmytro,Dmytro Vanzenko,UKR,S14,SB14,22562,S26,Summer Season 2026,SM14,C
beb9682ec20d50ec,"A, 12, +",Vasylenko,M,Dmytro,Dmytro Vasylenko,UKR,S9,SB8,52472,S26,Summer Season 2026,SM9,R-2027
7a4440ab91847adf,0,Veraksa,M,Maksym,Maksym Veraksa,UKR,S12,SB12,6889,S26,Summer Season 2026,SM12,R-2030
79f131f54ba78f0b,"A, E, 3, 5, 12",Verbova,F,Maryna,Maryna Verbova,UKR,S4,SB3,19809,S26,Summer Season 2026,SM4,C
df4fea9856682c72,0,Virchenko,M,Oleksii,Oleksii Virchenko,UKR,S13,SB13,41777,S26,Summer Season 2026,SM13,R-2029
cbd32bd50cad9f7a,"A, Y, E, 12",Vynohradets',M,Dmytro,Dmytro Vynohradets',UKR,S4,SB3,3461,S26,Summer Season 2026,SM4,C
13718d1829e00b9b,0,Yaremenko,M,Illia,Illia Yaremenko,UKR,S12,SB12,19526,S26,Summer Season 2026,SM12,R-2028
fa0bb2941c5fddd7,8,Aspden,F,Hannah,Hannah Aspden,USA,S9,SB8,14922,S26,Summer Season 2026,SM9,C
f85b2b7241ddc2a9,-,Barton,M,Isaac,Isaac Barton,USA,S10,SB9,61354,S26,Summer Season 2026,SM10,N
8792d9e3df47e58c,-,Bauer,F,Chiara,Chiara Bauer,USA,S8,SB8,53170,S26,Summer Season 2026,SM8,N
e8b73e35e970a16d,-,Berger,F,Daniella,Daniella Berger,USA,S10,SB9,68844,S26,Summer Season 2026,SM10,N
b742c1a88af510a1,"12, +",Bofinger,F,Sarah,Sarah Bofinger,USA,NE,SB9,49195,S26,Summer Season 2026,NE,C
71da1a4410e16a84,"12, +",Boyd,M,Koehn,Koehn Boyd,USA,S10,SB9,62537,S26,Summer Season 2026,SM10,R-2027
d37948909355465d,"1, 3, 5",Busch,M,Noah,Noah Busch,USA,S9,SB9,57976,S26,Summer Season 2026,SM9,R-2027
df3f6b94b83c7932,T,Chambers,F,Olivia,Olivia Chambers,USA,S12,SB12,53432,S26,Summer Season 2026,SM12,R-2030
1303ffda03d819ea,-,Cieslik,F,Amelia,Amelia Cieslik,USA,S6,SB6,69006,S26,Summer Season 2026,SM6,N
847adee59e95a5dd,-,Clark,F,Mia,Mia Clark,USA,CNC,CNC,53470,S26,Summer Season 2026,CNC,R
82a77390a0a93415,"H, A, 12, +",Coan,F,McKenzie,McKenzie Coan,USA,S7,SB6,5497,S26,Summer Season 2026,SM7,C
94e79b6315b86e7a,-,Comer,F,Lucy,Lucy Comer,USA,S10,SB9,59212,S26,Summer Season 2026,SM10,N
06a73fd9c3ee50c1,8,Conrad,F,Brittany,Brittany Conrad,USA,S9,SB8,56458,S26,Summer Season 2026,SM9,R-2027
679c4b77d16fc494,-,Cordero,M,Eric,Eric Cordero,USA,S14,SB14,66384,S26,Summer Season 2026,SM14,R-2027
d2d756a30d69bc93,"12, +",Culotta,M,Lucas,Lucas Culotta,USA,S8,SB7,56332,S26,Summer Season 2026,SM8,R-2028
eb96f94feb094103,-,Delgado,M,Gabriel,Gabriel Delgado,USA,S8,SB7,70893,S26,Summer Season 2026,SM8,N
c469ba879c234d20,-,Dillingham,F,Miah,Miah Dillingham,USA,S7,SB6,61100,S26,Summer Season 2026,SM7,N
30f766acc4ff48df,-,Dobson,F,Lily,Lily Dobson,USA,S6,SB5,59962,S26,Summer Season 2026,SM6,N
a81d2c1e6d56426e,-,Donnan,M,Timothy,Timothy Donnan,USA,S9,SB8,59410,S26,Summer Season 2026,SM9,N
1f66f5a032303559,"*, 12, +",Eicholzer,M,Lander,Lander Eicholzer,USA,S8,SB8,21882,S26,Summer Season 2026,SM8,R
f8017e5ef427feca,"1, 3, 5",Eidelman,M,Ryan,Ryan Eidelman,USA,S9,SB9,55728,S26,Summer Season 2026,SM9,C
d51cfa64f2436890,5,El-Demerdash,M,Yaseen,Yaseen El-Demerdash,USA,S10,NE,49570,S26,Summer Season 2026,NE,C
bc7c4da6f928ff21,-,Entsminger,F,Caroline,Caroline Entsminger,USA,S10,SB9,66802,S26,Summer Season 2026,SM10,N
4140f5a6c2cb68de,-,Estrada,F,Emma,Emma Estrada,USA,S10,SB9,62513,S26,Summer Season 2026,SM10,N
b43e67f88245bd09,"12, +",Farinas,F,Gabriella,Gabriella Farinas,USA,S10,SB9,53441,S26,Summer Season 2026,SM10,R-2025
4993f9b4f8553845,-,Flores,F,Serina,Serina Flores,USA,S9,SB8,70318,S26,Summer Season 2026,SM9,N
9ef9d6ca783be7ea,-,Freeman,F,Liberty,Liberty Freeman,USA,S9,SB8,61401,S26,Summer Season 2026,SM9,N
60465b628ab52e24,"12, +",Gaffney,F,Julia,Julia Gaffney,USA,S7,SB6,29252,S26,Summer Season 2026,SM7,C
c8022b545e6310ab,0,Greve,M,Jesse,Jesse Greve,USA,S14,SB14,22250,S26,Summer Season 2026,SM14,C
7825128ec2d17e93,"T, B",Hermes,F,McClain,McClain Hermes,USA,S11,SB11,20477,S26,Summer Season 2026,SM11,C
a727c136bf87a9b1,9,Hixson,F,Julia,Julia Hixson,USA,S9,SB8,52830,S26,Summer Season 2026,SM9,R-2024
35362371b0171cb1,-,Ingram,M,Jackson,Jackson Ingram,USA,S6,SB6,64498,S26,Summer Season 2026,SM6,N
499ee49cbb05b4d3,"A, 3, 5, 12, +",Jaffe,M,Noah,Noah Jaffe,USA,S8,SB8,49243,S26,Summer Season 2026,SM8,R-2027
ba39a6017eeed063,-,Johnson,F,Avery,Avery Johnson,USA,S10,SB9,70331,S26,Summer Season 2026,SM10,N
0c89aca31e597ac7,"A, Y, E, 7",Karimi,M,Abbas,Abbas Karimi,USA,S5,SB6,34126,S26,Summer Season 2026,SM5,C
61efb7948616a25a,-,Kershaw,F,Abigail,Abigail Kershaw,USA,S14,SB14,55685,S26,Summer Season 2026,SM14,C
28c2e53ea60b5efd,-,Kia,M,Cyrus,Cyrus Kia,USA,S14,SB14,60345,S26,Summer Season 2026,SM14,R-2026
e68fd79bbb345298,-,Klink,F,Dylan,Dylan Klink,USA,S7,SB7,61579,S26,Summer Season 2026,SM7,N
b8ed346286c2159d,9,Knott,F,Keegan,Keegan Knott,USA,S9,SB8,36751,S26,Summer Season 2026,SM9,C
73427dd467471ad3,-,Kohler,M,Simeon,Simeon Kohler,USA,S10,SB9,69041,S26,Summer Season 2026,SM10,N
f674efee2cbeb38e,-,Kozar,F,Aubrey,Aubrey Kozar,USA,S10,SB9,70813,S26,Summer Season 2026,SM10,N
aa3736498a65a702,"A, 1, 3, 5, 12",Kubiak,F,Katie,Katie Kubiak,USA,S5,SB4,61925,S26,Summer Season 2026,SM5,R-2029
01f1787b59b46d32,"A, 12",Lettenberger,F,Ahalya,Ahalya Lettenberger,USA,S7,SB6,21872,S26,Summer Season 2026,SM7,R-2026
d2fd6f23cb7f09a0,"12, +",Long,F,Jessica,Jessica Long,USA,S8,SB7,5097,S26,Summer Season 2026,SM8,C
009c87d310effc98,"A, T, 3, 5, 12, +",Marks,F,Ellie,Ellie Marks,USA,S6,SB6,19341,S26,Summer Season 2026,SM6,C
a1d8ea59535f962d,"A, 2, 4, 12, +",McEntire,F,Ava,Ava McEntire,USA,S6,SB6,54917,S26,Summer Season 2026,SM6,R-2023
e8801031fff8c205,8,McNear,M,Owen,Owen McNear,USA,S9,SB8,52980,S26,Summer Season 2026,SM9,C
f8d7d6bbe5cb717e,-,Merriweather,M,Chase,Chase Merriweather,USA,S4,SB3,64477,S26,Summer Season 2026,SM4,N
765d7f15b9460460,"1, 3, 5, 12",Mezey,M,Dillon,Dillon Mezey,USA,S3,SB2,64293,S26,Summer Season 2026,SM3,R-2028
a8ddd72eacfa6954,-,Nagy,F,Tessa,Tessa Nagy,USA,S14,SB14,43683,S26,Summer Season 2026,SM14,C
787ab64443232494,0,Nuhfer,F,Grace,Grace Nuhfer,USA,S13,SB13,56796,S26,Summer Season 2026,SM13,R-2027
bb80eda529df752f,-,Orsburn,F,Tatiana,Tatiana Orsburn,USA,S9,SB8,56588,S26,Summer Season 2026,SM9,N
4dbcd9ee1fe5bba8,-,Parsons,M,Ryan,Ryan Parsons,USA,S6,SB6,70270,S26,Summer Season 2026,SM6,N
6332253f687cfc47,8,Pennington,F,Carolyn,Carolyn Pennington,USA,S9,SB8,61101,S26,Summer Season 2026,SM9,R-2027
b1f65bd6a463c4fa,0,Pergolini,F,Gia,Gia Pergolini,USA,S13,SB13,33808,S26,Summer Season 2026,SM13,R-2029
7e7937dc03b08c7c,-,Pierce,M,Jonathan,Jonathan Pierce,USA,S14,SB14,32769,S26,Summer Season 2026,SM14,C
f3731589d23fe001,-,Pohl,F,Elisa,Elisa Pohl,USA,S9,SB8,61566,S26,Summer Season 2026,SM9,N
975326915c984944,8,Prochaska,F,Cali,Cali Prochaska,USA,S9,SB8,36645,S26,Summer Season 2026,SM9,C
c1288f33a0648c04,"A, T, 3, 5, 12, +",Raleigh-Crossley,F,Christie,Christie Raleigh-Crossley,USA,S9,SB9,54846,S26,Summer Season 2026,SM9,R
c686c3d33f1d01e7,T,Rankine,M,William,William Rankine,USA,S12,SB12,50723,S26,Summer Season 2026,SM12,R-2027
c7dd9ddc4213068e,"3, 5, 12, +",Ray,M,Morgan,Morgan Ray,USA,S6,SB6,36187,S26,Summer Season 2026,SM6,C
fd16486174b01439,-,Reid,F,Emily,Emily Reid,USA,S9,SB9,68683,S26,Summer Season 2026,SM9,N
38ecfb5cc577e47f,9,Roberts,F,Emma,Emma Roberts,USA,NE,SB9,63351,S26,Summer Season 2026,NE,C
8db65842debf1ce1,-,Rodriguez,M,Tomas,Tomas Rodriguez,USA,S9,SB9,49210,S26,Summer Season 2026,SM9,N
4ae77f53a85ced3a,-,Sadowski,F,Piper,Piper Sadowski,USA,S14,SB14,56620,S26,Summer Season 2026,SM14,C
5df35f5186d7d11b,-,Sapp,M,Lawrence,Lawrence Sapp,USA,S14,SB14,32910,S26,Summer Season 2026,SM14,C
c62f239fb3aea9fc,"1, 3, 5",Schmit,F,Summer,Summer Schmit,USA,S9,SB9,29363,S26,Summer Season 2026,SM9,C
f45d09b9152cac02,"A, E",Schroeder,F,Eden,Eden Schroeder,USA,S1,N/A,59476,S26,Summer Season 2026,N/A,R
214a9ad558261906,-,Severn,F,Megan,Megan Severn,USA,S9,SB8,70923,S26,Summer Season 2026,SM9,N
71df6e819e700551,-,Shall,M,Drennan,Drennan Shall,USA,S10,SB9,61686,S26,Summer Season 2026,SM10,N
f5528269edae6baa,"12, +",Shattuck,M,Zach,Zach Shattuck,USA,S6,SB6,26364,S26,Summer Season 2026,SM6,C
3ffda961a2c2f27e,"A, E, T, 2, 12",Shelton,F,Aspen,Aspen Shelton,USA,S3,SB2,31670,S26,Summer Season 2026,SM3,R-2029
6d38a8f50d94469c,"1, 3, 5",Smith,F,Elizabeth,Elizabeth Smith,USA,S9,SB9,11291,S26,Summer Season 2026,SM9,C
6dd20b2ba8bdc29d,"A, E, 3, 4, 12",Smith,F,Leanne,Leanne Smith,USA,S3,SB3,22575,S26,Summer Season 2026,SM3,R-2029
153d54e63cdd5e4e,T,Snyder,M,Bradley,Bradley Snyder,USA,S11,SB11,17608,S26,Summer Season 2026,SM11,C
d3035fb8ca6fec2e,"A, 3, 5, 12, +",Stickney,F,Morgan,Morgan Stickney,USA,S7,SB6,41760,S26,Summer Season 2026,SM7,R-2028
524ade436e031a90,"3, 5",Stivers,M,Aiden,Aiden Stivers,USA,S10,SB9,58225,S26,Summer Season 2026,SM10,C
461dd496fa23315d,"1, 3, 5",Sutton,F,Momo,Momo Sutton,USA,S9,SB9,53168,S26,Summer Season 2026,SM9,R-2026
40ac84397b01f4e1,"A, 12, +",Teller,F,Kenley,Kenley Teller,USA,S8,SB6,60349,S26,Summer Season 2026,SM8,R-2029
371667fd56c42628,"3, 5",Thomas,M,Aaron,Aaron Thomas,USA,S10,SB9,52834,S26,Summer Season 2026,SM10,R-2025
0c1859322a288924,0,Thomas,M,Noah,Noah Thomas,USA,S6,SB6,55877,S26,Summer Season 2026,SM6,C
0978b64da66f7e3a,-,Trent,M,Hudson,Hudson Trent,USA,S10,,70901,S26,Summer Season 2026,,
8dd27eecba70f0aa,-,Trevor,F,Caitlin,Caitlin Trevor,USA,S14,SB14,61203,S26,Summer Season 2026,SM14,R
e233108e1d8b0cbc,8,Truwit,F,Alexandra,Alexandra Truwit,USA,S10,SB9,60127,S26,Summer Season 2026,SM10,C
59819b842180f58e,-,Vitale,M,Marcus,Marcus Vitale,USA,S8,SB8,61356,S26,Summer Season 2026,SM8,N
25703fb34f61a0d8,8,Vorel,F,Natalie,Natalie Vorel,USA,S10,SB9,68581,S26,Summer Season 2026,SM10,R-2028
972b4ddd51767b72,"A, 3, 5, 12",Weggemann,F,Mallory,Mallory Weggemann,USA,S7,SB6,7118,S26,Summer Season 2026,SM7,C
970ede816b984284,9,White,F,Mei,Mei White,USA,S9,SB8,18075,S26,Summer Season 2026,SM9,C
d5542bf7c15afd05,-,Wierwille,M,Evan,Evan Wierwille,USA,S10,SB9,64460,S26,Summer Season 2026,SM10,N
96ee2ee2b312a51f,"T, B",Wilkerson,M,Evan,Evan Wilkerson,USA,S11,SB11,53151,S26,Summer Season 2026,SM11,R
4c090af108894359,"12, +",Williams,M,Adin,Adin Williams,USA,S7,SB7,30581,S26,Summer Season 2026,SM7,R-2027
d2f0925e5ed19989,"A, 12, +",Winnett,F,Taylor,Taylor Winnett,USA,S10,SB9,36077,S26,Summer Season 2026,SM10,R-2026
421500e5155fb2d9,-,Wong,M,Bennett,Bennett Wong,USA,S9,SB9,70485,S26,Summer Season 2026,SM9,N
f780bdc37eaa654f,"A, 12, +",Wong,M,Braxton,Braxton Wong,USA,S9,SB8,53003,S26,Summer Season 2026,SM9,C
70570d9a84ddbf62,"1, 3, 5",Arias,F,Hanna,Hanna Arias,URU,S9,SB9,53223,S26,Summer Season 2026,SM9,R-2029
ad113568c68f4b1d,"3, 5, 12, +",Piaggio Cabrera,M,Leandro,Leandro Piaggio Cabrera,URU,S8,SB8,53142,S26,Summer Season 2026,SM8,R-2027
e6d7e45dc862f7da,-,Akhmatkulova,F,Karomat,Karomat Akhmatkulova,UZB,S4,SB3,70810,S26,Summer Season 2026,SM4,N
338fece4e3cd083d,"1, 4",Atanazarova,F,Gulinoza,Gulinoza Atanazarova,UZB,S10,NE,67702,S26,Summer Season 2026,NE,C
978de7a8251c65d8,-,Bakhtiyorov,M,Bunyod,Bunyod Bakhtiyorov,UZB,S13,SB13,70774,S26,Summer Season 2026,SM13,N
fd5495b724a76a95,"12, +",Bakhtiyorov,M,Sardor,Sardor Bakhtiyorov,UZB,S7,SB7,55552,S26,Summer Season 2026,SM7,R-2027
d980992478e6cd95,-,Biktimirov,M,Bogdan,Bogdan Biktimirov,UZB,S13,SB13,52439,S26,Summer Season 2026,SM13,R-2028
74901bce6e20274e,-,Bolotov,M,Egor,Egor Bolotov,UZB,S13,SB13,50225,S26,Summer Season 2026,SM13,R-2028
4e44364af068f355,"1, 2, 4",Boynazarov,M,Azizbek,Azizbek Boynazarov,UZB,S8,SB8,51687,S26,Summer Season 2026,SM8,C
85f25de119580134,9,Erejepbaeva,F,Shakhnoza,Shakhnoza Erejepbaeva,UZB,S9,SB9,67700,S26,Summer Season 2026,SM9,R-2030
ebff84026ecbdee1,-,Ganiev,M,Izzatillo,Izzatillo Ganiev,UZB,NE,NE,52648,S26,Summer Season 2026,NE,C
30b9332aeecbb302,T,Hojiev,M,Asadbek,Asadbek Hojiev,UZB,S13,SB13,67697,S26,Summer Season 2026,SM13,R-2028
924e1dea81621598,"A, 1, 3, 5, 12, +",Kadirova,F,Lolakhon,Lolakhon Kadirova,UZB,S4,SB3,64703,S26,Summer Season 2026,SM4,R
65123afd5c96ca89,"A, E, 12, +",Karimova,F,Azizakhon,Azizakhon Karimova,UZB,S6,SB6,52477,S26,Summer Season 2026,SM6,C
5dc9f9315a3b2d0f,-,Khalilova,F,Mubinabonu,Mubinabonu Khalilova,UZB,S13,SB13,53237,S26,Summer Season 2026,SM13,R-2028
1efe325c8ca0a3c2,-,Khorlin,M,Dmitriy,Dmitriy Khorlin,UZB,S12,SB12,22500,S26,Summer Season 2026,SM12,R-2028
3f3d9bf2065e972f,-,Marufova,F,Shakhlo,Shakhlo Marufova,UZB,S3,SB3,70811,S26,Summer Season 2026,SM3,N
dcc5088cda841aca,"1, 3, 5",Mirmanov,M,Dias,Dias Mirmanov,UZB,S9,SB9,62400,S26,Summer Season 2026,SM9,R-2028
7d30c6ccf3fd3562,-,Mirzaev,M,Khasanjon,Khasanjon Mirzaev,UZB,CNC,CNC,62401,S26,Summer Season 2026,CNC,R
ca179518dde60f6b,-,Mukhtorova,F,Mahdiya,Mahdiya Mukhtorova,UZB,NE,NE,68023,S26,Summer Season 2026,NE,C
e7fdbd260af32b18,"A, E, 3, 5",Nekov,M,Alijon,Alijon Nekov,UZB,S7,SB7,62402,S26,Summer Season 2026,SM7,C
6c4d282791685274,"1, 2, 4",Nuriddinov,M,Sultonbek,Sultonbek Nuriddinov,UZB,S8,SB8,51688,S26,Summer Season 2026,SM8,R-2023
69644a4dcc369436,8,Odilov,M,Shoyatbek,Shoyatbek Odilov,UZB,S9,SB8,52651,S26,Summer Season 2026,SM9,R-2025
77bb7e331cf618f4,-,Odilova,F,Muslima,Muslima Odilova,UZB,S13,SB13,30188,S26,Summer Season 2026,SM13,R-2027
82d98e250d98b22b,"A, 1, 5",Ortikov,M,Bakhtiyorjon,Bakhtiyorjon Ortikov,UZB,S6,N/A,50218,S26,Summer Season 2026,N/A,R
1f0e6b373410ea6a,-,Pankov,M,Kirill,Kirill Pankov,UZB,S13,SB13,17464,S26,Summer Season 2026,SM13,R-2027
670a6b1f7854afd0,"A, 12, +",Rasulov,M,Muhammadfozil,Muhammadfozil Rasulov,UZB,S7,SB6,62406,S26,Summer Season 2026,SM7,R-2027
df028606cee180be,-,Soliev,M,Abrorjon,Abrorjon Soliev,UZB,S10,SB9,67698,S26,Summer Season 2026,SM10,N
a8b2f48917b451a9,0,Toshpulatova,F,Shokhsanamkhon,Shokhsanamkhon Toshpulatova,UZB,S13,SB13,30189,S26,Summer Season 2026,SM13,R-2027
da39cff1004e2c56,"3, 5, 12, +",Arcila,F,Neilimar,Neilimar Arcila,VEN,S8,SB8,67022,S26,Summer Season 2026,SM8,R-2028
d53a7641bc8a852f,"1, 3, 5, 8",Bermudez Sosa,M,Ericsson Alejandro,Ericsson Alejandro Bermudez Sosa,VEN,S8,SB7,32139,S26,Summer Season 2026,SM8,C
138d0068bc9054ef,-,Bernay Acosta,M,Orleans Jesus,Orleans Jesus Bernay Acosta,VEN,S6,SB6,57807,S26,Summer Season 2026,,
ebab0e6a3288a4b8,-,Bolivar,M,Jose,Jose Bolivar,VEN,S14,,66826,S26,Summer Season 2026,,
a23412de814915c2,"*, A, 12, +",Braz Hernandez,M,Manuel Simon,Manuel Simon Braz Hernandez,VEN,S7,SB6,32140,S26,Summer Season 2026,SM7,R
1fcb6f56132637c9,"A, 3, 5, 12",Campero Lobaton,M,Gabriel Isnardi,Gabriel Isnardi Campero Lobaton,VEN,S4,SB3,20859,S26,Summer Season 2026,SM4,C
3e82ddb34440fd63,"H, 3, 5, 12, +",Diaz,M,Xavier,Xavier Diaz,VEN,S8,SB8,67163,S26,Summer Season 2026,SM8,R-2027
cd0779db1290de7f,-,Finol Torres,M,Andres Javier,Andres Javier Finol Torres,VEN,S14,SB14,21390,S26,Summer Season 2026,SM14,R-2026
3e7360663251addf,-,Garces,M,Diego,Diego Garces,VEN,S3,SB2,66819,S26,Summer Season 2026,SM3,N
ba17f06cf0d25344,-,Gomez,F,Valentina,Valentina Gomez,VEN,S14,SB14,57546,S26,Summer Season 2026,SM14,R-2027
058f86b14b184dc9,"A, Y, E, 7, 12, +",Henriquez Carrillo,M,Antonio Isaac,Antonio Isaac Henriquez Carrillo,VEN,S4,SB4,21260,S26,Summer Season 2026,SM4,R
e0be6fa40a5bf01f,"3, 5, 12, +",Henriquez Morantes,M,Yoice Moises,Yoice Moises Henriquez Morantes,VEN,S8,SB7,57809,S26,Summer Season 2026,SM8,R-2027
2e015ed03b742baf,-,Izarra Gonzalez,M,Oswald Fernando,Oswald Fernando Izarra Gonzalez,VEN,S14,SB14,12688,S26,Summer Season 2026,SM14,R
74e0ab44fbada59c,9,Leal Ferrer,F,Genesis Adela,Genesis Adela Leal Ferrer,VEN,S9,SB8,12689,S26,Summer Season 2026,SM9,C
ce47caa23396f38f,"A, 12",Lizcano,F,Mariangela,Mariangela Lizcano,VEN,S4,SB4,65241,S26,Summer Season 2026,SM4,R-2028
211ba712321d0a30,-,Machado Rodriguez,M,Uriel Rafael,Uriel Rafael Machado Rodriguez,VEN,S14,SB14,28899,S26,Summer Season 2026,SM14,R
7a9fb346c178aa7b,"*, A, 12",Marichal,M,Ivanosky Jose,Ivanosky Jose Marichal,VEN,S6,SB5,24103,S26,Summer Season 2026,SM6,R
44bbf77f79d4a62c,"T, B",Mejias Artigas,M,Salomon Elias,Salomon Elias Mejias Artigas,VEN,S11,SB11,32307,S26,Summer Season 2026,SM11,C
98c20307e9e92adb,"A, Y, 1, 3, 4, 12",Montilla Vera,M,Jose Gregorio,Jose Gregorio Montilla Vera,VEN,S3,SB2,32137,S26,Summer Season 2026,SM3,C
c713dd4c4fb3dfb7,-,Moraes Barreto,F,Viviana,Viviana Moraes Barreto,VEN,S14,SB14,12690,S26,Summer Season 2026,SM14,C
13c201888f096d07,-,Morantes,M,Samuel,Samuel Morantes,VEN,S10,SB9,66830,S26,Summer Season 2026,SM10,N
9a1f960815fd4ff8,T,Mota Echarry,F,Belkis Dayanara,Belkis Dayanara Mota Echarry,VEN,S12,SB12,6816,S26,Summer Season 2026,SM12,R-2029
e7b214463850273f,-,Ortiz,M,Jesus,Jesus Ortiz,VEN,S4,SB3,66825,S26,Summer Season 2026,SM4,N
8c7af86d1ec167dd,-,Pacheco,M,Angel,Angel Pacheco,VEN,S5,,66837,S26,Summer Season 2026,SM5,N
2cb38e31e6f7ed69,-,Paredes,M,Julio,Julio Paredes,VEN,S7,SB7,66827,S26,Summer Season 2026,,
c41227307dfac490,"*, H, 6, 12, +",Prince Mendoza,M,Manuel Enrique,Manuel Enrique Prince Mendoza,VEN,S8,SB8,32403,S26,Summer Season 2026,SM8,R
3268e8dd76eb6d08,-,Quiroga,M,Eduardo,Eduardo Quiroga,VEN,S8,SB7,66820,S26,Summer Season 2026,SM8,N
62e39f367426cd6b,"1, 3, 5",Requena,M,Christhian,Christhian Requena,VEN,S10,SB9,66798,S26,Summer Season 2026,SM10,R-2029
3ff98f6e20cbd81e,12,Rozo,F,Crsimar,Crsimar Rozo,VEN,S7,SB6,66799,S26,Summer Season 2026,SM7,R-2028
b83ba9532eb9da1c,"12, +",Soto,F,Angelina,Angelina Soto,VEN,S9,SB8,65236,S26,Summer Season 2026,SM9,R-2027
064bf42074c12a9b,"A, 12",Villa Urbina,M,Damian Andres,Damian Andres Villa Urbina,VEN,S5,SB4,55885,S26,Summer Season 2026,SM5,R-2025
e7c67188b8070cc0,"3, 5, 12, +",Yilales,F,Stefany,Stefany Yilales,VEN,S10,SB9,65239,S26,Summer Season 2026,SM10,R-2027
e1a61d11df602ac2,"*, 12",Danh,F,Thi My Thanh,Thi My Thanh Danh,VIE,S5,SB4,29637,S26,Summer Season 2026,SM5,R
c408f1cb2e9e8a6c,"A, 12",Do,M,Thanh Hai,Thanh Hai Do,VIE,S6,SB5,20831,S26,Summer Season 2026,SM6,C
6d52dff38faf78ab,"A, 12",Ha,M,Van Hiep,Van Hiep Ha,VIE,S4,SB3,22895,S26,Summer Season 2026,SM4,C
6fc19d21611399da,"3, 5, 12, +",Han,M,Quang Thoai,Quang Thoai Han,VIE,S9,SB8,67342,S26,Summer Season 2026,SM9,R-2028
cf5a86e2ce9a9ba4,"*, 9",Ho,F,Thi-Loan,Thi-Loan Ho,VIE,S10,SB9,6244,S26,Summer Season 2026,SM10,R
3e709999ab509eca,"12, +",Ho,M,Van Dao,Van Dao Ho,VIE,S8,SB7,61025,S26,Summer Season 2026,SM8,C
5acc04cc042d1918,"1, 2, 4",Hoang,F,Thi My Le,Thi My Le Hoang,VIE,S8,SB8,35538,S26,Summer Season 2026,SM8,C
59c9dfddafd6b75e,"*, 8",Le,F,Thi-Dung,Thi-Dung Le,VIE,S9,SB8,5659,S26,Summer Season 2026,SM9,R
e7c66f4e3d275d30,"A, 12",Le,M,Tien Dat,Tien Dat Le,VIE,S6,SB5,8940,S26,Summer Season 2026,SM6,C
1973e35b30c8357e,"A, 12, +",Nguyen,M,Manh Phu,Manh Phu Nguyen,VIE,S5,SB4,60995,S26,Summer Season 2026,SM5,R-2026
e2a69573c0e15f88,"*, 12, +",Nguyen,M,Ngoc Thiet,Ngoc Thiet Nguyen,VIE,CNC,CNC,29632,S26,Summer Season 2026,CNC,R
a37a86e163d3e2d9,"A, 12",Nguyen,M,Thanh Trung,Thanh Trung Nguyen,VIE,S5,SB4,17836,S26,Summer Season 2026,SM5,C
7750cb3e863eea27,"*, 12",Nguyen,F,Thi Sari,Thi Sari Nguyen,VIE,S6,SB5,4161,S26,Summer Season 2026,SM6,R
ce4130ad04f4aac5,"T, B",Pham,M,Anh Tu,Anh Tu Pham,VIE,S11,SB11,29634,S26,Summer Season 2026,SM11,C
c47b9b2f448d3255,"A, 8",Pham,M,Thanh Dat,Thanh Dat Pham,VIE,S9,SB8,61004,S26,Summer Season 2026,SM9,R-2027
60f2b078f6628bad,"A, 12, +",Pham,M,Tuan Hung,Tuan Hung Pham,VIE,S7,SB6,53104,S26,Summer Season 2026,SM7,R-2027
066a3e052bf7134d,-,Quach,M,Van Vinh,Van Vinh Quach,VIE,S10,SB9,61024,S26,Summer Season 2026,SM10,N
768af3c186c581ed,"A, 3, 5, 12",Tran,M,Van Mom,Van Mom Tran,VIE,S4,SB4,53102,S26,Summer Season 2026,SM4,R-2026
908a2d66d9b952d6,"A, 12",Trinh,F,Thi Bich Nhu,Thi Bich Nhu Trinh,VIE,S6,SB5,17720,S26,Summer Season 2026,SM6,C
d82fac877004409e,"*, 12, +",Truong,M,Quang Gon,Quang Gon Truong,VIE,S10,SB9,21726,S26,Summer Season 2026,SM10,R
b7b537f066ed4849,12,Vi,F,Thi Hang,Thi Hang Vi,VIE,S7,SB6,29636,S26,Summer Season 2026,SM7,C
ac2b6e988d08d3ce,"12, +",Vo,M,Huynh Anh Khoa,Huynh Anh Khoa Vo,VIE,S8,SB7,5872,S26,Summer Season 2026,SM8,C
f599045514fd2743,"A, 12",Vo,M,Thanh Tung,Thanh Tung Vo,VIE,S5,SB4,8941,S26,Summer Season 2026,SM5,C
13dfba3a1ec4d583,"A, E, 7",Aceves Perez,F,Haidee Viviana,Haidee Viviana Aceves Perez,,S2,N/A,8378,S25,Summer Season 2025,N/A,C
8cb657c916bdc197,-,Aguilar Hernandez,F,Zoe Pamela,Zoe Pamela Aguilar Hernandez,,S8,SB8,62207,S25,Summer Season 2025,SM8,N
51ab84a55ad69d0b,-,Aguilar Lopez,M,Maximiliano,Maximiliano Aguilar Lopez,,S10,SB9,40964,S25,Summer Season 2025,SM10,N
34767072c34079e2,-,Aguilar Lopez,M,Steffano,Steffano Aguilar Lopez,,S8,SB7,40924,S25,Summer Season 2025,SM8,N
22572cf767fbd4cf,-,Aguilar Perez,M,Leonardo,Leonardo Aguilar Perez,,S14,SB14,54901,S25,Summer Season 2025,SM14,R-2026
243b5f835a04396d,"A, 9",Aguillon Fuentes,M,Jesus Martin,Jesus Martin Aguillon Fuentes,,S10,SB9,31788,S25,Summer Season 2025,SM10,R-2021
169f4a361ee433b5,"T, B",Alcazar Figueroa,F,Matilde Estefania,Matilde Estefania Alcazar Figueroa,,S11,SB11,9163,S25,Summer Season 2025,SM11,C
a3e8158bef2b37f4,-,Alvarado Alvarado,M,Alejandro De Jesus,Alejandro De Jesus Alvarado Alvarado,,S14,SB14,36649,S25,Summer Season 2025,SM14,C
69898817e2717bfb,-,Arechiga Valadez,F,Yareli Anilec,Yareli Anilec Arechiga Valadez,,S10,SB9,65526,S25,Summer Season 2025,SM10,N
6a7fdcc4bba0f919,-,Arias Contreras,M,Mauricio Javier,Mauricio Javier Arias Contreras,,S8,SB7,60541,S25,Summer Season 2025,SM8,N
03b2546b684e4b95,-,Armenta Frausto,M,Angel Mateo,Angel Mateo Armenta Frausto,,S6,SB6,60436,S25,Summer Season 2025,SM6,N
849125dfdf81ea30,"A, 3, 5, 12",Arteaga Perez,M,Aldo Gael,Aldo Gael Arteaga Perez,,S5,SB4,52440,S25,Summer Season 2025,SM5,R-2027
0f8514622b377251,"*, 4",Ayala Zarza,M,Juan Sebastian,Juan Sebastian Ayala Zarza,,S10,NE,23452,S25,Summer Season 2025,NE,R-2018
bf07c77c056d8660,-,Baeza Kanter,F,Marion,Marion Baeza Kanter,,S6,,63484,S25,Summer Season 2025,,
332934824687e11a,-,Balleza Garcia,F,Maria Jaslyn,Maria Jaslyn Balleza Garcia,,S7,SB7,56607,S25,Summer Season 2025,SM7,N
78004b44714960c5,"A, Y, E, 3, 5, 12",Barajas Garcia,M,Juan Alonso,Juan Alonso Barajas Garcia,,S4,SB4,53207,S25,Summer Season 2025,SM4,R-2025
c17522ea43c5a60c,-,Barajas Lares,F,Fernanda Guadalupe,Fernanda Guadalupe Barajas Lares,,S5,SB4,60260,S25,Summer Season 2025,SM5,N
2051f59f2c2eca3f,-,Bedolla Gonzalez,F,Anayatzi Itzel,Anayatzi Itzel Bedolla Gonzalez,,S14,SB14,65402,S25,Summer Season 2025,SM14,N
c34ac9eeeb495592,-,Bejar Mejia,M,Javier,Javier Bejar Mejia,,S5,SB5,52392,S25,Summer Season 2025,SM5,N
080c5a56ebdcd56c,-,Bellino Perez,F,Miriam,Miriam Bellino Perez,,S6,SB6,60259,S25,Summer Season 2025,SM6,N
d96769e9ab3b115e,-,Borrego Lechuga,M,Jesus Gilberto,Jesus Gilberto Borrego Lechuga,,S8,SB7,53695,S25,Summer Season 2025,SM8,N
2b5c922f50fc0154,T,Botello Cuevas,F,Julieta,Julieta Botello Cuevas,,S12,SB12,60437,S25,Summer Season 2025,SM12,R-2026
bbf09739dd13c56f,"A, 1, 2, 4, 12, +",Bravo Gonzalez,F,Karla Francesca,Karla Francesca Bravo Gonzalez,,S6,SB6,20270,S25,Summer Season 2025,SM6,C
8e28e2d1cc6594a8,-,Buendia Rojas,M,Fernando Guadalupe,Fernando Guadalupe Buendia Rojas,,S8,SB8,59429,S25,Summer Season 2025,SM8,N
7e118727f077b0a0,"A, Y, E, 3, 5, 12, +",Camacho,M,Angel De Jesus,Angel De Jesus Camacho,,S4,SB3,40788,S25,Summer Season 2025,SM4,C
2295d38d69458e46,-,Campos Camarena,M,Alan Mauricio,Alan Mauricio Campos Camarena,,S8,SB7,60428,S25,Summer Season 2025,SM8,N
c1d98bdeb101104e,-,Campos Trejo,F,Jade Anahi,Jade Anahi Campos Trejo,,S5,SB5,56403,S25,Summer Season 2025,SM5,N
faa3298927fafaa4,"A, 12",Carapia Pelkastre,F,Jessica Danae,Jessica Danae Carapia Pelkastre,,S7,SB6,31804,S25,Summer Season 2025,SM7,C
732c457bbf143a9a,"T, B",Cardenas Hernandez,M,Emiliano,Emiliano Cardenas Hernandez,,S11,SB11,49744,S25,Summer Season 2025,SM11,C
5cb4458b372642c8,"A, 12",Carreon,F,Victorya,Victorya Carreon,,S7,SB6,62235,S25,Summer Season 2025,SM7,R-2026
cc1c669775e3565c,"A, 12",Castan Gomez,M,Angel De Jesus,Angel De Jesus Castan Gomez,,S6,SB5,29481,S25,Summer Season 2025,SM6,C
754b6fbdab9190cb,-,Castillejos Legorreta,F,Jade Noemi,Jade Noemi Castillejos Legorreta,,S6,SB6,55021,S25,Summer Season 2025,SM6,N
fa4d7e92b272948b,-,Castillo Cordova,M,Julian,Julian Castillo Cordova,,S14,SB14,54900,S25,Summer Season 2025,SM14,R-2026
d83fd99148aa53c2,-,Castillo Ibanez,F,Zayra Cecilia,Zayra Cecilia Castillo Ibanez,,S9,SB8,64217,S25,Summer Season 2025,SM9,N
3eacb4b30999f24e,-,Castillo Lopez,F,Fernanda Marisol,Fernanda Marisol Castillo Lopez,,S8,SB8,60262,S25,Summer Season 2025,SM8,N
6c77cfbbcc33de80,"A, 1, 2, 4, 12",Castorena Velez,M,Jose Arnulfo,Jose Arnulfo Castorena Velez,,S4,SB2,3520,S25,Summer Season 2025,SM3,C
0f37e449773d2bee,9,Cazares,M,Fabian,Fabian Cazares,,S10,SB9,53616,S25,Summer Season 2025,SM10,R-2026
a2a6e27baf39ed70,-,Cervantes Manzano,M,Mateo Mizael,Mateo Mizael Cervantes Manzano,,S9,SB8,63623,S25,Summer Season 2025,SM9,N
1ee2905ce24253bd,-,Cespedes Maldonado,M,Luis Mario,Luis Mario Cespedes Maldonado,,S2,SB2,53696,S25,Summer Season 2025,SM2,N
497173481e9a2229,-,Chan Santos,M,Daniel Alexander,Daniel Alexander Chan Santos,,S9,SB8,60561,S25,Summer Season 2025,SM10,N
3900f83989f45d5e,"A, E, 7, 12, +",Chavez Aguilera,M,Daniel,Daniel Chavez Aguilera,,S3,SB3,52690,S25,Summer Season 2025,SM3,R-2025
ba109e81b58200d8,"A, 3, 5, 12, +",Corrales Miranda,M,Ivan Rodrigo,Ivan Rodrigo Corrales Miranda,,S7,SB6,62210,S25,Summer Season 2025,SM7,R-2029
3394f9d30a6abdf8,-,Cortes Luna,F,Evelyn Judith,Evelyn Judith Cortes Luna,,S5,SB4,60431,S25,Summer Season 2025,SM5,N
d09fd5309fc1878a,"3, 5",Cristino Zapata,F,Stefanny Rubi,Stefanny Rubi Cristino Zapata,,S10,SB9,8381,S25,Summer Season 2025,SM10,C
30602bf06e587c25,-,Cruz Pacheco,F,Adriana Lucia,Adriana Lucia Cruz Pacheco,,S6,SB6,52486,S25,Summer Season 2025,SM6,N
b88aa2054fef8040,-,de La Torre Castellanos,F,Aimee,Aimee de La Torre Castellanos,,S10,SB9,49880,S25,Summer Season 2025,SM10,N
a2e62df87e9b9246,"T, B",Delgado Vazquez,M,Tadeo Misael,Tadeo Misael Delgado Vazquez,,S11,SB11,54864,S25,Summer Season 2025,SM11,C
6e8eff76380bf198,-,Diaz Infante Ibanez,M,Alejandro,Alejandro Diaz Infante Ibanez,,S8,SB8,53076,S25,Summer Season 2025,SM8,N
6d1aa2727fddb18b,"A, 12",Dominguez Aguilar,M,Jesus Gilberto,Jesus Gilberto Dominguez Aguilar,,S4,SB3,40914,S25,Summer Season 2025,SM4,R-2025
f3de195c11c79b19,-,Dominguez Albor,M,Moises,Moises Dominguez Albor,,S5,SB4,55020,S25,Summer Season 2025,SM5,N
a1e819a301ea4628,-,Duran Pacheco,M,Anderson Axel,Anderson Axel Duran Pacheco,,S8,SB7,60263,S25,Summer Season 2025,SM8,N
599b57ad40fd0b5e,-,Espina Quezada,F,Mayra Itzel Guadalupe,Mayra Itzel Guadalupe Espina Quezada,,S5,SB4,66004,S25,Summer Season 2025,SM5,N
90e6f4fe7c46f931,"12, +",Espinosa Mata,F,Briana Naomy,Briana Naomy Espinosa Mata,,S9,SB8,31754,S25,Summer Season 2025,SM9,R-2027
882851cc31432a38,"1, 3, 5",Estrada Ramirez,M,Luis,Luis Estrada Ramirez,,S9,SB9,59224,S25,Summer Season 2025,SM9,R-2026
b83868be986870af,"A, 12, +",Flores Nunez,M,Luis Isaac,Luis Isaac Flores Nunez,,S8,SB7,9171,S25,Summer Season 2025,SM8,R-2025
c958ba2e432f8c0f,-,Flores Velazquez,F,Stephane,Stephane Flores Velazquez,,S14,SB14,54926,S25,Summer Season 2025,SM14,R-2026
698889bbf6aa12b8,"A, Y, E, 7",Florida Gomez,F,Maria Fernanda,Maria Fernanda Florida Gomez,,S3,N/A,33962,S25,Summer Season 2025,N/A,C
2df635e293042214,-,Gallegos Rebolledo,F,Hannia,Hannia Gallegos Rebolledo,,S6,SB6,65036,S25,Summer Season 2025,SM6,N
cda2c5d4cd3db598,-,Garcia Rodriguez,M,Diego Emiliano,Diego Emiliano Garcia Rodriguez,,S6,SB5,50573,S25,Summer Season 2025,SM6,N
ddd0194c5c0b8477,"12, +",Garcia Velazquez,F,Julia,Julia Garcia Velazquez,,S6,SB6,53697,S25,Summer Season 2025,SM6,R-2026
b5ac3115ef6ea2bd,-,Gomez Sotelo,F,Ana del Rosario,Ana del Rosario Gomez Sotelo,,S7,SB6,66591,S25,Summer Season 2025,SM7,N
1a5116389a5151ab,"12, +",Gonzalez Andrade,M,Diego Alexander,Diego Alexander Gonzalez Andrade,,S8,SB8,39076,S25,Summer Season 2025,SM8,R-2026
dea8469628d30833,"A, 3, 5, 12, +",Gonzalez Chanes,F,Emilia Gabriela,Emilia Gabriela Gonzalez Chanes,,S8,SB7,31815,S25,Summer Season 2025,SM8,R-2026
5e24fe6ef08a5f09,"1, 3, 5",Gonzalez Gonzalez,F,Ximena,Ximena Gonzalez Gonzalez,,S9,SB8,34025,S25,Summer Season 2025,SM9,R-2025
23574b413345bb05,"A, 9",Gonzalez Guemez,F,Natalia Nicole,Natalia Nicole Gonzalez Guemez,,S8,SB7,31711,S25,Summer Season 2025,SM8,C
58bf633622c3c2a7,"A, Y, E, 7, 9",Gonzalez Ibarra,F,Leilani Itzel,Leilani Itzel Gonzalez Ibarra,,S5,SB4,55886,S25,Summer Season 2025,SM5,R-2026
2876222193fd6a09,"A, 12, +",Gonzalez Lopez,M,Cesar Jesus,Cesar Jesus Gonzalez Lopez,,S8,SB7,49356,S25,Summer Season 2025,SM8,R-2025
b36f47e770c6c6f2,-,Gonzalez Vazquez,F,Monserrat Concepcion,Monserrat Concepcion Gonzalez Vazquez,,S7,SB6,53297,S25,Summer Season 2025,SM7,N
28cab4e0de628140,-,Granados Rodriguez,F,Karina Guadalupe,Karina Guadalupe Granados Rodriguez,,S10,SB9,63573,S25,Summer Season 2025,SM10,N
1fb8f693dc3d919a,"T, B",Granillo Martin,F,Fernanda,Fernanda Granillo Martin,,S11,SB11,55888,S25,Summer Season 2025,SM11,C
8da15b0243bbc5c3,"T, B",Guevara Flores,F,Nahomy del Carmen,Nahomy del Carmen Guevara Flores,,S11,SB11,22718,S25,Summer Season 2025,SM11,C
c6709c2091b3c160,-,Guevara Montes,M,Nicolas,Nicolas Guevara Montes,,S6,SB5,63482,S25,Summer Season 2025,SM6,N
f8ab43aeee4103d2,-,Guevara Sanchez,F,Ivette Karina,Ivette Karina Guevara Sanchez,,S10,SB9,63737,S25,Summer Season 2025,SM10,N
99916c9018630272,"12, +",Gutierrez Bermudez,M,Jesus Alberto,Jesus Alberto Gutierrez Bermudez,,S6,SB6,49644,S25,Summer Season 2025,SM6,C
73725c354821315b,"12, +",Gutierrez Bermudez,M,Juan Jose,Juan Jose Gutierrez Bermudez,,S6,SB6,31834,S25,Summer Season 2025,SM6,C
be44626ca6b0c0fa,"12, +",Gutierrez Bermudez,M,Raul,Raul Gutierrez Bermudez,,S6,SB6,31836,S25,Summer Season 2025,SM6,C
39159a2ad4512448,-,Gutierrez Leon,M,Angel Fernando,Angel Fernando Gutierrez Leon,,S14,SB14,36055,S25,Summer Season 2025,SM14,C
7bc951e8c10ec247,-,Guzman Hernandez,M,Jose Angel,Jose Angel Guzman Hernandez,,S14,SB14,52600,S25,Summer Season 2025,SM14,C
fbbf67272f970f13,-,Guzman Ortiz,M,Sebastian,Sebastian Guzman Ortiz,,S10,SB9,49634,S25,Summer Season 2025,SM10,N
fed2227850ee2802,-,Guzman Sanchez,M,Julio Angel,Julio Angel Guzman Sanchez,,S9,SB9,53210,S25,Summer Season 2025,SM9,N
4c7483825e6f46fe,-,Hernandez Carmona,F,Rebeca,Rebeca Hernandez Carmona,,S14,SB14,52601,S25,Summer Season 2025,SM14,C
2b1ae1bad786b1e3,-,Hernandez Cruz,M,Carlos Enrique,Carlos Enrique Hernandez Cruz,,S14,SB14,60589,S25,Summer Season 2025,SM14,N
264f351a76be5560,"H, A, Y, E, 7",Hernandez Garcia,F,Yaretzi,Yaretzi Hernandez Garcia,,S6,SB6,61086,S25,Summer Season 2025,SM6,R-2027
ddd1d1ed2a6fab3c,"A, 1, 2, 4, 12",Hernandez Gaspar,F,Virginia,Virginia Hernandez Gaspar,,S4,SB3,3334,S25,Summer Season 2025,SM4,R
a9ec85f358730b28,"1, 3, 5",Hernandez Gonzalez,M,Jonathan Joel,Jonathan Joel Hernandez Gonzalez,,S9,SB8,53061,S25,Summer Season 2025,SM9,R-2027
5bc7f2b8be5155ff,"A, E, 3, 4, 12",Hernandez Hernandez,M,Jesus,Jesus Hernandez Hernandez,,S4,SB3,23455,S25,Summer Season 2025,SM4,C
6f120e760156c27f,-,Hernandez Lopez,M,Gerardo,Gerardo Hernandez Lopez,,S6,SB6,49526,S25,Summer Season 2025,SM6,N
0d565165b5982f87,-,Hernandez Mendoza,M,Fernando,Fernando Hernandez Mendoza,,S8,SB7,64218,S25,Summer Season 2025,SM8,N
48d2d3b2cde6ef07,"1, 3, 5",Hernandez Ramirez,M,Nestor,Nestor Hernandez Ramirez,,S9,SB9,31761,S25,Summer Season 2025,SM9,C
86ce380dd2b6a3e4,"H, A, Y, E",Hernandez Torres,F,Karina Amayrany,Karina Amayrany Hernandez Torres,,S5,N/A,15212,S25,Summer Season 2025,N/A,R-2026
6d78f53ba28449e4,-,Hernandez Zuniga,F,Geraldine,Geraldine Hernandez Zuniga,,S8,SB7,63873,S25,Summer Season 2025,SM8,N
0fd1400d8ab47ea5,-,Herrera Gonzalez,F,Valeria Angelina,Valeria Angelina Herrera Gonzalez,,S5,SB4,57253,S25,Summer Season 2025,SM5,N
231b5871bd66971f,-,Hipolito Caamal,M,Angel Salvador,Angel Salvador Hipolito Caamal,,S8,SB7,57530,S25,Summer Season 2025,SM8,N
dac5bf4001295ee2,8,Hoil Matos,F,Shaday Nicole,Shaday Nicole Hoil Matos,,S9,SB8,63430,S25,Summer Season 2025,SM9,R-2031
14d430b87b3efd91,-,Ibarra Ponce,F,Layla Samantha,Layla Samantha Ibarra Ponce,,S10,SB9,64186,S25,Summer Season 2025,SM10,N
e482694a865e8f18,"A, 12, +",Jimenez Garcia,F,Karen Lizeth,Karen Lizeth Jimenez Garcia,,S7,SB6,55891,S25,Summer Season 2025,SM7,R-2025
228d80b44f9b8f30,"3, 5",Jimenez Martinez,F,Diana Laura,Diana Laura Jimenez Martinez,,S10,SB9,54946,S25,Summer Season 2025,SM10,R
3d690a53842d31e1,"A, 3, 5, 12, +",Jimenez Pinedo,F,Alma Valentina,Alma Valentina Jimenez Pinedo,,S8,SB8,53114,S25,Summer Season 2025,SM8,R-2027
44fc8976aa4c65ed,"H, A, 3, 5, 12",Jimenez Rios,M,Emmanuel,Emmanuel Jimenez Rios,,S6,SB6,53363,S25,Summer Season 2025,SM6,R
460a86991a52d5bd,-,Larragoyti Paredes,F,Dussell Polleth,Dussell Polleth Larragoyti Paredes,,S12,SB12,63625,S25,Summer Season 2025,SM12,N
1b62d09283792498,"A, 1, 3, 4, 12, +",Lasso Cardenas,F,Penelope,Penelope Lasso Cardenas,,S6,SB6,62120,S25,Summer Season 2025,SM6,R-2029
ab4351338745100f,-,Lastra Padilla,M,Brian Jeksan,Brian Jeksan Lastra Padilla,,S3,SB2,40982,S25,Summer Season 2025,SM3,N
5ba1a5d1bdaa7dde,"T, B",Ledezma Delgado,M,Aldo Gael,Aldo Gael Ledezma Delgado,,S11,SB11,63624,S25,Summer Season 2025,SM11,R-2029
90ab1529ea39af15,-,Leura Vazquez,M,Sammuel Ramses,Sammuel Ramses Leura Vazquez,,S10,SB9,63872,S25,Summer Season 2025,SM10,N
bd3461643686e831,"3, 5, 12, +",Llamas Rios,M,Diego Jair,Diego Jair Llamas Rios,,S9,SB9,49745,S25,Summer Season 2025,SM9,R-2027
6a5ef5559f8d2dec,-,Lopez Alfaro,M,Cesar Joab,Cesar Joab Lopez Alfaro,,S6,SB6,56591,S25,Summer Season 2025,SM6,N
e823bf7f0fb2c7d5,"A, E",Lopez Cervantes,M,Jesus Rey,Jesus Rey Lopez Cervantes,,S2,N/A,10598,S25,Summer Season 2025,N/A,C
4eddcd639d9278f6,-,Lopez Coronado,M,Miguel Guadalupe,Miguel Guadalupe Lopez Coronado,,S9,SB8,36624,S25,Summer Season 2025,SM9,N
25cdcb20b5b0a885,"A, E, 3, 12",Lopez Diaz,M,Diego,Diego Lopez Diaz,,S3,SB2,23453,S25,Summer Season 2025,SM3,R-2027
fd3ae7e08db8dcd9,-,Lopez Garcia,M,Ariel Fernando,Ariel Fernando Lopez Garcia,,S8,SB8,62211,S25,Summer Season 2025,SM8,N
0d4df0be849ff210,"3, 5, 12, +",Lopez Gomez,F,Valeria Monserrat,Valeria Monserrat Lopez Gomez,,S6,SB6,19753,S25,Summer Season 2025,SM6,C
cd0565f7deb1b748,9,Lopez Moreno,F,Silvana,Silvana Lopez Moreno,,S10,SB9,40968,S25,Summer Season 2025,SM10,C
def4af7d2be2b869,T,Lopez Velazquez,M,Bruno,Bruno Lopez Velazquez,,S13,SB13,55094,S25,Summer Season 2025,SM13,R-2027
65cbbb1f1c16de78,"1, 3, 5",Loya Fimbres,M,Marvin Andrey,Marvin Andrey Loya Fimbres,,S8,SB8,53717,S25,Summer Season 2025,SM8,R-2026
4fd3c881bff76ec8,-,Lugo Ceja,M,Emiliano,Emiliano Lugo Ceja,,S4,SB3,31762,S25,Summer Season 2025,SM4,N
0b9366bad51416ed,T,Lugo Lugo,F,Rebeca Eloisa,Rebeca Eloisa Lugo Lugo,,S12,SB12,31712,S25,Summer Season 2025,SM12,R-2027
c5e4fd41b9e4772c,9,Luna Contreras,M,Irving,Irving Luna Contreras,,S9,SB8,53099,S25,Summer Season 2025,SM9,C
ee47e71b2b859b3f,-,Macedo Sanchez,F,Romina,Romina Macedo Sanchez,,S3,SB2,56641,S25,Summer Season 2025,SM3,N
5c498d53184bc488,-,Magana Vasquez,M,Diego Efrain,Diego Efrain Magana Vasquez,,S10,SB9,49727,S25,Summer Season 2025,SM10,N
a5c4f68bfa01d365,-,Maqueda Andrade,F,America Paulina,America Paulina Maqueda Andrade,,S14,SB14,49806,S25,Summer Season 2025,SM14,C
4afae7f0297dc4fa,-,Maqueda Andrade,F,Darianna Stephania,Darianna Stephania Maqueda Andrade,,S14,SB14,39145,S25,Summer Season 2025,SM14,C
676e38aabeaef5b1,-,Martinez Bracho,M,Luis Enrique,Luis Enrique Martinez Bracho,,S5,SB4,63529,S25,Summer Season 2025,SM5,N
3d6fd3a9d3a27a50,-,Martinez Herrera,M,Cruz David,Cruz David Martinez Herrera,,S10,SB9,63544,S25,Summer Season 2025,SM10,N
81129872895d43ab,-,Martinez Ramirez,M,Fernando,Fernando Martinez Ramirez,,S13,SB13,50574,S25,Summer Season 2025,SM13,R-2028
3be69d35b01c04e0,"A, E, 3, 4, 12",Martinez Soto,M,Ignacio Alejandro,Ignacio Alejandro Martinez Soto,,S3,SB2,8501,S25,Summer Season 2025,SM3,R-2026
8dc4b0f580f44e6a,"12, +",Martinez Valdes,M,Raul Alberto,Raul Alberto Martinez Valdes,,S6,SB6,23558,S25,Summer Season 2025,SM6,C
550ba3606b774783,-,Maynes Lopez,M,Adrian Eduardo,Adrian Eduardo Maynes Lopez,,S5,SB4,60740,S25,Summer Season 2025,SM5,N
bdf105b34e2fe651,"A, 3, 5, 12",Mendoza Gomez,M,Adbeel,Adbeel Mendoza Gomez,,S5,SB4,17622,S25,Summer Season 2025,SM5,R-2022
5642c5aa4426dcb7,-,Mendoza Murillo,F,Estefania,Estefania Mendoza Murillo,,S9,SB7,60432,S25,Summer Season 2025,SM8,N
df93eec40a55a40a,-,Mendoza Rodriguez,M,Abraham,Abraham Mendoza Rodriguez,,S6,SB5,63470,S25,Summer Season 2025,SM6,N
8871e986c5ea6d91,"A, 12, +",Mendoza Rodriguez,F,Karla Susana,Karla Susana Mendoza Rodriguez,,S5,SB5,49728,S25,Summer Season 2025,SM5,R-2028
3cb6de732be264cd,"A, E, 3, 12",Miranda Herrera,F,Nely Edith,Nely Edith Miranda Herrera,,S4,SB3,3585,S25,Summer Season 2025,SM4,R-2026
861a278e51dd171e,"A, 3, 5, 12, +",Montanez Duron,F,Natalia Haydee,Natalia Haydee Montanez Duron,,S8,SB8,31830,S25,Summer Season 2025,SM8,R-2024
63935aca6cc98386,-,Montoya Ortega,M,Julian Alberto,Julian Alberto Montoya Ortega,,S8,SB7,64644,S25,Summer Season 2025,SM8,N
5aee4889d2d0d622,-,Mora Castillo,M,Santiago Emiliano,Santiago Emiliano Mora Castillo,,S10,SB9,63538,S25,Summer Season 2025,SM10,N
bcf1efa40721f1a6,-,Morales Galvan,F,Karen Amelyn,Karen Amelyn Morales Galvan,,S14,SB14,53078,S25,Summer Season 2025,SM14,C
15696a3eb0240b35,-,Morales Grijalva,M,Diego Iram,Diego Iram Morales Grijalva,,S5,SB4,49630,S25,Summer Season 2025,SM5,N
23d143349257d50d,"A, 12",Morales Lopez,F,Ana Laura,Ana Laura Morales Lopez,,S4,SB3,31756,S25,Summer Season 2025,SM4,R-2027
f8ae41cc95a91ec6,-,Morales Morales,M,Erick Eduardo,Erick Eduardo Morales Morales,,S10,SB9,64214,S25,Summer Season 2025,SM10,N
b01cdb6d93675055,-,Moreno Enriquez,F,Yuridia Dolores,Yuridia Dolores Moreno Enriquez,,NE,NE,50758,S25,Summer Season 2025,NE,C
703847d76443ea7d,-,Moreno Melendez,M,David Alexander,David Alexander Moreno Melendez,,S7,SB6,62353,S25,Summer Season 2025,SM7,N
9f37b3c0d5139934,-,Moreno Melendez,M,Edison Francisco,Edison Francisco Moreno Melendez,,S6,SB5,62267,S25,Summer Season 2025,SM6,N
a2e0419f5beeb08f,-,Navarro Hernandez,F,Alejandra,Alejandra Navarro Hernandez,,S9,SB8,56584,S25,Summer Season 2025,SM9,N
48aca66c99d5c8cd,-,Nolasco Preciado,M,Okani Patricio,Okani Patricio Nolasco Preciado,,S9,SB8,54904,S25,Summer Season 2025,SM9,N
97a3c63fb0d5c1d8,-,Oliva Silva,M,Jared Isai,Jared Isai Oliva Silva,,S8,SB7,63523,S25,Summer Season 2025,SM8,N
49e561751f186a84,"A, 3, 4, 12, +",Olmos Mendoza,F,Sofia Eloisa,Sofia Eloisa Olmos Mendoza,,S6,SB5,3835,S25,Summer Season 2025,SM6,C
ffd2e8e5df8716a5,"*, 12, +",Ortega Bolanos,M,Irving Jonathan,Irving Jonathan Ortega Bolanos,,S9,SB8,19848,S25,Summer Season 2025,SM9,R
9a235acad5e8aee0,-,Ortega Martinez,F,Mariana Lizeth,Mariana Lizeth Ortega Martinez,,S8,SB8,52722,S25,Summer Season 2025,SM8,R-2026
15cb354ed2a67314,"12, +",Ortiz Mendez,F,Naomi Alejandra,Naomi Alejandra Ortiz Mendez,,S7,SB7,57157,S25,Summer Season 2025,SM7,R-2026
c03dac71fb776980,"12, +",Ortiz Velazquez,F,Martha Fernanda,Martha Fernanda Ortiz Velazquez,,NE,SB9,52664,S25,Summer Season 2025,NE,C
3fa78b027846c1fa,"*, A, 12",Osorio Salazar,M,Omar,Omar Osorio Salazar,,S5,SB4,3703,S25,Summer Season 2025,SM5,C
3356d341516efd49,-,Paz Vazquez,F,Maria Fernanda,Maria Fernanda Paz Vazquez,,S8,SB7,57251,S25,Summer Season 2025,SM8,N
4798d56e4c8e243e,"A, Y, E, 7",Pedroza Alvarado,M,Hector Alejandro,Hector Alejandro Pedroza Alvarado,,S6,SB6,39077,S25,Summer Season 2025,SM6,C
8681995abd256b61,9,Perez Jimenez,M,Yahir Alejandro,Yahir Alejandro Perez Jimenez,,S10,SB8,31758,S25,Summer Season 2025,SM10,C
66f8b7beb46a3a2e,"A, Y, E",Perez Mejia,F,Dayana Guadalupe,Dayana Guadalupe Perez Mejia,,S2,N/A,56501,S25,Summer Season 2025,N/A,R-2027
1f5fa0db7c002bf8,"A, Y, E, 3, 4, 12, +",Perez Pellicer,F,Camila,Camila Perez Pellicer,,S8,SB7,49729,S25,Summer Season 2025,SM8,R-2026
0f3415a7004cc5ad,"12, +",Pichardo Alatorre,M,Moises Sergio,Moises Sergio Pichardo Alatorre,,S9,SB8,39587,S25,Summer Season 2025,SM9,R-2027
8b0f407f2dc27897,-,Pintor Castillo,F,Ilse Elizabeth,Ilse Elizabeth Pintor Castillo,,S6,SB6,62187,S25,Summer Season 2025,SM6,N
af08e7d9434140e0,-,Plascencia Villalobos,M,Antonio Valentin,Antonio Valentin Plascencia Villalobos,,S7,SB6,60444,S25,Summer Season 2025,SM7,N
ec9090661244fc2f,"A, 1, 3, 5, 12, +",Puente Torres,F,Lorena Elizabeth,Lorena Elizabeth Puente Torres,,S7,SB7,31825,S25,Summer Season 2025,SM7,R-2026
9e07540b738df077,-,Ramirez Caballero,F,Lizbeth,Lizbeth Ramirez Caballero,,S10,SB9,56034,S25,Summer Season 2025,SM10,N
c77b3acf6e70bd35,-,Ramirez Garcia,F,Maricarmen,Maricarmen Ramirez Garcia,,S5,SB4,57252,S25,Summer Season 2025,SM5,N
f7812a32f7cd42b1,"A, 12",Ramirez Lopez,M,Edgar Eduardo,Edgar Eduardo Ramirez Lopez,,S5,SB4,40915,S25,Summer Season 2025,SM5,C
76a0ecd02d956658,"A, Y, E, 7, 12, +",Ramirez Martinez,F,Fabiola,Fabiola Ramirez Martinez,,S2,SB2,3448,S25,Summer Season 2025,SM2,C
a5a0d213b8cdc2d3,-,Ramirez Romero,M,Charly Ignacio,Charly Ignacio Ramirez Romero,,S6,SB5,53064,S25,Summer Season 2025,SM6,N
17390cc3c0341ec8,12,Rangel Haro,M,Pedro,Pedro Rangel Haro,,S6,SB5,4484,S25,Summer Season 2025,SM6,C
3cfa80100c3537d1,"A, 2, 4, 12, +",Rangel Lopez,M,Ruben David,Ruben David Rangel Lopez,,S6,SB6,51128,S25,Summer Season 2025,SM6,R-2027
c764cae74121e955,-,Rascon Ochoa,F,Rosa Isela,Rosa Isela Rascon Ochoa,,S4,SB3,55077,S25,Summer Season 2025,SM4,N
c6590ccfebb926e0,-,Resendiz Martinez,F,Joseline,Joseline Resendiz Martinez,,S8,SB8,64645,S25,Summer Season 2025,SM8,N
3dd3dd415c9855f9,-,Reyes Hampl,F,Ximena,Ximena Reyes Hampl,,S5,SB5,63489,S25,Summer Season 2025,SM5,N
68ef0bbecc4af8f3,-,Reynoso Ramirez,M,Angel Abraham,Angel Abraham Reynoso Ramirez,,S9,SB9,60420,S25,Summer Season 2025,SM9,N
1e261a8b53f656bb,"12, +",Rhea Cruz,M,Ari Omar,Ari Omar Rhea Cruz,,S10,SB9,31811,S25,Summer Season 2025,SM10,R-2027
2eda036c0274ad2e,"A, 12, +",Rincon Magdaleno,M,Jesus Silvestre,Jesus Silvestre Rincon Magdaleno,,S7,SB6,49357,S25,Summer Season 2025,SM7,R-2027
86780499c64fc9ae,-,Rios Garcia,F,Mitzi Stephania,Mitzi Stephania Rios Garcia,,S14,SB14,36655,S25,Summer Season 2025,SM14,R-2026
a3dd684b22679701,"A, 12",Robles Gonzalez,F,Yarely,Yarely Robles Gonzalez,,S7,SB7,56652,S25,Summer Season 2025,SM7,R-2026
e12a9808cad3c3b8,"A, 4, 12, +",Rocha Hernandez,M,Carlos Alejandro,Carlos Alejandro Rocha Hernandez,,S6,SB5,31759,S25,Summer Season 2025,SM6,R
b378d38c98a5c483,"A, 3, 7, 12, +",Rodriguez Aguayo,M,Valentin,Valentin Rodriguez Aguayo,,S3,SB2,59099,S25,Summer Season 2025,SM3,R-2028
078e2299f7f8fc3d,-,Rodriguez Dorantes,M,Juan Luis,Juan Luis Rodriguez Dorantes,,S5,SB4,63736,S25,Summer Season 2025,SM5,N
a38828fd8517df51,-,Rodriguez Guerrero,M,Luis Angel,Luis Angel Rodriguez Guerrero,,S10,SB9,60434,S25,Summer Season 2025,SM10,N
04f407a94895df3a,T,Rodriguez Suarez,M,Jean Karol,Jean Karol Rodriguez Suarez,,S12,SB12,60439,S25,Summer Season 2025,SM12,R-2026
35f249c494eef380,"A, Y, E, 7, 12, +",Rodriguez Villarruel,F,Liliana Elizabeth,Liliana Elizabeth Rodriguez Villarruel,,S3,SB2,56360,S25,Summer Season 2025,SM3,R-2027
c7278c1002090227,"*, A, 12",Romero Porras,M,Humberto Origenes,Humberto Origenes Romero Porras,,S6,SB5,17587,S25,Summer Season 2025,N/A,C
1186cc428d1c4901,-,Romero Quezada,F,Lucia Guadalupe,Lucia Guadalupe Romero Quezada,,S5,SB4,62212,S25,Summer Season 2025,SM5,N
09aa91b5863bcede,"1, 3, 5",Romero Velazquez,M,Octavio,Octavio Romero Velazquez,,S9,SB9,31766,S25,Summer Season 2025,SM9,C
60f5db0604f40a5a,"A, 12",Rosas Genis,M,Juan Pablo,Juan Pablo Rosas Genis,,S7,SB6,52777,S25,Summer Season 2025,SM7,R-2026
f6687108183dac89,-,Ruiz Ascencio,M,Juan Antonio,Juan Antonio Ruiz Ascencio,,S14,SB14,50533,S25,Summer Season 2025,SM14,C
c76f1592bc8a9a55,-,Ruiz Bonilla,F,Vianey Idai,Vianey Idai Ruiz Bonilla,,S11,SB11,60438,S25,Summer Season 2025,SM11,R-2028
c0fa1ce5775735a9,"A, 12",Ruiz Sierra,M,Jesus,Jesus Ruiz Sierra,,S5,SB4,39079,S25,Summer Season 2025,SM5,C
870f2ce5f6a703ce,"A, 12, +",Ruvalcaba Nunez,F,Paola Lizette,Paola Lizette Ruvalcaba Nunez,,S8,SB7,19735,S25,Summer Season 2025,SM8,C
f62c9cc240a3f47a,"*, 6, 12, +",Sagrero Leon,M,Nestor Vladimir,Nestor Vladimir Sagrero Leon,,S9,SB9,9169,S25,Summer Season 2025,SM9,R
99688abfc8bfb876,-,Salas Aguilar,M,Angel Manuel,Angel Manuel Salas Aguilar,,S1,SB2,63487,S25,Summer Season 2025,SM1,N
ed2567e1b7b6270b,-,Salazar Pacheco,M,Sergio Romeo,Sergio Romeo Salazar Pacheco,,S5,SB4,64651,S25,Summer Season 2025,SM5,N
8fd1d38c5868bd7f,-,Salinas Rojas,F,Citli Siloe,Citli Siloe Salinas Rojas,,S14,SB14,50586,S25,Summer Season 2025,SM14,C
8fd47ceba2168c2c,-,Sanchez Juarez,F,Liliana,Liliana Sanchez Juarez,,S7,SB6,63560,S25,Summer Season 2025,SM7,N
7b6540733be74381,"A, 1, 3, 5, 12, +",Sanchez Martinez,M,Gustavo Ramon,Gustavo Ramon Sanchez Martinez,,S4,SB3,3870,S25,Summer Season 2025,SM4,C
76ab58376fa510df,-,Sanchez Osuna,F,Abril Victoria,Abril Victoria Sanchez Osuna,,S10,SB9,63490,S25,Summer Season 2025,SM10,N
a11f55eefae893e5,-,Sanchez Ramirez,F,Gabriela,Gabriela Sanchez Ramirez,,S10,SB9,63478,S25,Summer Season 2025,SM10,N
503a17a13fd39409,"A, 1, 2, 4, 12, +",Sandoval Hernandez,F,Karla Michel,Karla Michel Sandoval Hernandez,,S5,SB4,53116,S25,Summer Season 2025,SM5,R-2025
4e7556557bbcd783,-,Sandoval Palomera,M,Angel Gabriel,Angel Gabriel Sandoval Palomera,,S6,SB6,63694,S25,Summer Season 2025,SM6,N
f3ec54daa9fe0d75,"A, 3, 4, 12, +",Santoyo Catalan,F,Carlota,Carlota Santoyo Catalan,,S8,SB8,54144,S25,Summer Season 2025,SM8,R-2027
3d5b0b7b865b276f,A,Solache Villegas,F,Atzimba Yunuen,Atzimba Yunuen Solache Villegas,,S8,SB7,63771,S25,Summer Season 2025,SM8,R-2027
010f6a01b79bd2a8,"A, 12",Solorio Cuevas,F,Ibeth,Ibeth Solorio Cuevas,,S5,SB4,57249,S25,Summer Season 2025,SM5,C
56cb67c1d18c39e0,"3, 5, 12, +",Somellera Mandujano,F,Naomi,Naomi Somellera Mandujano,,S7,SB7,19698,S25,Summer Season 2025,SM7,C
effa59885ca46c0e,"A, 12, +",Sosa Gamboa,F,Goretti del Carmen,Goretti del Carmen Sosa Gamboa,,S8,SB7,50576,S25,Summer Season 2025,SM8,R
e85fd2c8d8e8b69c,-,Tellez Gomez,F,Maria Jazmin,Maria Jazmin Tellez Gomez,,S10,SB9,53098,S25,Summer Season 2025,SM10,R-2028
ea3eaf05e4ec8849,"1, 3, 5",Torres Claudio,F,Diana Maria,Diana Maria Torres Claudio,,S9,SB9,53131,S25,Summer Season 2025,SM9,R-2027
6dee3486c58b541f,-,Tovar Brailovsky,F,Nicole,Nicole Tovar Brailovsky,,S10,SB9,34026,S25,Summer Season 2025,SM10,N
97c9565add00e29a,"A, 1, 3, 5, 12, +",Trejo Delgadillo,F,Vianney Marlen,Vianney Marlen Trejo Delgadillo,,S6,SB5,4226,S25,Summer Season 2025,SM6,C
a5b8b2e73ec7ae4b,"12, +",Trithard Godfroy Ramis,M,Jean Paul Bernard,Jean Paul Bernard Trithard Godfroy Ramis,,S10,SB9,54860,S25,Summer Season 2025,SM10,R-2026
95ac3c885f412e01,"A, Y, E, 7, 12, +",Tronco Sanchez,M,Cristopher Gregorio,Cristopher Gregorio Tronco Sanchez,,S2,SB2,3456,S25,Summer Season 2025,SM2,C
765013e6b6584841,-,Urcelay Avila,M,Nicolas de Jesus,Nicolas de Jesus Urcelay Avila,,S9,SB9,63627,S25,Summer Season 2025,SM9,N
cfe2c15a47233344,"A, Y, E, 7, 12, +",Urzua Ochoa,F,Adriana Lorena,Adriana Lorena Urzua Ochoa,,S3,SB3,40919,S25,Summer Season 2025,SM3,R-2024
ac59931b8817a85a,"A, Y, E, 7, 12",Valdez Catalan,M,Azariel,Azariel Valdez Catalan,,S3,SB2,31832,S25,Summer Season 2025,SM3,R-2024
3aa5516824ba53ed,-,Valencia Marin,M,Joaquin Alberto,Joaquin Alberto Valencia Marin,,S8,SB8,36029,S25,Summer Season 2025,SM8,N
3eb0e01aab856bcf,"A, 1, 3, 5, 12",Valle Benitez,F,Patricia,Patricia Valle Benitez,,S3,SB3,3489,S25,Summer Season 2025,SM3,C
58d5a7fe0494c89a,"A, 12, +",Vazquez Guzman,M,Saulo Andre,Saulo Andre Vazquez Guzman,,S9,SB8,53115,S25,Summer Season 2025,SM9,R-2028
1698c42f57531280,"A, 3, 5, 12, +",Vazquez Mejia,F,Nesbith Marlene,Nesbith Marlene Vazquez Mejia,,S7,SB7,20208,S25,Summer Season 2025,SM7,R-2029
7e6359f5d0d0bdc4,-,Vicente Garcia,F,Ana Lucia,Ana Lucia Vicente Garcia,,S8,SB8,62209,S25,Summer Season 2025,SM8,N
5c3219335d6fca5f,"12, +",Vicuna Zarate,M,Santiago Sebastian,Santiago Sebastian Vicuna Zarate,,S9,SB9,53208,S25,Summer Season 2025,SM9,R-2029
2544e3f6b40e3dd9,-,Villabeytia Cen,F,Jaylu Guadalupe,Jaylu Guadalupe Villabeytia Cen,,S5,SB4,60435,S25,Summer Season 2025,SM5,N
99c5910624ebe510,-,Villalobos Chavez,M,Sebastian,Sebastian Villalobos Chavez,,S7,SB6,65525,S25,Summer Season 2025,SM7,N
43202da21ab698d8,-,Villalvazo Hernandez,F,Diana Ailyn,Diana Ailyn Villalvazo Hernandez,,S8,SB7,65287,S25,Summer Season 2025,SM8,N
834af347305400a6,"A, 12, +",Villarreal Perez,M,Jose de Jesus,Jose de Jesus Villarreal Perez,,S7,SB5,19866,S25,Summer Season 2025,SM7,C
f9d112f7493fc923,-,Villegas Perez,F,Inci Belen Wendoli,Inci Belen Wendoli Villegas Perez,,S7,SB7,54899,S25,Summer Season 2025,SM7,N
2cf64b92cf23d971,-,Vudoyra Rodea,F,Maria Beatriz Mercedes,Maria Beatriz Mercedes Vudoyra Rodea,,S2,SB1,60587,S25,Summer Season 2025,SM2,N
15071bf28599bf45,"*, A, 12, +",Zarate Mayen,M,Alejandro,Alejandro Zarate Mayen,,S8,SB7,29483,S25,Summer Season 2025,SM8,R-2027
076c32fef86158ac,-,Zarate Pena,M,Javier Amado,Javier Amado Zarate Pena,,S6,SB5,57250,S25,Summer Season 2025,SM6,N
dbb31f1a1b491f0d,"A, Y, E, 3, 4, 12",Zarate Rodriguez,M,Marcos Rafael,Marcos Rafael Zarate Rodriguez,,S3,SB2,31816,S25,Summer Season 2025,SM3,R-2029
e1ade731b9f8970a,-,Zavala Garcia,F,Andrea Montserrat,Andrea Montserrat Zavala Garcia,,S8,SB7,58979,S25,Summer Season 2025,SM8,N
